Time,Speed_kmh,TargetHeight,ActualHeight_FL,AirForce_FL,CDCForce_FL,Current_FL,BodyAcc,BodyVel,FlowRate_FL,Stiffness_FL,AirDamping_FL
0,0,0,0,4913.53,383.97,0,0,0.188496,0,37922.3,2641.68
0.001,0,0,0.000188494,4921.84,383.963,0,0,0.188492,0,38007.3,2647.84
0.002,0,0,0.000376981,4930.15,383.94,0,0,0.188481,0,38092.6,2654.02
0.003,0,0,0.000565453,4938.46,383.902,0,0,0.188462,0,38178.1,2660.22
0.004,0,0,0.000753903,4946.77,383.849,0,0,0.188436,0,38264,2666.44
0.005,0,0,0.000942323,4955.08,383.781,0,0,0.188403,0,38350.1,2672.68
0.006,0,0,0.00113071,4963.39,383.698,0,0,0.188362,0,38436.4,2678.94
0.007,0,0,0.00131904,4971.69,383.599,0,0,0.188313,0,38523,2685.22
0.008,0,0,0.00150733,4980,383.486,0,0,0.188257,0,38609.9,2691.51
0.009,0,0,0.00169556,4988.3,383.357,0,0,0.188194,0,38697,2697.83
0.01,0,0,0.00188372,4996.6,383.213,0,0,0.188124,0,38784.4,2704.17
0.011,0,0,0.0020718,5004.9,383.054,0,0,0.188046,0,38872,2710.52
0.012,0,0,0.0022598,5013.2,382.88,0,0,0.18796,0,38959.9,2716.89
0.013,0,0,0.00244772,5021.49,382.691,0,0,0.187867,0,39048,2723.28
0.014,0,0,0.00263554,5029.78,382.487,0,0,0.187767,0,39136.4,2729.69
0.015,0,0,0.00282325,5038.06,382.267,0,0,0.187659,0,39225,2736.12
0.016,0,0,0.00301085,5046.34,382.033,0,0,0.187544,0,39313.8,2742.56
0.017,0,0,0.00319833,5054.61,381.783,0,0,0.187421,0,39402.9,2749.03
0.018,0,0,0.00338569,5062.87,381.519,0,0,0.187291,0,39492.2,2755.51
0.019,0,0,0.00357291,5071.13,381.239,0,0,0.187154,0,39581.7,2762
0.02,0,0,0.00376,5079.39,380.945,0,0,0.187009,0,39671.5,2768.51
0.021,0,0,0.00394693,5087.63,380.635,0,0,0.186857,0,39761.5,2775.04
0.022,0,0,0.00413371,5095.87,380.31,0,0,0.186698,0,39851.7,2781.59
0.023,0,0,0.00432032,5104.1,379.971,0,0,0.186531,0,39942.1,2788.15
0.024,0,0,0.00450677,5112.32,379.616,0,0,0.186356,0,40032.8,2794.73
0.025,0,0,0.00469303,5120.54,379.246,0,0,0.186175,0,40123.6,2801.32
0.026,0,0,0.00487911,5128.74,378.862,0,0,0.185986,0,40214.7,2807.93
0.027,0,0,0.005065,5136.93,378.462,0,0,0.18579,0,40305.9,2814.56
0.028,0,0,0.00525069,5145.11,378.048,0,0,0.185586,0,40397.4,2821.2
0.029,0,0,0.00543617,5153.29,377.618,0,0,0.185375,0,40489,2827.85
0.03,0,0,0.00562144,5161.45,377.174,0,0,0.185157,0,40580.9,2834.52
0.031,0,0,0.00580648,5169.59,376.715,0,0,0.184931,0,40672.9,2841.2
0.032,0,0,0.0059913,5177.73,376.241,0,0,0.184698,0,40765.2,2847.9
0.033,0,0,0.00617588,5185.85,375.752,0,0,0.184458,0,40857.6,2854.61
0.034,0,0,0.00636021,5193.96,375.248,0,0,0.184211,0,40950.2,2861.34
0.035,0,0,0.0065443,5202.06,374.73,0,0,0.183956,0,41043,2868.07
0.036,0,0,0.00672812,5210.14,374.196,0,0,0.183694,0,41135.9,2874.83
0.037,0,0,0.00691168,5218.21,373.648,0,0,0.183425,0,41229,2881.59
0.038,0,0,0.00709497,5226.26,373.086,0,0,0.183148,0,41322.3,2888.37
0.039,0,0,0.00727798,5234.29,372.508,0,0,0.182865,0,41415.8,2895.15
0.04,0,0,0.0074607,5242.31,371.916,0,0,0.182574,0,41509.4,2901.95
0.041,0,0,0.00764312,5250.32,371.309,0,0,0.182275,0,41603.1,2908.77
0.042,0,0,0.00782525,5258.3,370.687,0,0,0.18197,0,41697,2915.59
0.043,0,0,0.00800706,5266.27,370.051,0,0,0.181658,0,41791.1,2922.42
0.044,0,0,0.00818856,5274.22,369.401,0,0,0.181338,0,41885.3,2929.27
0.045,0,0,0.00836973,5282.15,368.735,0,0,0.181011,0,41979.6,2936.12
0.046,0,0,0.00855058,5290.06,368.055,0,0,0.180677,0,42074.1,2942.99
0.047,0,0,0.00873109,5297.95,367.361,0,0,0.180336,0,42168.7,2949.87
0.048,0,0,0.00891125,5305.82,366.652,0,0,0.179988,0,42263.4,2956.75
0.049,0,0,0.00909106,5313.67,365.929,0,0,0.179632,0,42358.3,2963.65
0.05,0,0,0.00927051,5321.5,365.191,0,0,0.17927,0,42453.3,2970.55
0.051,0,0,0.0094496,5329.31,364.439,0,0,0.1789,0,42548.4,2977.46
0.052,0,0,0.00962831,5337.09,363.672,0,0,0.178524,0,42643.5,2984.38
0.053,0,0,0.00980664,5344.85,362.891,0,0,0.17814,0,42738.8,2991.31
0.054,0,0,0.00998459,5352.59,362.096,0,0,0.17775,0,42834.2,2998.25
0.055,0,0,0.0101621,5360.3,361.287,0,0,0.177352,0,42929.7,3005.19
0.056,0,0,0.0103393,5367.99,360.463,0,0,0.176947,0,43025.3,3012.14
0.057,0,0,0.010516,5375.65,359.625,0,0,0.176535,0,43121,3019.1
0.058,0,0,0.0106924,5383.29,358.773,0,0,0.176117,0,43216.7,3026.07
0.059,0,0,0.0108683,5390.91,357.907,0,0,0.175691,0,43312.6,3033.04
0.06,0,0,0.0110437,5398.49,357.026,0,0,0.175259,0,43408.5,3040.01
0.061,0,0,0.0112188,5406.05,356.132,0,0,0.174819,0,43504.5,3046.99
0.062,0,0,0.0113934,5413.58,355.223,0,0,0.174373,0,43600.5,3053.98
0.063,0,0,0.0115675,5421.08,354.301,0,0,0.17392,0,43696.6,3060.97
0.064,0,0,0.0117412,5428.55,353.364,0,0,0.17346,0,43792.7,3067.97
0.065,0,0,0.0119144,5436,352.414,0,0,0.172993,0,43888.9,3074.97
0.066,0,0,0.0120872,5443.41,351.449,0,0,0.172519,0,43985.2,3081.97
0.067,0,0,0.0122595,5450.79,350.471,0,0,0.172038,0,44081.4,3088.98
0.068,0,0,0.0124313,5458.15,349.479,0,0,0.171551,0,44177.8,3095.98
0.069,0,0,0.0126026,5465.47,348.473,0,0,0.171057,0,44274.1,3103
0.07,0,0,0.0127734,5472.75,347.453,0,0,0.170556,0,44370.4,3110.01
0.071,0,0,0.0129437,5480.01,346.42,0,0,0.170048,0,44466.8,3117.02
0.072,0,0,0.0131135,5487.23,345.373,0,0,0.169534,0,44563.2,3124.04
0.073,0,0,0.0132827,5494.42,344.312,0,0,0.169013,0,44659.6,3131.06
0.074,0,0,0.0134515,5501.57,343.238,0,0,0.168485,0,44756,3138.08
0.075,0,0,0.0136197,5508.69,342.151,0,0,0.167951,0,44852.4,3145.09
0.076,0,0,0.0137874,5515.78,341.049,0,0,0.16741,0,44948.8,3152.11
0.077,0,0,0.0139545,5522.82,339.935,0,0,0.166862,0,45045.2,3159.13
0.078,0,0,0.0141211,5529.84,338.807,0,0,0.166308,0,45141.5,3166.15
0.079,0,0,0.0142871,5536.81,337.665,0,0,0.165747,0,45237.8,3173.16
0.08,0,0,0.0144526,5543.75,336.51,0,0,0.16518,0,45334.1,3180.17
0.081,0,0,0.0146175,5550.64,335.342,0,0,0.164606,0,45430.4,3187.18
0.082,0,0,0.0147818,5557.5,334.161,0,0,0.164026,0,45526.6,3194.19
0.083,0,0,0.0149456,5564.32,332.967,0,0,0.163439,0,45622.8,3201.2
0.084,0,0,0.0151087,5571.1,331.759,0,0,0.162846,0,45718.9,3208.2
0.085,0,0,0.0152712,5577.84,330.538,0,0,0.162246,0,45815,3215.19
0.086,0,0,0.0154332,5584.54,329.305,0,0,0.16164,0,45910.9,3222.19
0.087,0,0,0.0155945,5591.2,328.058,0,0,0.161028,0,46006.9,3229.18
0.088,0,0,0.0157552,5597.81,326.798,0,0,0.160409,0,46102.7,3236.16
0.089,0,0,0.0159153,5604.39,325.526,0,0,0.159784,0,46198.4,3243.13
0.09,0,0,0.0160748,5610.92,324.241,0,0,0.159152,0,46294.1,3250.11
0.091,0,0,0.0162336,5617.4,322.942,0,0,0.158514,0,46389.7,3257.07
0.092,0,0,0.0163918,5623.84,321.631,0,0,0.15787,0,46485.1,3264.03
0.093,0,0,0.0165494,5630.24,320.308,0,0,0.15722,0,46580.5,3270.98
0.094,0,0,0.0167063,5636.59,318.972,0,0,0.156564,0,46675.7,3277.92
0.095,0,0,0.0168625,5642.89,317.623,0,0,0.155901,0,46770.9,3284.85
0.096,0,0,0.0170181,5649.15,316.262,0,0,0.155232,0,46865.9,3291.78
0.097,0,0,0.017173,5655.36,314.888,0,0,0.154557,0,46960.7,3298.69
0.098,0,0,0.0173272,5661.53,313.502,0,0,0.153876,0,47055.5,3305.6
0.099,0,0,0.0174807,5667.64,312.103,0,0,0.153189,0,47150,3312.49
0.1,0,0,0.0176336,5673.71,310.692,0,0,0.152496,0,47244.5,3319.38
0.101,0,0,0.0177857,5679.73,309.269,0,0,0.151797,0,47338.7,3326.25
0.102,0,0,0.0179371,5685.7,307.834,0,0,0.151092,0,47432.8,3333.11
0.103,0,0,0.0180879,5691.62,306.386,0,0,0.150381,0,47526.8,3339.96
0.104,0,0,0.0182379,5697.48,304.927,0,0,0.149664,0,47620.5,3346.8
0.105,0,0,0.0183872,5703.3,303.455,0,0,0.148941,0,47714.1,3353.62
0.106,0,0,0.0185358,5709.06,301.971,0,0,0.148212,0,47807.5,3360.43
0.107,0,0,0.0186836,5714.78,300.476,0,0,0.147477,0,47900.7,3367.23
0.108,0,0,0.0188307,5720.44,298.969,0,0,0.146737,0,47993.6,3374.01
0.109,0,0,0.0189771,5726.04,297.45,0,0,0.14599,0,48086.4,3380.77
0.11,0,0,0.0191227,5731.59,295.919,0,0,0.145238,0,48179,3387.53
0.111,0,0,0.0192676,5737.09,294.376,0,0,0.144481,0,48271.3,3394.26
0.112,0,0,0.0194117,5742.53,292.822,0,0,0.143717,0,48363.4,3400.98
0.113,0,0,0.019555,5747.92,291.256,0,0,0.142948,0,48455.2,3407.68
0.114,0,0,0.0196976,5753.25,289.679,0,0,0.142173,0,48546.8,3414.37
0.115,0,0,0.0198394,5758.53,288.091,0,0,0.141393,0,48638.2,3421.03
0.116,0,0,0.0199804,5763.74,286.491,0,0,0.140607,0,48729.3,3427.68
0.117,0,0,0.0201206,5768.9,284.879,0,0,0.139815,0,48820.1,3434.31
0.118,0,0,0.02026,5774.01,283.257,0,0,0.139018,0,48910.7,3440.92
0.119,0,0,0.0203986,5779.05,281.623,0,0,0.138215,0,49001,3447.51
0.12,0,0,0.0205364,5784.03,279.978,0,0,0.137407,0,49091,3454.07
0.121,0,0,0.0206734,5788.96,278.323,0,0,0.136594,0,49180.7,3460.62
0.122,0,0,0.0208096,5793.82,276.656,0,0,0.135775,0,49270.1,3467.15
0.123,0,0,0.020945,5798.63,274.978,0,0,0.134951,0,49359.2,3473.65
0.124,0,0,0.0210795,5803.37,273.29,0,0,0.134121,0,49448,3480.13
0.125,0,0,0.0212132,5808.06,271.59,0,0,0.133286,0,49536.5,3486.59
0.126,0,0,0.0213461,5812.68,269.88,0,0,0.132446,0,49624.6,3493.03
0.127,0,0,0.0214781,5817.24,268.16,0,0,0.131601,0,49712.4,3499.44
0.128,0,0,0.0216093,5821.73,266.428,0,0,0.130751,0,49799.9,3505.82
0.129,0,0,0.0217396,5826.17,264.687,0,0,0.129895,0,49887,3512.18
0.13,0,0,0.0218691,5830.53,262.934,0,0,0.129034,0,49973.8,3518.52
0.131,0,0,0.0219977,5834.84,261.172,0,0,0.128168,0,50060.2,3524.83
0.132,0,0,0.0221254,5839.08,259.399,0,0,0.127297,0,50146.2,3531.11
0.133,0,0,0.0222523,5843.26,257.616,0,0,0.126421,0,50231.9,3537.36
0.134,0,0,0.0223782,5847.37,255.823,0,0,0.12554,0,50317.2,3543.59
0.135,0,0,0.0225033,5851.41,254.019,0,0,0.124654,0,50402,3549.79
0.136,0,0,0.0226275,5855.39,252.206,0,0,0.123763,0,50486.5,3555.96
0.137,0,0,0.0227509,5859.3,250.383,0,0,0.122868,0,50570.6,3562.1
0.138,0,0,0.0228733,5863.14,248.55,0,0,0.121967,0,50654.3,3568.21
0.139,0,0,0.0229948,5866.92,246.707,0,0,0.121062,0,50737.5,3574.29
0.14,0,0,0.0231154,5870.63,244.854,0,0,0.120152,0,50820.3,3580.34
0.141,0,0,0.0232351,5874.27,242.992,0,0,0.119237,0,50902.7,3586.36
0.142,0,0,0.0233539,5877.84,241.12,0,0,0.118317,0,50984.7,3592.35
0.143,0,0,0.0234717,5881.34,239.238,0,0,0.117393,0,51066.2,3598.3
0.144,0,0,0.0235887,5884.78,237.347,0,0,0.116464,0,51147.2,3604.22
0.145,0,0,0.0237047,5888.14,235.447,0,0,0.11553,0,51227.8,3610.11
0.146,0,0,0.0238197,5891.43,233.537,0,0,0.114592,0,51307.9,3615.96
0.147,0,0,0.0239338,5894.66,231.619,0,0,0.11365,0,51387.5,3621.78
0.148,0,0,0.024047,5897.81,229.691,0,0,0.112702,0,51466.7,3627.57
0.149,0,0,0.0241592,5900.89,227.754,0,0,0.111751,0,51545.4,3633.31
0.15,0,0,0.0242705,5903.9,225.808,0,0,0.110795,0,51623.5,3639.03
0.151,0,0,0.0243808,5906.83,223.853,0,0,0.109835,0,51701.2,3644.7
0.152,0,0,0.0244902,5909.7,221.89,0,0,0.10887,0,51778.3,3650.34
0.153,0,0,0.0245986,5912.49,219.917,0,0,0.107901,0,51855,3655.94
0.154,0,0,0.024706,5915.21,217.936,0,0,0.106928,0,51931.1,3661.5
0.155,0,0,0.0248124,5917.85,215.947,0,0,0.10595,0,52006.7,3667.03
0.156,0,0,0.0249179,5920.43,213.948,0,0,0.104969,0,52081.7,3672.51
0.157,0,0,0.0250224,5922.92,211.942,0,0,0.103983,0,52156.2,3677.96
0.158,0,0,0.0251258,5925.35,209.927,0,0,0.102993,0,52230.1,3683.36
0.159,0,0,0.0252283,5927.7,207.904,0,0,0.101999,0,52303.5,3688.73
0.16,0,0,0.0253298,5929.97,205.872,0,0,0.101001,0,52376.3,3694.05
0.161,0,0,0.0254303,5932.17,203.833,0,0,0.099999,0,52448.6,3699.33
0.162,0,0,0.0255298,5934.29,201.785,0,0,0.0989931,0,52520.3,3704.57
0.163,0,0,0.0256283,5936.34,199.73,0,0,0.0979833,0,52591.3,3709.77
0.164,0,0,0.0257258,5938.31,197.666,0,0,0.0969696,0,52661.8,3714.92
0.165,0,0,0.0258223,5940.21,195.595,0,0,0.095952,0,52731.7,3720.03
0.166,0,0,0.0259177,5942.03,193.516,0,0,0.0949307,0,52801,3725.1
0.167,0,0,0.0260121,5943.77,191.43,0,0,0.0939057,0,52869.6,3730.12
0.168,0,0,0.0261055,5945.44,189.335,0,0,0.0928769,0,52937.7,3735.09
0.169,0,0,0.0261979,5947.03,187.234,0,0,0.0918445,0,53005.1,3740.02
0.17,0,0,0.0262892,5948.54,185.125,0,0,0.0908084,0,53071.9,3744.91
0.171,0,0,0.0263795,5949.98,183.009,0,0,0.0897688,0,53138,3749.74
0.172,0,0,0.0264687,5951.33,180.885,0,0,0.0887256,0,53203.5,3754.53
0.173,0,0,0.0265569,5952.61,178.755,0,0,0.0876789,0,53268.4,3759.28
0.174,0,0,0.0266441,5953.81,176.617,0,0,0.0866288,0,53332.6,3763.97
0.175,0,0,0.0267302,5954.94,174.473,0,0,0.0855752,0,53396.1,3768.62
0.176,0,0,0.0268152,5955.98,172.321,0,0,0.0845182,0,53459,3773.22
0.177,0,0,0.0268992,5956.95,170.163,0,0,0.083458,0,53521.1,3777.76
0.178,0,0,0.0269822,5957.84,167.998,0,0,0.0823944,0,53582.6,3782.26
0.179,0,0,0.027064,5958.64,165.826,0,0,0.0813275,0,53643.4,3786.71
0.18,0,0,0.0271448,5959.37,163.648,0,0,0.0802575,0,53703.5,3791.11
0.181,0,0,0.0272245,5960.02,161.464,0,0,0.0791843,0,53762.9,3795.45
0.182,0,0,0.0273032,5960.59,159.273,0,0,0.078108,0,53821.6,3799.75
0.183,0,0,0.0273807,5961.09,157.076,0,0,0.0770285,0,53879.6,3803.99
0.184,0,0,0.0274572,5961.5,154.872,0,0,0.0759461,0,53936.9,3808.18
0.185,0,0,0.0275326,5961.83,152.663,0,0,0.0748606,0,53993.4,3812.31
0.186,0,0,0.027607,5962.09,150.447,0,0,0.0737722,0,54049.2,3816.4
0.187,0,0,0.0276802,5962.26,148.226,0,0,0.0726809,0,54104.3,3820.43
0.188,0,0,0.0277523,5962.35,145.998,0,0,0.0715867,0,54158.6,3824.4
0.189,0,0,0.0278234,5962.37,143.765,0,0,0.0704896,0,54212.2,3828.32
0.19,0,0,0.0278933,5962.3,141.527,0,0,0.0693898,0,54265,3832.19
0.191,0,0,0.0279621,5962.16,139.283,0,0,0.0682873,0,54317.1,3836
0.192,0,0,0.0280299,5961.93,137.033,0,0,0.0671821,0,54368.4,3839.75
0.193,0,0,0.0280965,5961.62,134.778,0,0,0.0660742,0,54418.9,3843.45
0.194,0,0,0.028162,5961.24,132.517,0,0,0.0649637,0,54468.7,3847.09
0.195,0,0,0.0282264,5960.77,130.251,0,0,0.0638506,0,54517.7,3850.67
0.196,0,0,0.0282897,5960.23,127.981,0,0,0.062735,0,54565.9,3854.2
0.197,0,0,0.0283519,5959.6,125.705,0,0,0.0616169,0,54613.3,3857.67
0.198,0,0,0.0284129,5958.89,123.424,0,0,0.0604964,0,54659.9,3861.08
0.199,0,0,0.0284729,5958.11,121.138,0,0,0.0593736,0,54705.7,3864.43
0.2,0,0,0.0285317,5957.24,118.848,0,0,0.0582483,0,54750.7,3867.72
0.201,0,0,0.0285894,5956.3,116.553,0,0,0.0571208,0,54794.9,3870.96
0.202,0,0,0.0286459,5955.27,114.253,0,0,0.055991,0,54838.2,3874.13
0.203,0,0,0.0287014,5954.16,111.949,0,0,0.054859,0,54880.8,3877.25
0.204,0,0,0.0287557,5952.98,109.64,0,0,0.0537249,0,54922.5,3880.3
0.205,0,0,0.0288088,5951.71,107.327,0,0,0.0525886,0,54963.4,3883.3
0.206,0,0,0.0288608,5950.37,105.01,0,0,0.0514502,0,55003.5,3886.23
0.207,0,0,0.0289117,5948.94,102.689,0,0,0.0503098,0,55042.7,3889.1
0.208,0,0,0.0289614,5947.44,100.363,0,0,0.0491675,0,55081.1,3891.91
0.209,0,0,0.02901,5945.86,98.0342,0,0,0.0480232,0,55118.7,3894.66
0.21,0,0,0.0290575,5944.2,95.7011,0,0,0.0468769,0,55155.4,3897.35
0.211,0,0,0.0291038,5942.45,93.3641,0,0,0.0457289,0,55191.2,3899.97
0.212,0,0,0.029149,5940.63,91.0236,0,0,0.044579,0,55226.2,3902.53
0.213,0,0,0.029193,5938.73,88.6794,0,0,0.0434274,0,55260.4,3905.03
0.214,0,0,0.0292358,5936.76,86.3317,0,0,0.042274,0,55293.6,3907.47
0.215,0,0,0.0292775,5934.7,83.9807,0,0,0.041119,0,55326,3909.84
0.216,0,0,0.029318,5932.56,81.6263,0,0,0.0399624,0,55357.5,3912.15
0.217,0,0,0.0293574,5930.35,79.2687,0,0,0.0388042,0,55388.2,3914.39
0.218,0,0,0.0293957,5928.06,76.908,0,0,0.0376444,0,55418,3916.57
0.219,0,0,0.0294327,5925.69,74.5443,0,0,0.0364832,0,55446.8,3918.68
0.22,0,0,0.0294686,5923.25,72.1777,0,0,0.0353205,0,55474.9,3920.73
0.221,0,0,0.0295034,5920.72,69.8082,0,0,0.0341565,0,55502,3922.72
0.222,0,0,0.0295369,5918.12,67.4359,0,0,0.0329911,0,55528.2,3924.64
0.223,0,0,0.0295693,5915.44,65.0611,0,0,0.0318244,0,55553.5,3926.49
0.224,0,0,0.0296006,5912.69,62.6836,0,0,0.0306564,0,55578,3928.28
0.225,0,0,0.0296307,5909.85,60.3037,0,0,0.0294872,0,55601.5,3930.01
0.226,0,0,0.0296596,5906.95,57.9214,0,0,0.0283169,0,55624.1,3931.66
0.227,0,0,0.0296873,5903.96,55.5369,0,0,0.0271454,0,55645.9,3933.25
0.228,0,0,0.0297138,5900.9,53.1502,0,0,0.0259729,0,55666.7,3934.78
0.229,0,0,0.0297392,5897.77,50.7613,0,0,0.0247993,0,55686.6,3936.24
0.23,0,0,0.0297634,5894.56,48.3705,0,0,0.0236248,0,55705.6,3937.63
0.231,0,0,0.0297865,5891.27,45.9778,0,0,0.0224493,0,55723.7,3938.95
0.232,0,0,0.0298083,5887.91,43.5833,0,0,0.0212729,0,55740.9,3940.21
0.233,0,0,0.029829,5884.48,41.1871,0,0,0.0200957,0,55757.1,3941.4
0.234,0,0,0.0298485,5880.97,38.7892,0,0,0.0189177,0,55772.4,3942.52
0.235,0,0,0.0298669,5877.39,36.3899,0,0,0.017739,0,55786.9,3943.58
0.236,0,0,0.029884,5873.73,33.9891,0,0,0.0165596,0,55800.4,3944.57
0.237,0,0,0.0299,5870,31.587,0,0,0.0153795,0,55812.9,3945.49
0.238,0,0,0.0299148,5866.2,29.1836,0,0,0.0141988,0,55824.6,3946.34
0.239,0,0,0.0299284,5862.33,26.7791,0,0,0.0130175,0,55835.3,3947.12
0.24,0,0,0.0299408,5858.38,24.3736,0,0,0.0118357,0,55845.1,3947.84
0.241,0,0,0.029952,5854.36,21.9671,0,0,0.0106535,0,55853.9,3948.49
0.242,0,0,0.0299621,5850.27,19.5598,0,0,0.00947083,0,55861.9,3949.07
0.243,0,0,0.029971,5846.12,17.1517,0,0,0.0082878,0,55868.9,3949.58
0.244,0,0,0.0299787,5841.88,14.7429,0,0,0.00710443,0,55874.9,3950.03
0.245,0,0,0.0299852,5837.58,12.3335,0,0,0.00592079,0,55880.1,3950.4
0.246,0,0,0.0299905,5833.21,9.92373,0,0,0.00473691,0,55884.3,3950.71
0.247,0,0,0.0299947,5828.77,7.51353,0,0,0.00355285,0,55887.5,3950.95
0.248,0,0,0.0299976,5824.26,5.10305,0,0,0.00236864,0,55889.9,3951.12
0.249,0,0,0.0299994,5819.69,2.69237,0,0,0.00118434,0,55891.3,3951.22
0.25,0,0,0.03,5815.04,-4.02486e-13,0,0,-1.9773e-16,0,55891.7,3951.26
0.251,0,0,0.0299994,5810.33,-2.69237,0,0,-0.00118434,0,55891.3,3951.22
0.252,0,0,0.0299976,5805.55,-5.10305,0,0,-0.00236864,0,55889.9,3951.12
0.253,0,0,0.0299947,5800.7,-7.51353,0,0,-0.00355285,0,55887.5,3950.95
0.254,0,0,0.0299905,5795.78,-9.92373,0,0,-0.00473691,0,55884.3,3950.71
0.255,0,0,0.0299852,5790.8,-12.3335,0,0,-0.00592079,0,55880.1,3950.4
0.256,0,0,0.0299787,5785.76,-14.7429,0,0,-0.00710443,0,55874.9,3950.03
0.257,0,0,0.029971,5780.65,-17.1517,0,0,-0.0082878,0,55868.9,3949.58
0.258,0,0,0.0299621,5775.47,-19.5598,0,0,-0.00947083,0,55861.9,3949.07
0.259,0,0,0.029952,5770.23,-21.9671,0,0,-0.0106535,0,55853.9,3948.49
0.26,0,0,0.0299408,5764.93,-24.3736,0,0,-0.0118357,0,55845.1,3947.84
0.261,0,0,0.0299284,5759.56,-26.7791,0,0,-0.0130175,0,55835.3,3947.12
0.262,0,0,0.0299148,5754.14,-29.1836,0,0,-0.0141988,0,55824.6,3946.34
0.263,0,0,0.0299,5748.64,-31.587,0,0,-0.0153795,0,55812.9,3945.49
0.264,0,0,0.029884,5743.09,-33.9891,0,0,-0.0165596,0,55800.4,3944.57
0.265,0,0,0.0298669,5737.48,-36.3899,0,0,-0.017739,0,55786.9,3943.58
0.266,0,0,0.0298485,5731.8,-38.7892,0,0,-0.0189177,0,55772.4,3942.52
0.267,0,0,0.029829,5726.07,-41.1871,0,0,-0.0200957,0,55757.1,3941.4
0.268,0,0,0.0298083,5720.27,-43.5833,0,0,-0.0212729,0,55740.9,3940.21
0.269,0,0,0.0297865,5714.42,-45.9778,0,0,-0.0224493,0,55723.7,3938.95
0.27,0,0,0.0297634,5708.51,-48.3705,0,0,-0.0236248,0,55705.6,3937.63
0.271,0,0,0.0297392,5702.54,-50.7613,0,0,-0.0247993,0,55686.6,3936.24
0.272,0,0,0.0297138,5696.51,-53.1502,0,0,-0.0259729,0,55666.7,3934.78
0.273,0,0,0.0296873,5690.42,-55.5369,0,0,-0.0271454,0,55645.9,3933.25
0.274,0,0,0.0296596,5684.28,-57.9214,0,0,-0.0283169,0,55624.1,3931.66
0.275,0,0,0.0296307,5678.09,-60.3037,0,0,-0.0294872,0,55601.5,3930.01
0.276,0,0,0.0296006,5671.83,-62.6836,0,0,-0.0306564,0,55578,3928.28
0.277,0,0,0.0295693,5665.53,-65.0611,0,0,-0.0318244,0,55553.5,3926.49
0.278,0,0,0.0295369,5659.16,-67.4359,0,0,-0.0329911,0,55528.2,3924.64
0.279,0,0,0.0295034,5652.75,-69.8082,0,0,-0.0341565,0,55502,3922.72
0.28,0,0,0.0294686,5646.28,-72.1777,0,0,-0.0353205,0,55474.9,3920.73
0.281,0,0,0.0294327,5639.76,-74.5443,0,0,-0.0364832,0,55446.8,3918.68
0.282,0,0,0.0293957,5633.19,-76.908,0,0,-0.0376444,0,55418,3916.57
0.283,0,0,0.0293574,5626.56,-79.2687,0,0,-0.0388042,0,55388.2,3914.39
0.284,0,0,0.029318,5619.89,-81.6263,0,0,-0.0399624,0,55357.5,3912.15
0.285,0,0,0.0292775,5613.16,-83.9807,0,0,-0.041119,0,55326,3909.84
0.286,0,0,0.0292358,5606.39,-86.3317,0,0,-0.042274,0,55293.6,3907.47
0.287,0,0,0.029193,5599.56,-88.6794,0,0,-0.0434274,0,55260.4,3905.03
0.288,0,0,0.029149,5592.69,-91.0236,0,0,-0.044579,0,55226.2,3902.53
0.289,0,0,0.0291038,5585.77,-93.3641,0,0,-0.0457289,0,55191.2,3899.97
0.29,0,0,0.0290575,5578.8,-95.7011,0,0,-0.0468769,0,55155.4,3897.35
0.291,0,0,0.02901,5571.79,-98.0342,0,0,-0.0480232,0,55118.7,3894.66
0.292,0,0,0.0289614,5564.73,-100.363,0,0,-0.0491675,0,55081.1,3891.91
0.293,0,0,0.0289117,5557.62,-102.689,0,0,-0.0503098,0,55042.7,3889.1
0.294,0,0,0.0288608,5550.47,-105.01,0,0,-0.0514502,0,55003.5,3886.23
0.295,0,0,0.0288088,5543.28,-107.327,0,0,-0.0525886,0,54963.4,3883.3
0.296,0,0,0.0287557,5536.04,-109.64,0,0,-0.0537249,0,54922.5,3880.3
0.297,0,0,0.0287014,5528.76,-111.949,0,0,-0.054859,0,54880.8,3877.25
0.298,0,0,0.0286459,5521.44,-114.253,0,0,-0.055991,0,54838.2,3874.13
0.299,0,0,0.0285894,5514.07,-116.553,0,0,-0.0571208,0,54794.9,3870.96
0.3,0,0,0.0285317,5506.67,-118.848,0,0,-0.0582483,0,54750.7,3867.72
0.301,0,0,0.0284729,5499.22,-121.138,0,0,-0.0593736,0,54705.7,3864.43
0.302,0,0,0.0284129,5491.73,-123.424,0,0,-0.0604964,0,54659.9,3861.08
0.303,0,0,0.0283519,5484.2,-125.705,0,0,-0.0616169,0,54613.3,3857.67
0.304,0,0,0.0282897,5476.64,-127.981,0,0,-0.062735,0,54565.9,3854.2
0.305,0,0,0.0282264,5469.04,-130.251,0,0,-0.0638506,0,54517.7,3850.67
0.306,0,0,0.028162,5461.4,-132.517,0,0,-0.0649637,0,54468.7,3847.09
0.307,0,0,0.0280965,5453.72,-134.778,0,0,-0.0660742,0,54418.9,3843.45
0.308,0,0,0.0280299,5446,-137.033,0,0,-0.0671821,0,54368.4,3839.75
0.309,0,0,0.0279621,5438.26,-139.283,0,0,-0.0682873,0,54317.1,3836
0.31,0,0,0.0278933,5430.47,-141.527,0,0,-0.0693898,0,54265,3832.19
0.311,0,0,0.0278234,5422.65,-143.765,0,0,-0.0704896,0,54212.2,3828.32
0.312,0,0,0.0277523,5414.8,-145.998,0,0,-0.0715867,0,54158.6,3824.4
0.313,0,0,0.0276802,5406.92,-148.226,0,0,-0.0726809,0,54104.3,3820.43
0.314,0,0,0.027607,5399,-150.447,0,0,-0.0737722,0,54049.2,3816.4
0.315,0,0,0.0275326,5391.05,-152.663,0,0,-0.0748606,0,53993.4,3812.31
0.316,0,0,0.0274572,5383.07,-154.872,0,0,-0.0759461,0,53936.9,3808.18
0.317,0,0,0.0273807,5375.06,-157.076,0,0,-0.0770285,0,53879.6,3803.99
0.318,0,0,0.0273032,5367.01,-159.273,0,0,-0.078108,0,53821.6,3799.75
0.319,0,0,0.0272245,5358.94,-161.464,0,0,-0.0791843,0,53762.9,3795.45
0.32,0,0,0.0271448,5350.84,-163.648,0,0,-0.0802575,0,53703.5,3791.11
0.321,0,0,0.027064,5342.72,-165.826,0,0,-0.0813275,0,53643.4,3786.71
0.322,0,0,0.0269822,5334.56,-167.998,0,0,-0.0823944,0,53582.6,3782.26
0.323,0,0,0.0268992,5326.38,-170.163,0,0,-0.083458,0,53521.1,3777.76
0.324,0,0,0.0268152,5318.17,-172.321,0,0,-0.0845182,0,53459,3773.22
0.325,0,0,0.0267302,5309.94,-174.473,0,0,-0.0855752,0,53396.1,3768.62
0.326,0,0,0.0266441,5301.68,-176.617,0,0,-0.0866288,0,53332.6,3763.97
0.327,0,0,0.0265569,5293.39,-178.755,0,0,-0.0876789,0,53268.4,3759.28
0.328,0,0,0.0264687,5285.09,-180.885,0,0,-0.0887256,0,53203.5,3754.53
0.329,0,0,0.0263795,5276.76,-183.009,0,0,-0.0897688,0,53138,3749.74
0.33,0,0,0.0262892,5268.4,-185.125,0,0,-0.0908084,0,53071.9,3744.91
0.331,0,0,0.0261979,5260.03,-187.234,0,0,-0.0918445,0,53005.1,3740.02
0.332,0,0,0.0261055,5251.63,-189.335,0,0,-0.0928769,0,52937.7,3735.09
0.333,0,0,0.0260121,5243.22,-191.43,0,0,-0.0939057,0,52869.6,3730.12
0.334,0,0,0.0259177,5234.78,-193.516,0,0,-0.0949307,0,52801,3725.1
0.335,0,0,0.0258223,5226.32,-195.595,0,0,-0.095952,0,52731.7,3720.03
0.336,0,0,0.0257258,5217.85,-197.666,0,0,-0.0969696,0,52661.8,3714.92
0.337,0,0,0.0256283,5209.35,-199.73,0,0,-0.0979833,0,52591.3,3709.77
0.338,0,0,0.0255298,5200.84,-201.785,0,0,-0.0989931,0,52520.3,3704.57
0.339,0,0,0.0254303,5192.31,-203.833,0,0,-0.099999,0,52448.6,3699.33
0.34,0,0,0.0253298,5183.77,-205.872,0,0,-0.101001,0,52376.3,3694.05
0.341,0,0,0.0252283,5175.2,-207.904,0,0,-0.101999,0,52303.5,3688.73
0.342,0,0,0.0251258,5166.63,-209.927,0,0,-0.102993,0,52230.1,3683.36
0.343,0,0,0.0250224,5158.03,-211.942,0,0,-0.103983,0,52156.2,3677.96
0.344,0,0,0.0249179,5149.43,-213.948,0,0,-0.104969,0,52081.7,3672.51
0.345,0,0,0.0248124,5140.81,-215.947,0,0,-0.10595,0,52006.7,3667.03
0.346,0,0,0.024706,5132.18,-217.936,0,0,-0.106928,0,51931.1,3661.5
0.347,0,0,0.0245986,5123.53,-219.917,0,0,-0.107901,0,51855,3655.94
0.348,0,0,0.0244902,5114.87,-221.89,0,0,-0.10887,0,51778.3,3650.34
0.349,0,0,0.0243808,5106.21,-223.853,0,0,-0.109835,0,51701.2,3644.7
0.35,0,0,0.0242705,5097.53,-225.808,0,0,-0.110795,0,51623.5,3639.03
0.351,0,0,0.0241592,5088.84,-227.754,0,0,-0.111751,0,51545.4,3633.31
0.352,0,0,0.024047,5080.14,-229.691,0,0,-0.112702,0,51466.7,3627.57
0.353,0,0,0.0239338,5071.43,-231.619,0,0,-0.11365,0,51387.5,3621.78
0.354,0,0,0.0238197,5062.71,-233.537,0,0,-0.114592,0,51307.9,3615.96
0.355,0,0,0.0237047,5053.99,-235.447,0,0,-0.11553,0,51227.8,3610.11
0.356,0,0,0.0235887,5045.25,-237.347,0,0,-0.116464,0,51147.2,3604.22
0.357,0,0,0.0234717,5036.52,-239.238,0,0,-0.117393,0,51066.2,3598.3
0.358,0,0,0.0233539,5027.77,-241.12,0,0,-0.118317,0,50984.7,3592.35
0.359,0,0,0.0232351,5019.02,-242.992,0,0,-0.119237,0,50902.7,3586.36
0.36,0,0,0.0231154,5010.26,-244.854,0,0,-0.120152,0,50820.3,3580.34
0.361,0,0,0.0229948,5001.5,-246.707,0,0,-0.121062,0,50737.5,3574.29
0.362,0,0,0.0228733,4992.73,-248.55,0,0,-0.121967,0,50654.3,3568.21
0.363,0,0,0.0227509,4983.96,-250.383,0,0,-0.122868,0,50570.6,3562.1
0.364,0,0,0.0226275,4975.19,-252.206,0,0,-0.123763,0,50486.5,3555.96
0.365,0,0,0.0225033,4966.42,-254.019,0,0,-0.124654,0,50402,3549.79
0.366,0,0,0.0223782,4957.64,-255.823,0,0,-0.12554,0,50317.2,3543.59
0.367,0,0,0.0222523,4948.86,-257.616,0,0,-0.126421,0,50231.9,3537.36
0.368,0,0,0.0221254,4940.08,-259.399,0,0,-0.127297,0,50146.2,3531.11
0.369,0,0,0.0219977,4931.3,-261.172,0,0,-0.128168,0,50060.2,3524.83
0.37,0,0,0.0218691,4922.52,-262.934,0,0,-0.129034,0,49973.8,3518.52
0.371,0,0,0.0217396,4913.74,-264.687,0,0,-0.129895,0,49887,3512.18
0.372,0,0,0.0216093,4904.96,-266.428,0,0,-0.130751,0,49799.9,3505.82
0.373,0,0,0.0214781,4896.18,-268.16,0,0,-0.131601,0,49712.4,3499.44
0.374,0,0,0.0213461,4887.4,-269.88,0,0,-0.132446,0,49624.6,3493.03
0.375,0,0,0.0212132,4878.63,-271.59,0,0,-0.133286,0,49536.5,3486.59
0.376,0,0,0.0210795,4869.85,-273.29,0,0,-0.134121,0,49448,3480.13
0.377,0,0,0.020945,4861.09,-274.978,0,0,-0.134951,0,49359.2,3473.65
0.378,0,0,0.0208096,4852.32,-276.656,0,0,-0.135775,0,49270.1,3467.15
0.379,0,0,0.0206734,4843.56,-278.323,0,0,-0.136594,0,49180.7,3460.62
0.38,0,0,0.0205364,4834.8,-279.978,0,0,-0.137407,0,49091,3454.07
0.381,0,0,0.0203986,4826.05,-281.623,0,0,-0.138215,0,49001,3447.51
0.382,0,0,0.02026,4817.31,-283.257,0,0,-0.139018,0,48910.7,3440.92
0.383,0,0,0.0201206,4808.57,-284.879,0,0,-0.139815,0,48820.1,3434.31
0.384,0,0,0.0199804,4799.83,-286.491,0,0,-0.140607,0,48729.3,3427.68
0.385,0,0,0.0198394,4791.11,-288.091,0,0,-0.141393,0,48638.2,3421.03
0.386,0,0,0.0196976,4782.39,-289.679,0,0,-0.142173,0,48546.8,3414.37
0.387,0,0,0.019555,4773.68,-291.256,0,0,-0.142948,0,48455.2,3407.68
0.388,0,0,0.0194117,4764.98,-292.822,0,0,-0.143717,0,48363.4,3400.98
0.389,0,0,0.0192676,4756.28,-294.376,0,0,-0.144481,0,48271.3,3394.26
0.39,0,0,0.0191227,4747.6,-295.919,0,0,-0.145238,0,48179,3387.53
0.391,0,0,0.0189771,4738.92,-297.45,0,0,-0.14599,0,48086.4,3380.77
0.392,0,0,0.0188307,4730.25,-298.969,0,0,-0.146737,0,47993.6,3374.01
0.393,0,0,0.0186836,4721.6,-300.476,0,0,-0.147477,0,47900.7,3367.23
0.394,0,0,0.0185358,4712.95,-301.971,0,0,-0.148212,0,47807.5,3360.43
0.395,0,0,0.0183872,4704.32,-303.455,0,0,-0.148941,0,47714.1,3353.62
0.396,0,0,0.0182379,4695.7,-304.927,0,0,-0.149664,0,47620.5,3346.8
0.397,0,0,0.0180879,4687.09,-306.386,0,0,-0.150381,0,47526.8,3339.96
0.398,0,0,0.0179371,4678.49,-307.834,0,0,-0.151092,0,47432.8,3333.11
0.399,0,0,0.0177857,4669.9,-309.269,0,0,-0.151797,0,47338.7,3326.25
0.4,0,0,0.0176336,4661.33,-310.692,0,0,-0.152496,0,47244.5,3319.38
0.401,0,0,0.0174807,4652.77,-312.103,0,0,-0.153189,0,47150,3312.49
0.402,0,0,0.0173272,4644.22,-313.502,0,0,-0.153876,0,47055.5,3305.6
0.403,0,0,0.017173,4635.69,-314.888,0,0,-0.154557,0,46960.7,3298.69
0.404,0,0,0.0170181,4627.17,-316.262,0,0,-0.155232,0,46865.9,3291.78
0.405,0,0,0.0168625,4618.67,-317.623,0,0,-0.155901,0,46770.9,3284.85
0.406,0,0,0.0167063,4610.18,-318.972,0,0,-0.156564,0,46675.7,3277.92
0.407,0,0,0.0165494,4601.71,-320.308,0,0,-0.15722,0,46580.5,3270.98
0.408,0,0,0.0163918,4593.26,-321.631,0,0,-0.15787,0,46485.1,3264.03
0.409,0,0,0.0162336,4584.82,-322.942,0,0,-0.158514,0,46389.7,3257.07
0.41,0,0,0.0160748,4576.39,-324.241,0,0,-0.159152,0,46294.1,3250.11
0.411,0,0,0.0159153,4567.99,-325.526,0,0,-0.159784,0,46198.4,3243.13
0.412,0,0,0.0157552,4559.6,-326.798,0,0,-0.160409,0,46102.7,3236.16
0.413,0,0,0.0155945,4551.23,-328.058,0,0,-0.161028,0,46006.9,3229.18
0.414,0,0,0.0154332,4542.87,-329.305,0,0,-0.16164,0,45910.9,3222.19
0.415,0,0,0.0152712,4534.54,-330.538,0,0,-0.162246,0,45815,3215.19
0.416,0,0,0.0151087,4526.22,-331.759,0,0,-0.162846,0,45718.9,3208.2
0.417,0,0,0.0149456,4517.92,-332.967,0,0,-0.163439,0,45622.8,3201.2
0.418,0,0,0.0147818,4509.64,-334.161,0,0,-0.164026,0,45526.6,3194.19
0.419,0,0,0.0146175,4501.38,-335.342,0,0,-0.164606,0,45430.4,3187.18
0.42,0,0,0.0144526,4493.14,-336.51,0,0,-0.16518,0,45334.1,3180.17
0.421,0,0,0.0142871,4484.92,-337.665,0,0,-0.165747,0,45237.8,3173.16
0.422,0,0,0.0141211,4476.72,-338.807,0,0,-0.166308,0,45141.5,3166.15
0.423,0,0,0.0139545,4468.55,-339.935,0,0,-0.166862,0,45045.2,3159.13
0.424,0,0,0.0137874,4460.39,-341.049,0,0,-0.16741,0,44948.8,3152.11
0.425,0,0,0.0136197,4452.25,-342.151,0,0,-0.167951,0,44852.4,3145.09
0.426,0,0,0.0134515,4444.14,-343.238,0,0,-0.168485,0,44756,3138.08
0.427,0,0,0.0132827,4436.04,-344.312,0,0,-0.169013,0,44659.6,3131.06
0.428,0,0,0.0131135,4427.97,-345.373,0,0,-0.169534,0,44563.2,3124.04
0.429,0,0,0.0129437,4419.92,-346.42,0,0,-0.170048,0,44466.8,3117.02
0.43,0,0,0.0127734,4411.89,-347.453,0,0,-0.170556,0,44370.4,3110.01
0.431,0,0,0.0126026,4403.89,-348.473,0,0,-0.171057,0,44274.1,3103
0.432,0,0,0.0124313,4395.91,-349.479,0,0,-0.171551,0,44177.8,3095.98
0.433,0,0,0.0122595,4387.95,-350.471,0,0,-0.172038,0,44081.4,3088.98
0.434,0,0,0.0120872,4380.01,-351.449,0,0,-0.172519,0,43985.2,3081.97
0.435,0,0,0.0119144,4372.1,-352.414,0,0,-0.172993,0,43888.9,3074.97
0.436,0,0,0.0117412,4364.22,-353.364,0,0,-0.17346,0,43792.7,3067.97
0.437,0,0,0.0115675,4356.35,-354.301,0,0,-0.17392,0,43696.6,3060.97
0.438,0,0,0.0113934,4348.52,-355.223,0,0,-0.174373,0,43600.5,3053.98
0.439,0,0,0.0112188,4340.7,-356.132,0,0,-0.174819,0,43504.5,3046.99
0.44,0,0,0.0110437,4332.91,-357.026,0,0,-0.175259,0,43408.5,3040.01
0.441,0,0,0.0108683,4325.15,-357.907,0,0,-0.175691,0,43312.6,3033.04
0.442,0,0,0.0106924,4317.41,-358.773,0,0,-0.176117,0,43216.7,3026.07
0.443,0,0,0.010516,4309.7,-359.625,0,0,-0.176535,0,43121,3019.1
0.444,0,0,0.0103393,4302.01,-360.463,0,0,-0.176947,0,43025.3,3012.14
0.445,0,0,0.0101621,4294.35,-361.287,0,0,-0.177352,0,42929.7,3005.19
0.446,0,0,0.00998459,4286.71,-362.096,0,0,-0.17775,0,42834.2,2998.25
0.447,0,0,0.00980664,4279.11,-362.891,0,0,-0.17814,0,42738.8,2991.31
0.448,0,0,0.00962831,4271.52,-363.672,0,0,-0.178524,0,42643.5,2984.38
0.449,0,0,0.0094496,4263.97,-364.439,0,0,-0.1789,0,42548.4,2977.46
0.45,0,0,0.00927051,4256.44,-365.191,0,0,-0.17927,0,42453.3,2970.55
0.451,0,0,0.00909106,4248.94,-365.929,0,0,-0.179632,0,42358.3,2963.65
0.452,0,0,0.00891125,4241.46,-366.652,0,0,-0.179988,0,42263.4,2956.75
0.453,0,0,0.00873109,4234.02,-367.361,0,0,-0.180336,0,42168.7,2949.87
0.454,0,0,0.00855058,4226.6,-368.055,0,0,-0.180677,0,42074.1,2942.99
0.455,0,0,0.00836973,4219.21,-368.735,0,0,-0.181011,0,41979.6,2936.12
0.456,0,0,0.00818856,4211.84,-369.401,0,0,-0.181338,0,41885.3,2929.27
0.457,0,0,0.00800706,4204.51,-370.051,0,0,-0.181658,0,41791.1,2922.42
0.458,0,0,0.00782525,4197.2,-370.687,0,0,-0.18197,0,41697,2915.59
0.459,0,0,0.00764312,4189.92,-371.309,0,0,-0.182275,0,41603.1,2908.77
0.46,0,0,0.0074607,4182.67,-371.916,0,0,-0.182574,0,41509.4,2901.95
0.461,0,0,0.00727798,4175.45,-372.508,0,0,-0.182865,0,41415.8,2895.15
0.462,0,0,0.00709497,4168.26,-373.086,0,0,-0.183148,0,41322.3,2888.37
0.463,0,0,0.00691168,4161.1,-373.648,0,0,-0.183425,0,41229,2881.59
0.464,0,0,0.00672812,4153.96,-374.196,0,0,-0.183694,0,41135.9,2874.83
0.465,0,0,0.0065443,4146.86,-374.73,0,0,-0.183956,0,41043,2868.07
0.466,0,0,0.00636021,4139.78,-375.248,0,0,-0.184211,0,40950.2,2861.34
0.467,0,0,0.00617588,4132.74,-375.752,0,0,-0.184458,0,40857.6,2854.61
0.468,0,0,0.0059913,4125.72,-376.241,0,0,-0.184698,0,40765.2,2847.9
0.469,0,0,0.00580648,4118.74,-376.715,0,0,-0.184931,0,40672.9,2841.2
0.47,0,0,0.00562144,4111.78,-377.174,0,0,-0.185157,0,40580.9,2834.52
0.471,0,0,0.00543617,4104.86,-377.618,0,0,-0.185375,0,40489,2827.85
0.472,0,0,0.00525069,4097.96,-378.048,0,0,-0.185586,0,40397.4,2821.2
0.473,0,0,0.005065,4091.1,-378.462,0,0,-0.18579,0,40305.9,2814.56
0.474,0,0,0.00487911,4084.27,-378.862,0,0,-0.185986,0,40214.7,2807.93
0.475,0,0,0.00469303,4077.46,-379.246,0,0,-0.186175,0,40123.6,2801.32
0.476,0,0,0.00450677,4070.69,-379.616,0,0,-0.186356,0,40032.8,2794.73
0.477,0,0,0.00432032,4063.95,-379.971,0,0,-0.186531,0,39942.1,2788.15
0.478,0,0,0.00413371,4057.24,-380.31,0,0,-0.186698,0,39851.7,2781.59
0.479,0,0,0.00394693,4050.56,-380.635,0,0,-0.186857,0,39761.5,2775.04
0.48,0,0,0.00376,4043.91,-380.945,0,0,-0.187009,0,39671.5,2768.51
0.481,0,0,0.00357291,4037.3,-381.239,0,0,-0.187154,0,39581.7,2762
0.482,0,0,0.00338569,4030.71,-381.519,0,0,-0.187291,0,39492.2,2755.51
0.483,0,0,0.00319833,4024.16,-381.783,0,0,-0.187421,0,39402.9,2749.03
0.484,0,0,0.00301085,4017.63,-382.033,0,0,-0.187544,0,39313.8,2742.56
0.485,0,0,0.00282325,4011.14,-382.267,0,0,-0.187659,0,39225,2736.12
0.486,0,0,0.00263554,4004.68,-382.487,0,0,-0.187767,0,39136.4,2729.69
0.487,0,0,0.00244772,3998.26,-382.691,0,0,-0.187867,0,39048,2723.28
0.488,0,0,0.0022598,3991.86,-382.88,0,0,-0.18796,0,38959.9,2716.89
0.489,0,0,0.0020718,3985.5,-383.054,0,0,-0.188046,0,38872,2710.52
0.49,0,0,0.00188372,3979.17,-383.213,0,0,-0.188124,0,38784.4,2704.17
0.491,0,0,0.00169556,3972.87,-383.357,0,0,-0.188194,0,38697,2697.83
0.492,0,0,0.00150733,3966.6,-383.486,0,0,-0.188257,0,38609.9,2691.51
0.493,0,0,0.00131904,3960.37,-383.599,0,0,-0.188313,0,38523,2685.22
0.494,0,0,0.00113071,3954.17,-383.698,0,0,-0.188362,0,38436.4,2678.94
0.495,0,0,0.000942323,3948,-383.781,0,0,-0.188403,0,38350.1,2672.68
0.496,0,0,0.000753903,3941.86,-383.849,0,0,-0.188436,0,38264,2666.44
0.497,0,0,0.000565453,3935.76,-383.902,0,0,-0.188462,0,38178.1,2660.22
0.498,0,0,0.000376981,3929.69,-383.94,0,0,-0.188481,0,38092.6,2654.02
0.499,0,0,0.000188494,3923.65,-383.963,0,0,-0.188492,0,38007.3,2647.84
0.5,0,0,-6.29394e-17,3917.65,-383.97,0,0,-0.188496,0,37922.3,2641.68
0.501,0,0,-0.000188494,3911.67,-383.963,0,0,-0.188492,0,37837.6,2635.54
0.502,0,0,-0.000376981,3905.73,-383.94,0,0,-0.188481,0,37753.1,2629.42
0.503,0,0,-0.000565453,3899.83,-383.902,0,0,-0.188462,0,37668.9,2623.32
0.504,0,0,-0.000753903,3893.95,-383.849,0,0,-0.188436,0,37585,2617.24
0.505,0,0,-0.000942323,3888.11,-383.781,0,0,-0.188403,0,37501.4,2611.18
0.506,0,0,-0.00113071,3882.31,-383.698,0,0,-0.188362,0,37418.1,2605.15
0.507,0,0,-0.00131904,3876.53,-383.599,0,0,-0.188313,0,37335.1,2599.13
0.508,0,0,-0.00150733,3870.79,-383.486,0,0,-0.188257,0,37252.3,2593.14
0.509,0,0,-0.00169556,3865.08,-383.357,0,0,-0.188194,0,37169.9,2587.17
0.51,0,0,-0.00188372,3859.41,-383.213,0,0,-0.188124,0,37087.7,2581.22
0.511,0,0,-0.0020718,3853.77,-383.054,0,0,-0.188046,0,37005.8,2575.29
0.512,0,0,-0.0022598,3848.16,-382.88,0,0,-0.18796,0,36924.2,2569.38
0.513,0,0,-0.00244772,3842.59,-382.691,0,0,-0.187867,0,36843,2563.5
0.514,0,0,-0.00263554,3837.05,-382.487,0,0,-0.187767,0,36762,2557.63
0.515,0,0,-0.00282325,3831.54,-382.267,0,0,-0.187659,0,36681.3,2551.79
0.516,0,0,-0.00301085,3826.07,-382.033,0,0,-0.187544,0,36600.9,2545.97
0.517,0,0,-0.00319833,3820.63,-381.783,0,0,-0.187421,0,36520.9,2540.18
0.518,0,0,-0.00338569,3815.22,-381.519,0,0,-0.187291,0,36441.1,2534.41
0.519,0,0,-0.00357291,3809.85,-381.239,0,0,-0.187154,0,36361.7,2528.65
0.52,0,0,-0.00376,3804.51,-380.945,0,0,-0.187009,0,36282.5,2522.93
0.521,0,0,-0.00394693,3799.21,-380.635,0,0,-0.186857,0,36203.7,2517.22
0.522,0,0,-0.00413371,3793.94,-380.31,0,0,-0.186698,0,36125.2,2511.54
0.523,0,0,-0.00432032,3788.7,-379.971,0,0,-0.186531,0,36047,2505.88
0.524,0,0,-0.00450677,3783.5,-379.616,0,0,-0.186356,0,35969.1,2500.25
0.525,0,0,-0.00469303,3778.33,-379.246,0,0,-0.186175,0,35891.5,2494.63
0.526,0,0,-0.00487911,3773.19,-378.862,0,0,-0.185986,0,35814.3,2489.05
0.527,0,0,-0.005065,3768.09,-378.462,0,0,-0.18579,0,35737.3,2483.48
0.528,0,0,-0.00525069,3763.02,-378.048,0,0,-0.185586,0,35660.7,2477.94
0.529,0,0,-0.00543617,3757.99,-377.618,0,0,-0.185375,0,35584.4,2472.42
0.53,0,0,-0.00562144,3752.99,-377.174,0,0,-0.185157,0,35508.5,2466.93
0.531,0,0,-0.00580648,3748.03,-376.715,0,0,-0.184931,0,35432.8,2461.46
0.532,0,0,-0.0059913,3743.09,-376.241,0,0,-0.184698,0,35357.5,2456.01
0.533,0,0,-0.00617588,3738.2,-375.752,0,0,-0.184458,0,35282.5,2450.59
0.534,0,0,-0.00636021,3733.33,-375.248,0,0,-0.184211,0,35207.9,2445.19
0.535,0,0,-0.0065443,3728.5,-374.73,0,0,-0.183956,0,35133.5,2439.81
0.536,0,0,-0.00672812,3723.71,-374.196,0,0,-0.183694,0,35059.5,2434.46
0.537,0,0,-0.00691168,3718.95,-373.648,0,0,-0.183425,0,34985.9,2429.14
0.538,0,0,-0.00709497,3714.22,-373.086,0,0,-0.183148,0,34912.5,2423.84
0.539,0,0,-0.00727798,3709.52,-372.508,0,0,-0.182865,0,34839.5,2418.56
0.54,0,0,-0.0074607,3704.87,-371.916,0,0,-0.182574,0,34766.9,2413.31
0.541,0,0,-0.00764312,3700.24,-371.309,0,0,-0.182275,0,34694.5,2408.08
0.542,0,0,-0.00782525,3695.65,-370.687,0,0,-0.18197,0,34622.6,2402.88
0.543,0,0,-0.00800706,3691.09,-370.051,0,0,-0.181658,0,34550.9,2397.7
0.544,0,0,-0.00818856,3686.57,-369.401,0,0,-0.181338,0,34479.6,2392.55
0.545,0,0,-0.00836973,3682.08,-368.735,0,0,-0.181011,0,34408.6,2387.42
0.546,0,0,-0.00855058,3677.62,-368.055,0,0,-0.180677,0,34338,2382.31
0.547,0,0,-0.00873109,3673.2,-367.361,0,0,-0.180336,0,34267.7,2377.23
0.548,0,0,-0.00891125,3668.82,-366.652,0,0,-0.179988,0,34197.7,2372.18
0.549,0,0,-0.00909106,3664.46,-365.929,0,0,-0.179632,0,34128.1,2367.15
0.55,0,0,-0.00927051,3660.15,-365.191,0,0,-0.17927,0,34058.8,2362.15
0.551,0,0,-0.0094496,3655.86,-364.439,0,0,-0.1789,0,33989.9,2357.17
0.552,0,0,-0.00962831,3651.61,-363.672,0,0,-0.178524,0,33921.3,2352.22
0.553,0,0,-0.00980664,3647.4,-362.891,0,0,-0.17814,0,33853.1,2347.29
0.554,0,0,-0.00998459,3643.21,-362.096,0,0,-0.17775,0,33785.2,2342.39
0.555,0,0,-0.0101621,3639.07,-361.287,0,0,-0.177352,0,33717.7,2337.51
0.556,0,0,-0.0103393,3634.95,-360.463,0,0,-0.176947,0,33650.5,2332.66
0.557,0,0,-0.010516,3630.87,-359.625,0,0,-0.176535,0,33583.6,2327.83
0.558,0,0,-0.0106924,3626.83,-358.773,0,0,-0.176117,0,33517.1,2323.03
0.559,0,0,-0.0108683,3622.81,-357.907,0,0,-0.175691,0,33451,2318.25
0.56,0,0,-0.0110437,3618.84,-357.026,0,0,-0.175259,0,33385.2,2313.5
0.561,0,0,-0.0112188,3614.89,-356.132,0,0,-0.174819,0,33319.7,2308.78
0.562,0,0,-0.0113934,3610.98,-355.223,0,0,-0.174373,0,33254.6,2304.08
0.563,0,0,-0.0115675,3607.11,-354.301,0,0,-0.17392,0,33189.9,2299.4
0.564,0,0,-0.0117412,3603.27,-353.364,0,0,-0.17346,0,33125.5,2294.76
0.565,0,0,-0.0119144,3599.46,-352.414,0,0,-0.172993,0,33061.4,2290.13
0.566,0,0,-0.0120872,3595.69,-351.449,0,0,-0.172519,0,32997.7,2285.54
0.567,0,0,-0.0122595,3591.95,-350.471,0,0,-0.172038,0,32934.4,2280.97
0.568,0,0,-0.0124313,3588.24,-349.479,0,0,-0.171551,0,32871.4,2276.42
0.569,0,0,-0.0126026,3584.57,-348.473,0,0,-0.171057,0,32808.8,2271.9
0.57,0,0,-0.0127734,3580.93,-347.453,0,0,-0.170556,0,32746.5,2267.41
0.571,0,0,-0.0129437,3577.33,-346.42,0,0,-0.170048,0,32684.5,2262.94
0.572,0,0,-0.0131135,3573.76,-345.373,0,0,-0.169534,0,32623,2258.5
0.573,0,0,-0.0132827,3570.22,-344.312,0,0,-0.169013,0,32561.8,2254.08
0.574,0,0,-0.0134515,3566.72,-343.238,0,0,-0.168485,0,32500.9,2249.69
0.575,0,0,-0.0136197,3563.25,-342.151,0,0,-0.167951,0,32440.4,2245.33
0.576,0,0,-0.0137874,3559.82,-341.049,0,0,-0.16741,0,32380.2,2240.99
0.577,0,0,-0.0139545,3556.42,-339.935,0,0,-0.166862,0,32320.4,2236.68
0.578,0,0,-0.0141211,3553.05,-338.807,0,0,-0.166308,0,32261,2232.39
0.579,0,0,-0.0142871,3549.72,-337.665,0,0,-0.165747,0,32201.9,2228.13
0.58,0,0,-0.0144526,3546.42,-336.51,0,0,-0.16518,0,32143.2,2223.89
0.581,0,0,-0.0146175,3543.15,-335.342,0,0,-0.164606,0,32084.8,2219.68
0.582,0,0,-0.0147818,3539.92,-334.161,0,0,-0.164026,0,32026.8,2215.5
0.583,0,0,-0.0149456,3536.72,-332.967,0,0,-0.163439,0,31969.1,2211.35
0.584,0,0,-0.0151087,3533.56,-331.759,0,0,-0.162846,0,31911.8,2207.21
0.585,0,0,-0.0152712,3530.43,-330.538,0,0,-0.162246,0,31854.9,2203.11
0.586,0,0,-0.0154332,3527.33,-329.305,0,0,-0.16164,0,31798.3,2199.03
0.587,0,0,-0.0155945,3524.27,-328.058,0,0,-0.161028,0,31742.1,2194.98
0.588,0,0,-0.0157552,3521.24,-326.798,0,0,-0.160409,0,31686.2,2190.95
0.589,0,0,-0.0159153,3518.25,-325.526,0,0,-0.159784,0,31630.7,2186.95
0.59,0,0,-0.0160748,3515.29,-324.241,0,0,-0.159152,0,31575.5,2182.97
0.591,0,0,-0.0162336,3512.36,-322.942,0,0,-0.158514,0,31520.7,2179.02
0.592,0,0,-0.0163918,3509.46,-321.631,0,0,-0.15787,0,31466.3,2175.1
0.593,0,0,-0.0165494,3506.6,-320.308,0,0,-0.15722,0,31412.2,2171.2
0.594,0,0,-0.0167063,3503.77,-318.972,0,0,-0.156564,0,31358.5,2167.33
0.595,0,0,-0.0168625,3500.98,-317.623,0,0,-0.155901,0,31305.1,2163.49
0.596,0,0,-0.0170181,3498.22,-316.262,0,0,-0.155232,0,31252.1,2159.67
0.597,0,0,-0.017173,3495.49,-314.888,0,0,-0.154557,0,31199.4,2155.88
0.598,0,0,-0.0173272,3492.8,-313.502,0,0,-0.153876,0,31147.1,2152.11
0.599,0,0,-0.0174807,3490.14,-312.103,0,0,-0.153189,0,31095.2,2148.37
0.6,0,0,-0.0176336,3487.51,-310.692,0,0,-0.152496,0,31043.6,2144.65
0.601,0,0,-0.0177857,3484.92,-309.269,0,0,-0.151797,0,30992.4,2140.96
0.602,0,0,-0.0179371,3482.36,-307.834,0,0,-0.151092,0,30941.5,2137.3
0.603,0,0,-0.0180879,3479.83,-306.386,0,0,-0.150381,0,30891,2133.66
0.604,0,0,-0.0182379,3477.34,-304.927,0,0,-0.149664,0,30840.9,2130.05
0.605,0,0,-0.0183872,3474.88,-303.455,0,0,-0.148941,0,30791.1,2126.47
0.606,0,0,-0.0185358,3472.46,-301.971,0,0,-0.148212,0,30741.7,2122.91
0.607,0,0,-0.0186836,3470.06,-300.476,0,0,-0.147477,0,30692.6,2119.37
0.608,0,0,-0.0188307,3467.7,-298.969,0,0,-0.146737,0,30643.9,2115.87
0.609,0,0,-0.0189771,3465.38,-297.45,0,0,-0.14599,0,30595.5,2112.38
0.61,0,0,-0.0191227,3463.08,-295.919,0,0,-0.145238,0,30547.5,2108.93
0.611,0,0,-0.0192676,3460.82,-294.376,0,0,-0.144481,0,30499.9,2105.5
0.612,0,0,-0.0194117,3458.6,-292.822,0,0,-0.143717,0,30452.6,2102.09
0.613,0,0,-0.019555,3456.4,-291.256,0,0,-0.142948,0,30405.6,2098.71
0.614,0,0,-0.0196976,3454.24,-289.679,0,0,-0.142173,0,30359.1,2095.36
0.615,0,0,-0.0198394,3452.11,-288.091,0,0,-0.141393,0,30312.8,2092.04
0.616,0,0,-0.0199804,3450.02,-286.491,0,0,-0.140607,0,30267,2088.73
0.617,0,0,-0.0201206,3447.96,-284.879,0,0,-0.139815,0,30221.5,2085.46
0.618,0,0,-0.02026,3445.93,-283.257,0,0,-0.139018,0,30176.3,2082.21
0.619,0,0,-0.0203986,3443.93,-281.623,0,0,-0.138215,0,30131.5,2078.99
0.62,0,0,-0.0205364,3441.97,-279.978,0,0,-0.137407,0,30087.1,2075.79
0.621,0,0,-0.0206734,3440.04,-278.323,0,0,-0.136594,0,30043,2072.62
0.622,0,0,-0.0208096,3438.15,-276.656,0,0,-0.135775,0,29999.3,2069.47
0.623,0,0,-0.020945,3436.28,-274.978,0,0,-0.134951,0,29955.9,2066.35
0.624,0,0,-0.0210795,3434.45,-273.29,0,0,-0.134121,0,29912.9,2063.25
0.625,0,0,-0.0212132,3432.66,-271.59,0,0,-0.133286,0,29870.2,2060.18
0.626,0,0,-0.0213461,3430.89,-269.88,0,0,-0.132446,0,29827.9,2057.14
0.627,0,0,-0.0214781,3429.16,-268.16,0,0,-0.131601,0,29785.9,2054.12
0.628,0,0,-0.0216093,3427.46,-266.428,0,0,-0.130751,0,29744.3,2051.13
0.629,0,0,-0.0217396,3425.79,-264.687,0,0,-0.129895,0,29703.1,2048.16
0.63,0,0,-0.0218691,3424.16,-262.934,0,0,-0.129034,0,29662.2,2045.22
0.631,0,0,-0.0219977,3422.56,-261.172,0,0,-0.128168,0,29621.6,2042.31
0.632,0,0,-0.0221254,3420.99,-259.399,0,0,-0.127297,0,29581.4,2039.41
0.633,0,0,-0.0222523,3419.46,-257.616,0,0,-0.126421,0,29541.6,2036.55
0.634,0,0,-0.0223782,3417.96,-255.823,0,0,-0.12554,0,29502.1,2033.71
0.635,0,0,-0.0225033,3416.49,-254.019,0,0,-0.124654,0,29463,2030.9
0.636,0,0,-0.0226275,3415.05,-252.206,0,0,-0.123763,0,29424.2,2028.11
0.637,0,0,-0.0227509,3413.65,-250.383,0,0,-0.122868,0,29385.8,2025.34
0.638,0,0,-0.0228733,3412.27,-248.55,0,0,-0.121967,0,29347.7,2022.61
0.639,0,0,-0.0229948,3410.94,-246.707,0,0,-0.121062,0,29310,2019.89
0.64,0,0,-0.0231154,3409.63,-244.854,0,0,-0.120152,0,29272.6,2017.21
0.641,0,0,-0.0232351,3408.36,-242.992,0,0,-0.119237,0,29235.6,2014.55
0.642,0,0,-0.0233539,3407.11,-241.12,0,0,-0.118317,0,29198.9,2011.91
0.643,0,0,-0.0234717,3405.91,-239.238,0,0,-0.117393,0,29162.6,2009.3
0.644,0,0,-0.0235887,3404.73,-237.347,0,0,-0.116464,0,29126.6,2006.71
0.645,0,0,-0.0237047,3403.59,-235.447,0,0,-0.11553,0,29091,2004.15
0.646,0,0,-0.0238197,3402.48,-233.537,0,0,-0.114592,0,29055.7,2001.62
0.647,0,0,-0.0239338,3401.4,-231.619,0,0,-0.11365,0,29020.8,1999.11
0.648,0,0,-0.024047,3400.35,-229.691,0,0,-0.112702,0,28986.2,1996.62
0.649,0,0,-0.0241592,3399.34,-227.754,0,0,-0.111751,0,28952,1994.16
0.65,0,0,-0.0242705,3398.36,-225.808,0,0,-0.110795,0,28918.1,1991.73
0.651,0,0,-0.0243808,3397.41,-223.853,0,0,-0.109835,0,28884.6,1989.32
0.652,0,0,-0.0244902,3396.49,-221.89,0,0,-0.10887,0,28851.4,1986.93
0.653,0,0,-0.0245986,3395.61,-219.917,0,0,-0.107901,0,28818.6,1984.58
0.654,0,0,-0.024706,3394.76,-217.936,0,0,-0.106928,0,28786.1,1982.24
0.655,0,0,-0.0248124,3393.94,-215.947,0,0,-0.10595,0,28754,1979.93
0.656,0,0,-0.0249179,3393.15,-213.948,0,0,-0.104969,0,28722.2,1977.65
0.657,0,0,-0.0250224,3392.39,-211.942,0,0,-0.103983,0,28690.7,1975.39
0.658,0,0,-0.0251258,3391.67,-209.927,0,0,-0.102993,0,28659.6,1973.15
0.659,0,0,-0.0252283,3390.98,-207.904,0,0,-0.101999,0,28628.9,1970.95
0.66,0,0,-0.0253298,3390.32,-205.872,0,0,-0.101001,0,28598.5,1968.76
0.661,0,0,-0.0254303,3389.7,-203.833,0,0,-0.099999,0,28568.4,1966.6
0.662,0,0,-0.0255298,3389.1,-201.785,0,0,-0.0989931,0,28538.7,1964.47
0.663,0,0,-0.0256283,3388.54,-199.73,0,0,-0.0979833,0,28509.3,1962.36
0.664,0,0,-0.0257258,3388.01,-197.666,0,0,-0.0969696,0,28480.3,1960.27
0.665,0,0,-0.0258223,3387.52,-195.595,0,0,-0.095952,0,28451.6,1958.21
0.666,0,0,-0.0259177,3387.05,-193.516,0,0,-0.0949307,0,28423.3,1956.18
0.667,0,0,-0.0260121,3386.62,-191.43,0,0,-0.0939057,0,28395.3,1954.17
0.668,0,0,-0.0261055,3386.22,-189.335,0,0,-0.0928769,0,28367.7,1952.18
0.669,0,0,-0.0261979,3385.85,-187.234,0,0,-0.0918445,0,28340.4,1950.22
0.67,0,0,-0.0262892,3385.52,-185.125,0,0,-0.0908084,0,28313.4,1948.28
0.671,0,0,-0.0263795,3385.21,-183.009,0,0,-0.0897688,0,28286.8,1946.37
0.672,0,0,-0.0264687,3384.94,-180.885,0,0,-0.0887256,0,28260.5,1944.49
0.673,0,0,-0.0265569,3384.7,-178.755,0,0,-0.0876789,0,28234.6,1942.62
0.674,0,0,-0.0266441,3384.49,-176.617,0,0,-0.0866288,0,28209,1940.79
0.675,0,0,-0.0267302,3384.32,-174.473,0,0,-0.0855752,0,28183.7,1938.97
0.676,0,0,-0.0268152,3384.17,-172.321,0,0,-0.0845182,0,28158.8,1937.18
0.677,0,0,-0.0268992,3384.06,-170.163,0,0,-0.083458,0,28134.3,1935.42
0.678,0,0,-0.0269822,3383.98,-167.998,0,0,-0.0823944,0,28110,1933.68
0.679,0,0,-0.027064,3383.93,-165.826,0,0,-0.0813275,0,28086.1,1931.97
0.68,0,0,-0.0271448,3383.92,-163.648,0,0,-0.0802575,0,28062.6,1930.27
0.681,0,0,-0.0272245,3383.93,-161.464,0,0,-0.0791843,0,28039.4,1928.61
0.682,0,0,-0.0273032,3383.98,-159.273,0,0,-0.078108,0,28016.5,1926.97
0.683,0,0,-0.0273807,3384.06,-157.076,0,0,-0.0770285,0,27994,1925.35
0.684,0,0,-0.0274572,3384.17,-154.872,0,0,-0.0759461,0,27971.8,1923.76
0.685,0,0,-0.0275326,3384.31,-152.663,0,0,-0.0748606,0,27950,1922.19
0.686,0,0,-0.027607,3384.49,-150.447,0,0,-0.0737722,0,27928.5,1920.65
0.687,0,0,-0.0276802,3384.7,-148.226,0,0,-0.0726809,0,27907.3,1919.13
0.688,0,0,-0.0277523,3384.94,-145.998,0,0,-0.0715867,0,27886.5,1917.63
0.689,0,0,-0.0278234,3385.21,-143.765,0,0,-0.0704896,0,27866,1916.16
0.69,0,0,-0.0278933,3385.51,-141.527,0,0,-0.0693898,0,27845.8,1914.71
0.691,0,0,-0.0279621,3385.85,-139.283,0,0,-0.0682873,0,27826,1913.29
0.692,0,0,-0.0280299,3386.21,-137.033,0,0,-0.0671821,0,27806.5,1911.89
0.693,0,0,-0.0280965,3386.61,-134.778,0,0,-0.0660742,0,27787.4,1910.52
0.694,0,0,-0.028162,3387.04,-132.517,0,0,-0.0649637,0,27768.6,1909.17
0.695,0,0,-0.0282264,3387.5,-130.251,0,0,-0.0638506,0,27750.1,1907.84
0.696,0,0,-0.0282897,3388,-127.981,0,0,-0.062735,0,27732,1906.54
0.697,0,0,-0.0283519,3388.52,-125.705,0,0,-0.0616169,0,27714.2,1905.27
0.698,0,0,-0.0284129,3389.08,-123.424,0,0,-0.0604964,0,27696.8,1904.01
0.699,0,0,-0.0284729,3389.67,-121.138,0,0,-0.0593736,0,27679.6,1902.79
0.7,0,0,-0.0285317,3390.29,-118.848,0,0,-0.0582483,0,27662.9,1901.58
0.701,0,0,-0.0285894,3390.94,-116.553,0,0,-0.0571208,0,27646.4,1900.4
0.702,0,0,-0.0286459,3391.63,-114.253,0,0,-0.055991,0,27630.3,1899.24
0.703,0,0,-0.0287014,3392.35,-111.949,0,0,-0.054859,0,27614.5,1898.11
0.704,0,0,-0.0287557,3393.09,-109.64,0,0,-0.0537249,0,27599.1,1897
0.705,0,0,-0.0288088,3393.87,-107.327,0,0,-0.0525886,0,27584,1895.92
0.706,0,0,-0.0288608,3394.68,-105.01,0,0,-0.0514502,0,27569.2,1894.86
0.707,0,0,-0.0289117,3395.53,-102.689,0,0,-0.0503098,0,27554.8,1893.82
0.708,0,0,-0.0289614,3396.4,-100.363,0,0,-0.0491675,0,27540.7,1892.81
0.709,0,0,-0.02901,3397.31,-98.0342,0,0,-0.0480232,0,27526.9,1891.82
0.71,0,0,-0.0290575,3398.25,-95.7011,0,0,-0.0468769,0,27513.5,1890.86
0.711,0,0,-0.0291038,3399.22,-93.3641,0,0,-0.0457289,0,27500.4,1889.92
0.712,0,0,-0.029149,3400.22,-91.0236,0,0,-0.044579,0,27487.6,1889
0.713,0,0,-0.029193,3401.25,-88.6794,0,0,-0.0434274,0,27475.2,1888.11
0.714,0,0,-0.0292358,3402.32,-86.3317,0,0,-0.042274,0,27463.1,1887.24
0.715,0,0,-0.0292775,3403.41,-83.9807,0,0,-0.041119,0,27451.3,1886.4
0.716,0,0,-0.029318,3404.54,-81.6263,0,0,-0.0399624,0,27439.9,1885.58
0.717,0,0,-0.0293574,3405.7,-79.2687,0,0,-0.0388042,0,27428.8,1884.78
0.718,0,0,-0.0293957,3406.89,-76.908,0,0,-0.0376444,0,27418,1884.01
0.719,0,0,-0.0294327,3408.12,-74.5443,0,0,-0.0364832,0,27407.5,1883.26
0.72,0,0,-0.0294686,3409.37,-72.1777,0,0,-0.0353205,0,27397.4,1882.54
0.721,0,0,-0.0295034,3410.66,-69.8082,0,0,-0.0341565,0,27387.7,1881.84
0.722,0,0,-0.0295369,3411.97,-67.4359,0,0,-0.0329911,0,27378.2,1881.16
0.723,0,0,-0.0295693,3413.32,-65.0611,0,0,-0.0318244,0,27369.1,1880.51
0.724,0,0,-0.0296006,3414.71,-62.6836,0,0,-0.0306564,0,27360.4,1879.88
0.725,0,0,-0.0296307,3416.12,-60.3037,0,0,-0.0294872,0,27351.9,1879.27
0.726,0,0,-0.0296596,3417.56,-57.9214,0,0,-0.0283169,0,27343.8,1878.69
0.727,0,0,-0.0296873,3419.04,-55.5369,0,0,-0.0271454,0,27336,1878.13
0.728,0,0,-0.0297138,3420.55,-53.1502,0,0,-0.0259729,0,27328.6,1877.6
0.729,0,0,-0.0297392,3422.08,-50.7613,0,0,-0.0247993,0,27321.5,1877.09
0.73,0,0,-0.0297634,3423.66,-48.3705,0,0,-0.0236248,0,27314.7,1876.6
0.731,0,0,-0.0297865,3425.26,-45.9778,0,0,-0.0224493,0,27308.2,1876.14
0.732,0,0,-0.0298083,3426.89,-43.5833,0,0,-0.0212729,0,27302.1,1875.7
0.733,0,0,-0.029829,3428.56,-41.1871,0,0,-0.0200957,0,27296.3,1875.28
0.734,0,0,-0.0298485,3430.25,-38.7892,0,0,-0.0189177,0,27290.9,1874.89
0.735,0,0,-0.0298669,3431.98,-36.3899,0,0,-0.017739,0,27285.8,1874.53
0.736,0,0,-0.029884,3433.74,-33.9891,0,0,-0.0165596,0,27281,1874.18
0.737,0,0,-0.0299,3435.53,-31.587,0,0,-0.0153795,0,27276.5,1873.86
0.738,0,0,-0.0299148,3437.36,-29.1836,0,0,-0.0141988,0,27272.4,1873.56
0.739,0,0,-0.0299284,3439.21,-26.7791,0,0,-0.0130175,0,27268.6,1873.29
0.74,0,0,-0.0299408,3441.1,-24.3736,0,0,-0.0118357,0,27265.1,1873.04
0.741,0,0,-0.029952,3443.01,-21.9671,0,0,-0.0106535,0,27261.9,1872.82
0.742,0,0,-0.0299621,3444.96,-19.5598,0,0,-0.00947083,0,27259.1,1872.62
0.743,0,0,-0.029971,3446.94,-17.1517,0,0,-0.0082878,0,27256.7,1872.44
0.744,0,0,-0.0299787,3448.96,-14.7429,0,0,-0.00710443,0,27254.5,1872.28
0.745,0,0,-0.0299852,3451,-12.3335,0,0,-0.00592079,0,27252.7,1872.15
0.746,0,0,-0.0299905,3453.07,-9.92373,0,0,-0.00473691,0,27251.2,1872.05
0.747,0,0,-0.0299947,3455.18,-7.51353,0,0,-0.00355285,0,27250,1871.96
0.748,0,0,-0.0299976,3457.32,-5.10305,0,0,-0.00236864,0,27249.2,1871.91
0.749,0,0,-0.0299994,3459.49,-2.69237,0,0,-0.00118434,0,27248.7,1871.87
0.75,0,0,-0.03,3461.69,1.29265e-12,0,0,6.35045e-16,0,27248.6,1871.86
0.751,0,0,-0.0299994,3463.92,2.69237,0,0,0.00118434,0,27248.7,1871.87
0.752,0,0,-0.0299976,3466.19,5.10305,0,0,0.00236864,0,27249.2,1871.91
0.753,0,0,-0.0299947,3468.48,7.51353,0,0,0.00355285,0,27250,1871.96
0.754,0,0,-0.0299905,3470.81,9.92373,0,0,0.00473691,0,27251.2,1872.05
0.755,0,0,-0.0299852,3473.17,12.3335,0,0,0.00592079,0,27252.7,1872.15
0.756,0,0,-0.0299787,3475.56,14.7429,0,0,0.00710443,0,27254.5,1872.28
0.757,0,0,-0.029971,3477.98,17.1517,0,0,0.0082878,0,27256.7,1872.44
0.758,0,0,-0.0299621,3480.43,19.5598,0,0,0.00947083,0,27259.1,1872.62
0.759,0,0,-0.029952,3482.92,21.9671,0,0,0.0106535,0,27261.9,1872.82
0.76,0,0,-0.0299408,3485.43,24.3736,0,0,0.0118357,0,27265.1,1873.04
0.761,0,0,-0.0299284,3487.98,26.7791,0,0,0.0130175,0,27268.6,1873.29
0.762,0,0,-0.0299148,3490.56,29.1836,0,0,0.0141988,0,27272.4,1873.56
0.763,0,0,-0.0299,3493.17,31.587,0,0,0.0153795,0,27276.5,1873.86
0.764,0,0,-0.029884,3495.81,33.9891,0,0,0.0165596,0,27281,1874.18
0.765,0,0,-0.0298669,3498.49,36.3899,0,0,0.017739,0,27285.8,1874.53
0.766,0,0,-0.0298485,3501.19,38.7892,0,0,0.0189177,0,27290.9,1874.89
0.767,0,0,-0.029829,3503.93,41.1871,0,0,0.0200957,0,27296.3,1875.28
0.768,0,0,-0.0298083,3506.69,43.5833,0,0,0.0212729,0,27302.1,1875.7
0.769,0,0,-0.0297865,3509.49,45.9778,0,0,0.0224493,0,27308.2,1876.14
0.77,0,0,-0.0297634,3512.32,48.3705,0,0,0.0236248,0,27314.7,1876.6
0.771,0,0,-0.0297392,3515.19,50.7613,0,0,0.0247993,0,27321.5,1877.09
0.772,0,0,-0.0297138,3518.08,53.1502,0,0,0.0259729,0,27328.6,1877.6
0.773,0,0,-0.0296873,3521,55.5369,0,0,0.0271454,0,27336,1878.13
0.774,0,0,-0.0296596,3523.96,57.9214,0,0,0.0283169,0,27343.8,1878.69
0.775,0,0,-0.0296307,3526.95,60.3037,0,0,0.0294872,0,27351.9,1879.27
0.776,0,0,-0.0296006,3529.97,62.6836,0,0,0.0306564,0,27360.4,1879.88
0.777,0,0,-0.0295693,3533.02,65.0611,0,0,0.0318244,0,27369.1,1880.51
0.778,0,0,-0.0295369,3536.1,67.4359,0,0,0.0329911,0,27378.2,1881.16
0.779,0,0,-0.0295034,3539.21,69.8082,0,0,0.0341565,0,27387.7,1881.84
0.78,0,0,-0.0294686,3542.36,72.1777,0,0,0.0353205,0,27397.4,1882.54
0.781,0,0,-0.0294327,3545.53,74.5443,0,0,0.0364832,0,27407.5,1883.26
0.782,0,0,-0.0293957,3548.74,76.908,0,0,0.0376444,0,27418,1884.01
0.783,0,0,-0.0293574,3551.98,79.2687,0,0,0.0388042,0,27428.8,1884.78
0.784,0,0,-0.029318,3555.25,81.6263,0,0,0.0399624,0,27439.9,1885.58
0.785,0,0,-0.0292775,3558.55,83.9807,0,0,0.041119,0,27451.3,1886.4
0.786,0,0,-0.0292358,3561.88,86.3317,0,0,0.042274,0,27463.1,1887.24
0.787,0,0,-0.029193,3565.24,88.6794,0,0,0.0434274,0,27475.2,1888.11
0.788,0,0,-0.029149,3568.64,91.0236,0,0,0.044579,0,27487.6,1889
0.789,0,0,-0.0291038,3572.07,93.3641,0,0,0.0457289,0,27500.4,1889.92
0.79,0,0,-0.0290575,3575.52,95.7011,0,0,0.0468769,0,27513.5,1890.86
0.791,0,0,-0.02901,3579.01,98.0342,0,0,0.0480232,0,27526.9,1891.82
0.792,0,0,-0.0289614,3582.53,100.363,0,0,0.0491675,0,27540.7,1892.81
0.793,0,0,-0.0289117,3586.08,102.689,0,0,0.0503098,0,27554.8,1893.82
0.794,0,0,-0.0288608,3589.67,105.01,0,0,0.0514502,0,27569.2,1894.86
0.795,0,0,-0.0288088,3593.28,107.327,0,0,0.0525886,0,27584,1895.92
0.796,0,0,-0.0287557,3596.93,109.64,0,0,0.0537249,0,27599.1,1897
0.797,0,0,-0.0287014,3600.6,111.949,0,0,0.054859,0,27614.5,1898.11
0.798,0,0,-0.0286459,3604.31,114.253,0,0,0.055991,0,27630.3,1899.24
0.799,0,0,-0.0285894,3608.05,116.553,0,0,0.0571208,0,27646.4,1900.4
0.8,0,0,-0.0285317,3611.82,118.848,0,0,0.0582483,0,27662.9,1901.58
0.801,0,0,-0.0284729,3615.62,121.138,0,0,0.0593736,0,27679.6,1902.79
0.802,0,0,-0.0284129,3619.45,123.424,0,0,0.0604964,0,27696.8,1904.01
0.803,0,0,-0.0283519,3623.32,125.705,0,0,0.0616169,0,27714.2,1905.27
0.804,0,0,-0.0282897,3627.21,127.981,0,0,0.062735,0,27732,1906.54
0.805,0,0,-0.0282264,3631.14,130.251,0,0,0.0638506,0,27750.1,1907.84
0.806,0,0,-0.028162,3635.1,132.517,0,0,0.0649637,0,27768.6,1909.17
0.807,0,0,-0.0280965,3639.08,134.778,0,0,0.0660742,0,27787.4,1910.52
0.808,0,0,-0.0280299,3643.1,137.033,0,0,0.0671821,0,27806.5,1911.89
0.809,0,0,-0.0279621,3647.15,139.283,0,0,0.0682873,0,27826,1913.29
0.81,0,0,-0.0278933,3651.23,141.527,0,0,0.0693898,0,27845.8,1914.71
0.811,0,0,-0.0278234,3655.35,143.765,0,0,0.0704896,0,27866,1916.16
0.812,0,0,-0.0277523,3659.49,145.998,0,0,0.0715867,0,27886.5,1917.63
0.813,0,0,-0.0276802,3663.67,148.226,0,0,0.0726809,0,27907.3,1919.13
0.814,0,0,-0.027607,3667.87,150.447,0,0,0.0737722,0,27928.5,1920.65
0.815,0,0,-0.0275326,3672.11,152.663,0,0,0.0748606,0,27950,1922.19
0.816,0,0,-0.0274572,3676.37,154.872,0,0,0.0759461,0,27971.8,1923.76
0.817,0,0,-0.0273807,3680.67,157.076,0,0,0.0770285,0,27994,1925.35
0.818,0,0,-0.0273032,3685,159.273,0,0,0.078108,0,28016.5,1926.97
0.819,0,0,-0.0272245,3689.36,161.464,0,0,0.0791843,0,28039.4,1928.61
0.82,0,0,-0.0271448,3693.75,163.648,0,0,0.0802575,0,28062.6,1930.27
0.821,0,0,-0.027064,3698.18,165.826,0,0,0.0813275,0,28086.1,1931.97
0.822,0,0,-0.0269822,3702.63,167.998,0,0,0.0823944,0,28110,1933.68
0.823,0,0,-0.0268992,3707.11,170.163,0,0,0.083458,0,28134.3,1935.42
0.824,0,0,-0.0268152,3711.63,172.321,0,0,0.0845182,0,28158.8,1937.18
0.825,0,0,-0.0267302,3716.17,174.473,0,0,0.0855752,0,28183.7,1938.97
0.826,0,0,-0.0266441,3720.75,176.617,0,0,0.0866288,0,28209,1940.79
0.827,0,0,-0.0265569,3725.35,178.755,0,0,0.0876789,0,28234.6,1942.62
0.828,0,0,-0.0264687,3729.99,180.885,0,0,0.0887256,0,28260.5,1944.49
0.829,0,0,-0.0263795,3734.66,183.009,0,0,0.0897688,0,28286.8,1946.37
0.83,0,0,-0.0262892,3739.36,185.125,0,0,0.0908084,0,28313.4,1948.28
0.831,0,0,-0.0261979,3744.09,187.234,0,0,0.0918445,0,28340.4,1950.22
0.832,0,0,-0.0261055,3748.84,189.335,0,0,0.0928769,0,28367.7,1952.18
0.833,0,0,-0.0260121,3753.63,191.43,0,0,0.0939057,0,28395.3,1954.17
0.834,0,0,-0.0259177,3758.46,193.516,0,0,0.0949307,0,28423.3,1956.18
0.835,0,0,-0.0258223,3763.31,195.595,0,0,0.095952,0,28451.6,1958.21
0.836,0,0,-0.0257258,3768.19,197.666,0,0,0.0969696,0,28480.3,1960.27
0.837,0,0,-0.0256283,3773.1,199.73,0,0,0.0979833,0,28509.3,1962.36
0.838,0,0,-0.0255298,3778.04,201.785,0,0,0.0989931,0,28538.7,1964.47
0.839,0,0,-0.0254303,3783.01,203.833,0,0,0.099999,0,28568.4,1966.6
0.84,0,0,-0.0253298,3788.02,205.872,0,0,0.101001,0,28598.5,1968.76
0.841,0,0,-0.0252283,3793.05,207.904,0,0,0.101999,0,28628.9,1970.95
0.842,0,0,-0.0251258,3798.11,209.927,0,0,0.102993,0,28659.6,1973.15
0.843,0,0,-0.0250224,3803.21,211.942,0,0,0.103983,0,28690.7,1975.39
0.844,0,0,-0.0249179,3808.33,213.948,0,0,0.104969,0,28722.2,1977.65
0.845,0,0,-0.0248124,3813.48,215.947,0,0,0.10595,0,28754,1979.93
0.846,0,0,-0.024706,3818.67,217.936,0,0,0.106928,0,28786.1,1982.24
0.847,0,0,-0.0245986,3823.88,219.917,0,0,0.107901,0,28818.6,1984.58
0.848,0,0,-0.0244902,3829.13,221.89,0,0,0.10887,0,28851.4,1986.93
0.849,0,0,-0.0243808,3834.4,223.853,0,0,0.109835,0,28884.6,1989.32
0.85,0,0,-0.0242705,3839.7,225.808,0,0,0.110795,0,28918.1,1991.73
0.851,0,0,-0.0241592,3845.04,227.754,0,0,0.111751,0,28952,1994.16
0.852,0,0,-0.024047,3850.4,229.691,0,0,0.112702,0,28986.2,1996.62
0.853,0,0,-0.0239338,3855.79,231.619,0,0,0.11365,0,29020.8,1999.11
0.854,0,0,-0.0238197,3861.21,233.537,0,0,0.114592,0,29055.7,2001.62
0.855,0,0,-0.0237047,3866.67,235.447,0,0,0.11553,0,29091,2004.15
0.856,0,0,-0.0235887,3872.15,237.347,0,0,0.116464,0,29126.6,2006.71
0.857,0,0,-0.0234717,3877.66,239.238,0,0,0.117393,0,29162.6,2009.3
0.858,0,0,-0.0233539,3883.2,241.12,0,0,0.118317,0,29198.9,2011.91
0.859,0,0,-0.0232351,3888.77,242.992,0,0,0.119237,0,29235.6,2014.55
0.86,0,0,-0.0231154,3894.37,244.854,0,0,0.120152,0,29272.6,2017.21
0.861,0,0,-0.0229948,3900,246.707,0,0,0.121062,0,29310,2019.89
0.862,0,0,-0.0228733,3905.66,248.55,0,0,0.121967,0,29347.7,2022.61
0.863,0,0,-0.0227509,3911.34,250.383,0,0,0.122868,0,29385.8,2025.34
0.864,0,0,-0.0226275,3917.06,252.206,0,0,0.123763,0,29424.2,2028.11
0.865,0,0,-0.0225033,3922.81,254.019,0,0,0.124654,0,29463,2030.9
0.866,0,0,-0.0223782,3928.58,255.823,0,0,0.12554,0,29502.1,2033.71
0.867,0,0,-0.0222523,3934.38,257.616,0,0,0.126421,0,29541.6,2036.55
0.868,0,0,-0.0221254,3940.22,259.399,0,0,0.127297,0,29581.4,2039.41
0.869,0,0,-0.0219977,3946.08,261.172,0,0,0.128168,0,29621.6,2042.31
0.87,0,0,-0.0218691,3951.97,262.934,0,0,0.129034,0,29662.2,2045.22
0.871,0,0,-0.0217396,3957.89,264.687,0,0,0.129895,0,29703.1,2048.16
0.872,0,0,-0.0216093,3963.83,266.428,0,0,0.130751,0,29744.3,2051.13
0.873,0,0,-0.0214781,3969.81,268.16,0,0,0.131601,0,29785.9,2054.12
0.874,0,0,-0.0213461,3975.81,269.88,0,0,0.132446,0,29827.9,2057.14
0.875,0,0,-0.0212132,3981.84,271.59,0,0,0.133286,0,29870.2,2060.18
0.876,0,0,-0.0210795,3987.91,273.29,0,0,0.134121,0,29912.9,2063.25
0.877,0,0,-0.020945,3993.99,274.978,0,0,0.134951,0,29955.9,2066.35
0.878,0,0,-0.0208096,4000.11,276.656,0,0,0.135775,0,29999.3,2069.47
0.879,0,0,-0.0206734,4006.26,278.323,0,0,0.136594,0,30043,2072.62
0.88,0,0,-0.0205364,4012.43,279.978,0,0,0.137407,0,30087.1,2075.79
0.881,0,0,-0.0203986,4018.63,281.623,0,0,0.138215,0,30131.5,2078.99
0.882,0,0,-0.02026,4024.86,283.257,0,0,0.139018,0,30176.3,2082.21
0.883,0,0,-0.0201206,4031.11,284.879,0,0,0.139815,0,30221.5,2085.46
0.884,0,0,-0.0199804,4037.4,286.491,0,0,0.140607,0,30267,2088.73
0.885,0,0,-0.0198394,4043.71,288.091,0,0,0.141393,0,30312.8,2092.04
0.886,0,0,-0.0196976,4050.05,289.679,0,0,0.142173,0,30359.1,2095.36
0.887,0,0,-0.019555,4056.42,291.256,0,0,0.142948,0,30405.6,2098.71
0.888,0,0,-0.0194117,4062.81,292.822,0,0,0.143717,0,30452.6,2102.09
0.889,0,0,-0.0192676,4069.23,294.376,0,0,0.144481,0,30499.9,2105.5
0.89,0,0,-0.0191227,4075.68,295.919,0,0,0.145238,0,30547.5,2108.93
0.891,0,0,-0.0189771,4082.15,297.45,0,0,0.14599,0,30595.5,2112.38
0.892,0,0,-0.0188307,4088.65,298.969,0,0,0.146737,0,30643.9,2115.87
0.893,0,0,-0.0186836,4095.18,300.476,0,0,0.147477,0,30692.6,2119.37
0.894,0,0,-0.0185358,4101.74,301.971,0,0,0.148212,0,30741.7,2122.91
0.895,0,0,-0.0183872,4108.32,303.455,0,0,0.148941,0,30791.1,2126.47
0.896,0,0,-0.0182379,4114.92,304.927,0,0,0.149664,0,30840.9,2130.05
0.897,0,0,-0.0180879,4121.56,306.386,0,0,0.150381,0,30891,2133.66
0.898,0,0,-0.0179371,4128.22,307.834,0,0,0.151092,0,30941.5,2137.3
0.899,0,0,-0.0177857,4134.9,309.269,0,0,0.151797,0,30992.4,2140.96
0.9,0,0,-0.0176336,4141.62,310.692,0,0,0.152496,0,31043.6,2144.65
0.901,0,0,-0.0174807,4148.35,312.103,0,0,0.153189,0,31095.2,2148.37
0.902,0,0,-0.0173272,4155.12,313.502,0,0,0.153876,0,31147.1,2152.11
0.903,0,0,-0.017173,4161.91,314.888,0,0,0.154557,0,31199.4,2155.88
0.904,0,0,-0.0170181,4168.72,316.262,0,0,0.155232,0,31252.1,2159.67
0.905,0,0,-0.0168625,4175.56,317.623,0,0,0.155901,0,31305.1,2163.49
0.906,0,0,-0.0167063,4182.43,318.972,0,0,0.156564,0,31358.5,2167.33
0.907,0,0,-0.0165494,4189.32,320.308,0,0,0.15722,0,31412.2,2171.2
0.908,0,0,-0.0163918,4196.23,321.631,0,0,0.15787,0,31466.3,2175.1
0.909,0,0,-0.0162336,4203.17,322.942,0,0,0.158514,0,31520.7,2179.02
0.91,0,0,-0.0160748,4210.14,324.241,0,0,0.159152,0,31575.5,2182.97
0.911,0,0,-0.0159153,4217.12,325.526,0,0,0.159784,0,31630.7,2186.95
0.912,0,0,-0.0157552,4224.14,326.798,0,0,0.160409,0,31686.2,2190.95
0.913,0,0,-0.0155945,4231.18,328.058,0,0,0.161028,0,31742.1,2194.98
0.914,0,0,-0.0154332,4238.24,329.305,0,0,0.16164,0,31798.3,2199.03
0.915,0,0,-0.0152712,4245.32,330.538,0,0,0.162246,0,31854.9,2203.11
0.916,0,0,-0.0151087,4252.43,331.759,0,0,0.162846,0,31911.8,2207.21
0.917,0,0,-0.0149456,4259.56,332.967,0,0,0.163439,0,31969.1,2211.35
0.918,0,0,-0.0147818,4266.72,334.161,0,0,0.164026,0,32026.8,2215.5
0.919,0,0,-0.0146175,4273.9,335.342,0,0,0.164606,0,32084.8,2219.68
0.92,0,0,-0.0144526,4281.1,336.51,0,0,0.16518,0,32143.2,2223.89
0.921,0,0,-0.0142871,4288.33,337.665,0,0,0.165747,0,32201.9,2228.13
0.922,0,0,-0.0141211,4295.58,338.807,0,0,0.166308,0,32261,2232.39
0.923,0,0,-0.0139545,4302.85,339.935,0,0,0.166862,0,32320.4,2236.68
0.924,0,0,-0.0137874,4310.14,341.049,0,0,0.16741,0,32380.2,2240.99
0.925,0,0,-0.0136197,4317.46,342.151,0,0,0.167951,0,32440.4,2245.33
0.926,0,0,-0.0134515,4324.8,343.238,0,0,0.168485,0,32500.9,2249.69
0.927,0,0,-0.0132827,4332.16,344.312,0,0,0.169013,0,32561.8,2254.08
0.928,0,0,-0.0131135,4339.54,345.373,0,0,0.169534,0,32623,2258.5
0.929,0,0,-0.0129437,4346.95,346.42,0,0,0.170048,0,32684.5,2262.94
0.93,0,0,-0.0127734,4354.37,347.453,0,0,0.170556,0,32746.5,2267.41
0.931,0,0,-0.0126026,4361.82,348.473,0,0,0.171057,0,32808.8,2271.9
0.932,0,0,-0.0124313,4369.28,349.479,0,0,0.171551,0,32871.4,2276.42
0.933,0,0,-0.0122595,4376.77,350.471,0,0,0.172038,0,32934.4,2280.97
0.934,0,0,-0.0120872,4384.28,351.449,0,0,0.172519,0,32997.7,2285.54
0.935,0,0,-0.0119144,4391.81,352.414,0,0,0.172993,0,33061.4,2290.13
0.936,0,0,-0.0117412,4399.36,353.364,0,0,0.17346,0,33125.5,2294.76
0.937,0,0,-0.0115675,4406.93,354.301,0,0,0.17392,0,33189.9,2299.4
0.938,0,0,-0.0113934,4414.52,355.223,0,0,0.174373,0,33254.6,2304.08
0.939,0,0,-0.0112188,4422.13,356.132,0,0,0.174819,0,33319.7,2308.78
0.94,0,0,-0.0110437,4429.76,357.026,0,0,0.175259,0,33385.2,2313.5
0.941,0,0,-0.0108683,4437.41,357.907,0,0,0.175691,0,33451,2318.25
0.942,0,0,-0.0106924,4445.07,358.773,0,0,0.176117,0,33517.1,2323.03
0.943,0,0,-0.010516,4452.76,359.625,0,0,0.176535,0,33583.6,2327.83
0.944,0,0,-0.0103393,4460.46,360.463,0,0,0.176947,0,33650.5,2332.66
0.945,0,0,-0.0101621,4468.19,361.287,0,0,0.177352,0,33717.7,2337.51
0.946,0,0,-0.00998459,4475.93,362.096,0,0,0.17775,0,33785.2,2342.39
0.947,0,0,-0.00980664,4483.69,362.891,0,0,0.17814,0,33853.1,2347.29
0.948,0,0,-0.00962831,4491.46,363.672,0,0,0.178524,0,33921.3,2352.22
0.949,0,0,-0.0094496,4499.26,364.439,0,0,0.1789,0,33989.9,2357.17
0.95,0,0,-0.00927051,4507.07,365.191,0,0,0.17927,0,34058.8,2362.15
0.951,0,0,-0.00909106,4514.9,365.929,0,0,0.179632,0,34128.1,2367.15
0.952,0,0,-0.00891125,4522.74,366.652,0,0,0.179988,0,34197.7,2372.18
0.953,0,0,-0.00873109,4530.61,367.361,0,0,0.180336,0,34267.7,2377.23
0.954,0,0,-0.00855058,4538.48,368.055,0,0,0.180677,0,34338,2382.31
0.955,0,0,-0.00836973,4546.38,368.735,0,0,0.181011,0,34408.6,2387.42
0.956,0,0,-0.00818856,4554.29,369.401,0,0,0.181338,0,34479.6,2392.55
0.957,0,0,-0.00800706,4562.21,370.051,0,0,0.181658,0,34550.9,2397.7
0.958,0,0,-0.00782525,4570.15,370.687,0,0,0.18197,0,34622.6,2402.88
0.959,0,0,-0.00764312,4578.11,371.309,0,0,0.182275,0,34694.5,2408.08
0.96,0,0,-0.0074607,4586.08,371.916,0,0,0.182574,0,34766.9,2413.31
0.961,0,0,-0.00727798,4594.06,372.508,0,0,0.182865,0,34839.5,2418.56
0.962,0,0,-0.00709497,4602.06,373.086,0,0,0.183148,0,34912.5,2423.84
0.963,0,0,-0.00691168,4610.07,373.648,0,0,0.183425,0,34985.9,2429.14
0.964,0,0,-0.00672812,4618.1,374.196,0,0,0.183694,0,35059.5,2434.46
0.965,0,0,-0.0065443,4626.14,374.73,0,0,0.183956,0,35133.5,2439.81
0.966,0,0,-0.00636021,4634.19,375.248,0,0,0.184211,0,35207.9,2445.19
0.967,0,0,-0.00617588,4642.26,375.752,0,0,0.184458,0,35282.5,2450.59
0.968,0,0,-0.0059913,4650.34,376.241,0,0,0.184698,0,35357.5,2456.01
0.969,0,0,-0.00580648,4658.43,376.715,0,0,0.184931,0,35432.8,2461.46
0.97,0,0,-0.00562144,4666.53,377.174,0,0,0.185157,0,35508.5,2466.93
0.971,0,0,-0.00543617,4674.64,377.618,0,0,0.185375,0,35584.4,2472.42
0.972,0,0,-0.00525069,4682.77,378.048,0,0,0.185586,0,35660.7,2477.94
0.973,0,0,-0.005065,4690.9,378.462,0,0,0.18579,0,35737.3,2483.48
0.974,0,0,-0.00487911,4699.05,378.862,0,0,0.185986,0,35814.3,2489.05
0.975,0,0,-0.00469303,4707.21,379.246,0,0,0.186175,0,35891.5,2494.63
0.976,0,0,-0.00450677,4715.37,379.616,0,0,0.186356,0,35969.1,2500.25
0.977,0,0,-0.00432032,4723.55,379.971,0,0,0.186531,0,36047,2505.88
0.978,0,0,-0.00413371,4731.74,380.31,0,0,0.186698,0,36125.2,2511.54
0.979,0,0,-0.00394693,4739.93,380.635,0,0,0.186857,0,36203.7,2517.22
0.98,0,0,-0.00376,4748.14,380.945,0,0,0.187009,0,36282.5,2522.93
0.981,0,0,-0.00357291,4756.35,381.239,0,0,0.187154,0,36361.7,2528.65
0.982,0,0,-0.00338569,4764.57,381.519,0,0,0.187291,0,36441.1,2534.41
0.983,0,0,-0.00319833,4772.8,381.783,0,0,0.187421,0,36520.9,2540.18
0.984,0,0,-0.00301085,4781.03,382.033,0,0,0.187544,0,36600.9,2545.97
0.985,0,0,-0.00282325,4789.28,382.267,0,0,0.187659,0,36681.3,2551.79
0.986,0,0,-0.00263554,4797.53,382.487,0,0,0.187767,0,36762,2557.63
0.987,0,0,-0.00244772,4805.78,382.691,0,0,0.187867,0,36843,2563.5
0.988,0,0,-0.0022598,4814.04,382.88,0,0,0.18796,0,36924.2,2569.38
0.989,0,0,-0.0020718,4822.31,383.054,0,0,0.188046,0,37005.8,2575.29
0.99,0,0,-0.00188372,4830.59,383.213,0,0,0.188124,0,37087.7,2581.22
0.991,0,0,-0.00169556,4838.86,383.357,0,0,0.188194,0,37169.9,2587.17
0.992,0,0,-0.00150733,4847.15,383.486,0,0,0.188257,0,37252.3,2593.14
0.993,0,0,-0.00131904,4855.44,383.599,0,0,0.188313,0,37335.1,2599.13
0.994,0,0,-0.00113071,4863.73,383.698,0,0,0.188362,0,37418.1,2605.15
0.995,0,0,-0.000942323,4872.02,383.781,0,0,0.188403,0,37501.4,2611.18
0.996,0,0,-0.000753903,4880.32,383.849,0,0,0.188436,0,37585,2617.24
0.997,0,0,-0.000565453,4888.62,383.902,0,0,0.188462,0,37668.9,2623.32
0.998,0,0,-0.000376981,4896.92,383.94,0,0,0.188481,0,37753.1,2629.42
0.999,0,0,-0.000188494,4905.23,383.963,0,0,0.188492,0,37837.6,2635.54
1,0,0,1.25879e-16,4913.53,383.97,0,0,0.188496,0,37922.3,2641.68
1.001,0,0,0.000188494,4921.84,383.963,0,0,0.188492,0,38007.3,2647.84
1.002,0,0,0.000376981,4930.15,383.94,0,0,0.188481,0,38092.6,2654.02
1.003,0,0,0.000565453,4938.46,383.902,0,0,0.188462,0,38178.1,2660.22
1.004,0,0,0.000753903,4946.77,383.849,0,0,0.188436,0,38264,2666.44
1.005,0,0,0.000942323,4955.08,383.781,0,0,0.188403,0,38350.1,2672.68
1.006,0,0,0.00113071,4963.39,383.698,0,0,0.188362,0,38436.4,2678.94
1.007,0,0,0.00131904,4971.69,383.599,0,0,0.188313,0,38523,2685.22
1.008,0,0,0.00150733,4980,383.486,0,0,0.188257,0,38609.9,2691.51
1.009,0,0,0.00169556,4988.3,383.357,0,0,0.188194,0,38697,2697.83
1.01,0,0,0.00188372,4996.6,383.213,0,0,0.188124,0,38784.4,2704.17
1.011,0,0,0.0020718,5004.9,383.054,0,0,0.188046,0,38872,2710.52
1.012,0,0,0.0022598,5013.2,382.88,0,0,0.18796,0,38959.9,2716.89
1.013,0,0,0.00244772,5021.49,382.691,0,0,0.187867,0,39048,2723.28
1.014,0,0,0.00263554,5029.78,382.487,0,0,0.187767,0,39136.4,2729.69
1.015,0,0,0.00282325,5038.06,382.267,0,0,0.187659,0,39225,2736.12
1.016,0,0,0.00301085,5046.34,382.033,0,0,0.187544,0,39313.8,2742.56
1.017,0,0,0.00319833,5054.61,381.783,0,0,0.187421,0,39402.9,2749.03
1.018,0,0,0.00338569,5062.87,381.519,0,0,0.187291,0,39492.2,2755.51
1.019,0,0,0.00357291,5071.13,381.239,0,0,0.187154,0,39581.7,2762
1.02,0,0,0.00376,5079.39,380.945,0,0,0.187009,0,39671.5,2768.51
1.021,0,0,0.00394693,5087.63,380.635,0,0,0.186857,0,39761.5,2775.04
1.022,0,0,0.00413371,5095.87,380.31,0,0,0.186698,0,39851.7,2781.59
1.023,0,0,0.00432032,5104.1,379.971,0,0,0.186531,0,39942.1,2788.15
1.024,0,0,0.00450677,5112.32,379.616,0,0,0.186356,0,40032.8,2794.73
1.025,0,0,0.00469303,5120.54,379.246,0,0,0.186175,0,40123.6,2801.32
1.026,0,0,0.00487911,5128.74,378.862,0,0,0.185986,0,40214.7,2807.93
1.027,0,0,0.005065,5136.93,378.462,0,0,0.18579,0,40305.9,2814.56
1.028,0,0,0.00525069,5145.11,378.048,0,0,0.185586,0,40397.4,2821.2
1.029,0,0,0.00543617,5153.29,377.618,0,0,0.185375,0,40489,2827.85
1.03,0,0,0.00562144,5161.45,377.174,0,0,0.185157,0,40580.9,2834.52
1.031,0,0,0.00580648,5169.59,376.715,0,0,0.184931,0,40672.9,2841.2
1.032,0,0,0.0059913,5177.73,376.241,0,0,0.184698,0,40765.2,2847.9
1.033,0,0,0.00617588,5185.85,375.752,0,0,0.184458,0,40857.6,2854.61
1.034,0,0,0.00636021,5193.96,375.248,0,0,0.184211,0,40950.2,2861.34
1.035,0,0,0.0065443,5202.06,374.73,0,0,0.183956,0,41043,2868.07
1.036,0,0,0.00672812,5210.14,374.196,0,0,0.183694,0,41135.9,2874.83
1.037,0,0,0.00691168,5218.21,373.648,0,0,0.183425,0,41229,2881.59
1.038,0,0,0.00709497,5226.26,373.086,0,0,0.183148,0,41322.3,2888.37
1.039,0,0,0.00727798,5234.29,372.508,0,0,0.182865,0,41415.8,2895.15
1.04,0,0,0.0074607,5242.31,371.916,0,0,0.182574,0,41509.4,2901.95
1.041,0,0,0.00764312,5250.32,371.309,0,0,0.182275,0,41603.1,2908.77
1.042,0,0,0.00782525,5258.3,370.687,0,0,0.18197,0,41697,2915.59
1.043,0,0,0.00800706,5266.27,370.051,0,0,0.181658,0,41791.1,2922.42
1.044,0,0,0.00818856,5274.22,369.401,0,0,0.181338,0,41885.3,2929.27
1.045,0,0,0.00836973,5282.15,368.735,0,0,0.181011,0,41979.6,2936.12
1.046,0,0,0.00855058,5290.06,368.055,0,0,0.180677,0,42074.1,2942.99
1.047,0,0,0.00873109,5297.95,367.361,0,0,0.180336,0,42168.7,2949.87
1.048,0,0,0.00891125,5305.82,366.652,0,0,0.179988,0,42263.4,2956.75
1.049,0,0,0.00909106,5313.67,365.929,0,0,0.179632,0,42358.3,2963.65
1.05,0,0,0.00927051,5321.5,365.191,0,0,0.17927,0,42453.3,2970.55
1.051,0,0,0.0094496,5329.31,364.439,0,0,0.1789,0,42548.4,2977.46
1.052,0,0,0.00962831,5337.09,363.672,0,0,0.178524,0,42643.5,2984.38
1.053,0,0,0.00980664,5344.85,362.891,0,0,0.17814,0,42738.8,2991.31
1.054,0,0,0.00998459,5352.59,362.096,0,0,0.17775,0,42834.2,2998.25
1.055,0,0,0.0101621,5360.3,361.287,0,0,0.177352,0,42929.7,3005.19
1.056,0,0,0.0103393,5367.99,360.463,0,0,0.176947,0,43025.3,3012.14
1.057,0,0,0.010516,5375.65,359.625,0,0,0.176535,0,43121,3019.1
1.058,0,0,0.0106924,5383.29,358.773,0,0,0.176117,0,43216.7,3026.07
1.059,0,0,0.0108683,5390.91,357.907,0,0,0.175691,0,43312.6,3033.04
1.06,0,0,0.0110437,5398.49,357.026,0,0,0.175259,0,43408.5,3040.01
1.061,0,0,0.0112188,5406.05,356.132,0,0,0.174819,0,43504.5,3046.99
1.062,0,0,0.0113934,5413.58,355.223,0,0,0.174373,0,43600.5,3053.98
1.063,0,0,0.0115675,5421.08,354.301,0,0,0.17392,0,43696.6,3060.97
1.064,0,0,0.0117412,5428.55,353.364,0,0,0.17346,0,43792.7,3067.97
1.065,0,0,0.0119144,5436,352.414,0,0,0.172993,0,43888.9,3074.97
1.066,0,0,0.0120872,5443.41,351.449,0,0,0.172519,0,43985.2,3081.97
1.067,0,0,0.0122595,5450.79,350.471,0,0,0.172038,0,44081.4,3088.98
1.068,0,0,0.0124313,5458.15,349.479,0,0,0.171551,0,44177.8,3095.98
1.069,0,0,0.0126026,5465.47,348.473,0,0,0.171057,0,44274.1,3103
1.07,0,0,0.0127734,5472.75,347.453,0,0,0.170556,0,44370.4,3110.01
1.071,0,0,0.0129437,5480.01,346.42,0,0,0.170048,0,44466.8,3117.02
1.072,0,0,0.0131135,5487.23,345.373,0,0,0.169534,0,44563.2,3124.04
1.073,0,0,0.0132827,5494.42,344.312,0,0,0.169013,0,44659.6,3131.06
1.074,0,0,0.0134515,5501.57,343.238,0,0,0.168485,0,44756,3138.08
1.075,0,0,0.0136197,5508.69,342.151,0,0,0.167951,0,44852.4,3145.09
1.076,0,0,0.0137874,5515.78,341.049,0,0,0.16741,0,44948.8,3152.11
1.077,0,0,0.0139545,5522.82,339.935,0,0,0.166862,0,45045.2,3159.13
1.078,0,0,0.0141211,5529.84,338.807,0,0,0.166308,0,45141.5,3166.15
1.079,0,0,0.0142871,5536.81,337.665,0,0,0.165747,0,45237.8,3173.16
1.08,0,0,0.0144526,5543.75,336.51,0,0,0.16518,0,45334.1,3180.17
1.081,0,0,0.0146175,5550.64,335.342,0,0,0.164606,0,45430.4,3187.18
1.082,0,0,0.0147818,5557.5,334.161,0,0,0.164026,0,45526.6,3194.19
1.083,0,0,0.0149456,5564.32,332.967,0,0,0.163439,0,45622.8,3201.2
1.084,0,0,0.0151087,5571.1,331.759,0,0,0.162846,0,45718.9,3208.2
1.085,0,0,0.0152712,5577.84,330.538,0,0,0.162246,0,45815,3215.19
1.086,0,0,0.0154332,5584.54,329.305,0,0,0.16164,0,45910.9,3222.19
1.087,0,0,0.0155945,5591.2,328.058,0,0,0.161028,0,46006.9,3229.18
1.088,0,0,0.0157552,5597.81,326.798,0,0,0.160409,0,46102.7,3236.16
1.089,0,0,0.0159153,5604.39,325.526,0,0,0.159784,0,46198.4,3243.13
1.09,0,0,0.0160748,5610.92,324.241,0,0,0.159152,0,46294.1,3250.11
1.091,0,0,0.0162336,5617.4,322.942,0,0,0.158514,0,46389.7,3257.07
1.092,0,0,0.0163918,5623.84,321.631,0,0,0.15787,0,46485.1,3264.03
1.093,0,0,0.0165494,5630.24,320.308,0,0,0.15722,0,46580.5,3270.98
1.094,0,0,0.0167063,5636.59,318.972,0,0,0.156564,0,46675.7,3277.92
1.095,0,0,0.0168625,5642.89,317.623,0,0,0.155901,0,46770.9,3284.85
1.096,0,0,0.0170181,5649.15,316.262,0,0,0.155232,0,46865.9,3291.78
1.097,0,0,0.017173,5655.36,314.888,0,0,0.154557,0,46960.7,3298.69
1.098,0,0,0.0173272,5661.53,313.502,0,0,0.153876,0,47055.5,3305.6
1.099,0,0,0.0174807,5667.64,312.103,0,0,0.153189,0,47150,3312.49
1.1,0,0,0.0176336,5673.71,310.692,0,0,0.152496,0,47244.5,3319.38
1.101,0,0,0.0177857,5679.73,309.269,0,0,0.151797,0,47338.7,3326.25
1.102,0,0,0.0179371,5685.7,307.834,0,0,0.151092,0,47432.8,3333.11
1.103,0,0,0.0180879,5691.62,306.386,0,0,0.150381,0,47526.8,3339.96
1.104,0,0,0.0182379,5697.48,304.927,0,0,0.149664,0,47620.5,3346.8
1.105,0,0,0.0183872,5703.3,303.455,0,0,0.148941,0,47714.1,3353.62
1.106,0,0,0.0185358,5709.06,301.971,0,0,0.148212,0,47807.5,3360.43
1.107,0,0,0.0186836,5714.78,300.476,0,0,0.147477,0,47900.7,3367.23
1.108,0,0,0.0188307,5720.44,298.969,0,0,0.146737,0,47993.6,3374.01
1.109,0,0,0.0189771,5726.04,297.45,0,0,0.14599,0,48086.4,3380.77
1.11,0,0,0.0191227,5731.59,295.919,0,0,0.145238,0,48179,3387.53
1.111,0,0,0.0192676,5737.09,294.376,0,0,0.144481,0,48271.3,3394.26
1.112,0,0,0.0194117,5742.53,292.822,0,0,0.143717,0,48363.4,3400.98
1.113,0,0,0.019555,5747.92,291.256,0,0,0.142948,0,48455.2,3407.68
1.114,0,0,0.0196976,5753.25,289.679,0,0,0.142173,0,48546.8,3414.37
1.115,0,0,0.0198394,5758.53,288.091,0,0,0.141393,0,48638.2,3421.03
1.116,0,0,0.0199804,5763.74,286.491,0,0,0.140607,0,48729.3,3427.68
1.117,0,0,0.0201206,5768.9,284.879,0,0,0.139815,0,48820.1,3434.31
1.118,0,0,0.02026,5774.01,283.257,0,0,0.139018,0,48910.7,3440.92
1.119,0,0,0.0203986,5779.05,281.623,0,0,0.138215,0,49001,3447.51
1.12,0,0,0.0205364,5784.03,279.978,0,0,0.137407,0,49091,3454.07
1.121,0,0,0.0206734,5788.96,278.323,0,0,0.136594,0,49180.7,3460.62
1.122,0,0,0.0208096,5793.82,276.656,0,0,0.135775,0,49270.1,3467.15
1.123,0,0,0.020945,5798.63,274.978,0,0,0.134951,0,49359.2,3473.65
1.124,0,0,0.0210795,5803.37,273.29,0,0,0.134121,0,49448,3480.13
1.125,0,0,0.0212132,5808.06,271.59,0,0,0.133286,0,49536.5,3486.59
1.126,0,0,0.0213461,5812.68,269.88,0,0,0.132446,0,49624.6,3493.03
1.127,0,0,0.0214781,5817.24,268.16,0,0,0.131601,0,49712.4,3499.44
1.128,0,0,0.0216093,5821.73,266.428,0,0,0.130751,0,49799.9,3505.82
1.129,0,0,0.0217396,5826.17,264.687,0,0,0.129895,0,49887,3512.18
1.13,0,0,0.0218691,5830.53,262.934,0,0,0.129034,0,49973.8,3518.52
1.131,0,0,0.0219977,5834.84,261.172,0,0,0.128168,0,50060.2,3524.83
1.132,0,0,0.0221254,5839.08,259.399,0,0,0.127297,0,50146.2,3531.11
1.133,0,0,0.0222523,5843.26,257.616,0,0,0.126421,0,50231.9,3537.36
1.134,0,0,0.0223782,5847.37,255.823,0,0,0.12554,0,50317.2,3543.59
1.135,0,0,0.0225033,5851.41,254.019,0,0,0.124654,0,50402,3549.79
1.136,0,0,0.0226275,5855.39,252.206,0,0,0.123763,0,50486.5,3555.96
1.137,0,0,0.0227509,5859.3,250.383,0,0,0.122868,0,50570.6,3562.1
1.138,0,0,0.0228733,5863.14,248.55,0,0,0.121967,0,50654.3,3568.21
1.139,0,0,0.0229948,5866.92,246.707,0,0,0.121062,0,50737.5,3574.29
1.14,0,0,0.0231154,5870.63,244.854,0,0,0.120152,0,50820.3,3580.34
1.141,0,0,0.0232351,5874.27,242.992,0,0,0.119237,0,50902.7,3586.36
1.142,0,0,0.0233539,5877.84,241.12,0,0,0.118317,0,50984.7,3592.35
1.143,0,0,0.0234717,5881.34,239.238,0,0,0.117393,0,51066.2,3598.3
1.144,0,0,0.0235887,5884.78,237.347,0,0,0.116464,0,51147.2,3604.22
1.145,0,0,0.0237047,5888.14,235.447,0,0,0.11553,0,51227.8,3610.11
1.146,0,0,0.0238197,5891.43,233.537,0,0,0.114592,0,51307.9,3615.96
1.147,0,0,0.0239338,5894.66,231.619,0,0,0.11365,0,51387.5,3621.78
1.148,0,0,0.024047,5897.81,229.691,0,0,0.112702,0,51466.7,3627.57
1.149,0,0,0.0241592,5900.89,227.754,0,0,0.111751,0,51545.4,3633.31
1.15,0,0,0.0242705,5903.9,225.808,0,0,0.110795,0,51623.5,3639.03
1.151,0,0,0.0243808,5906.83,223.853,0,0,0.109835,0,51701.2,3644.7
1.152,0,0,0.0244902,5909.7,221.89,0,0,0.10887,0,51778.3,3650.34
1.153,0,0,0.0245986,5912.49,219.917,0,0,0.107901,0,51855,3655.94
1.154,0,0,0.024706,5915.21,217.936,0,0,0.106928,0,51931.1,3661.5
1.155,0,0,0.0248124,5917.85,215.947,0,0,0.10595,0,52006.7,3667.03
1.156,0,0,0.0249179,5920.43,213.948,0,0,0.104969,0,52081.7,3672.51
1.157,0,0,0.0250224,5922.92,211.942,0,0,0.103983,0,52156.2,3677.96
1.158,0,0,0.0251258,5925.35,209.927,0,0,0.102993,0,52230.1,3683.36
1.159,0,0,0.0252283,5927.7,207.904,0,0,0.101999,0,52303.5,3688.73
1.16,0,0,0.0253298,5929.97,205.872,0,0,0.101001,0,52376.3,3694.05
1.161,0,0,0.0254303,5932.17,203.833,0,0,0.099999,0,52448.6,3699.33
1.162,0,0,0.0255298,5934.29,201.785,0,0,0.0989931,0,52520.3,3704.57
1.163,0,0,0.0256283,5936.34,199.73,0,0,0.0979833,0,52591.3,3709.77
1.164,0,0,0.0257258,5938.31,197.666,0,0,0.0969696,0,52661.8,3714.92
1.165,0,0,0.0258223,5940.21,195.595,0,0,0.095952,0,52731.7,3720.03
1.166,0,0,0.0259177,5942.03,193.516,0,0,0.0949307,0,52801,3725.1
1.167,0,0,0.0260121,5943.77,191.43,0,0,0.0939057,0,52869.6,3730.12
1.168,0,0,0.0261055,5945.44,189.335,0,0,0.0928769,0,52937.7,3735.09
1.169,0,0,0.0261979,5947.03,187.234,0,0,0.0918445,0,53005.1,3740.02
1.17,0,0,0.0262892,5948.54,185.125,0,0,0.0908084,0,53071.9,3744.91
1.171,0,0,0.0263795,5949.98,183.009,0,0,0.0897688,0,53138,3749.74
1.172,0,0,0.0264687,5951.33,180.885,0,0,0.0887256,0,53203.5,3754.53
1.173,0,0,0.0265569,5952.61,178.755,0,0,0.0876789,0,53268.4,3759.28
1.174,0,0,0.0266441,5953.81,176.617,0,0,0.0866288,0,53332.6,3763.97
1.175,0,0,0.0267302,5954.94,174.473,0,0,0.0855752,0,53396.1,3768.62
1.176,0,0,0.0268152,5955.98,172.321,0,0,0.0845182,0,53459,3773.22
1.177,0,0,0.0268992,5956.95,170.163,0,0,0.083458,0,53521.1,3777.76
1.178,0,0,0.0269822,5957.84,167.998,0,0,0.0823944,0,53582.6,3782.26
1.179,0,0,0.027064,5958.64,165.826,0,0,0.0813275,0,53643.4,3786.71
1.18,0,0,0.0271448,5959.37,163.648,0,0,0.0802575,0,53703.5,3791.11
1.181,0,0,0.0272245,5960.02,161.464,0,0,0.0791843,0,53762.9,3795.45
1.182,0,0,0.0273032,5960.59,159.273,0,0,0.078108,0,53821.6,3799.75
1.183,0,0,0.0273807,5961.09,157.076,0,0,0.0770285,0,53879.6,3803.99
1.184,0,0,0.0274572,5961.5,154.872,0,0,0.0759461,0,53936.9,3808.18
1.185,0,0,0.0275326,5961.83,152.663,0,0,0.0748606,0,53993.4,3812.31
1.186,0,0,0.027607,5962.09,150.447,0,0,0.0737722,0,54049.2,3816.4
1.187,0,0,0.0276802,5962.26,148.226,0,0,0.0726809,0,54104.3,3820.43
1.188,0,0,0.0277523,5962.35,145.998,0,0,0.0715867,0,54158.6,3824.4
1.189,0,0,0.0278234,5962.37,143.765,0,0,0.0704896,0,54212.2,3828.32
1.19,0,0,0.0278933,5962.3,141.527,0,0,0.0693898,0,54265,3832.19
1.191,0,0,0.0279621,5962.16,139.283,0,0,0.0682873,0,54317.1,3836
1.192,0,0,0.0280299,5961.93,137.033,0,0,0.0671821,0,54368.4,3839.75
1.193,0,0,0.0280965,5961.62,134.778,0,0,0.0660742,0,54418.9,3843.45
1.194,0,0,0.028162,5961.24,132.517,0,0,0.0649637,0,54468.7,3847.09
1.195,0,0,0.0282264,5960.77,130.251,0,0,0.0638506,0,54517.7,3850.67
1.196,0,0,0.0282897,5960.23,127.981,0,0,0.062735,0,54565.9,3854.2
1.197,0,0,0.0283519,5959.6,125.705,0,0,0.0616169,0,54613.3,3857.67
1.198,0,0,0.0284129,5958.89,123.424,0,0,0.0604964,0,54659.9,3861.08
1.199,0,0,0.0284729,5958.11,121.138,0,0,0.0593736,0,54705.7,3864.43
1.2,0,0,0.0285317,5957.24,118.848,0,0,0.0582483,0,54750.7,3867.72
1.201,0,0,0.0285894,5956.3,116.553,0,0,0.0571208,0,54794.9,3870.96
1.202,0,0,0.0286459,5955.27,114.253,0,0,0.055991,0,54838.2,3874.13
1.203,0,0,0.0287014,5954.16,111.949,0,0,0.054859,0,54880.8,3877.25
1.204,0,0,0.0287557,5952.98,109.64,0,0,0.0537249,0,54922.5,3880.3
1.205,0,0,0.0288088,5951.71,107.327,0,0,0.0525886,0,54963.4,3883.3
1.206,0,0,0.0288608,5950.37,105.01,0,0,0.0514502,0,55003.5,3886.23
1.207,0,0,0.0289117,5948.94,102.689,0,0,0.0503098,0,55042.7,3889.1
1.208,0,0,0.0289614,5947.44,100.363,0,0,0.0491675,0,55081.1,3891.91
1.209,0,0,0.02901,5945.86,98.0342,0,0,0.0480232,0,55118.7,3894.66
1.21,0,0,0.0290575,5944.2,95.7011,0,0,0.0468769,0,55155.4,3897.35
1.211,0,0,0.0291038,5942.45,93.3641,0,0,0.0457289,0,55191.2,3899.97
1.212,0,0,0.029149,5940.63,91.0236,0,0,0.044579,0,55226.2,3902.53
1.213,0,0,0.029193,5938.73,88.6794,0,0,0.0434274,0,55260.4,3905.03
1.214,0,0,0.0292358,5936.76,86.3317,0,0,0.042274,0,55293.6,3907.47
1.215,0,0,0.0292775,5934.7,83.9807,0,0,0.041119,0,55326,3909.84
1.216,0,0,0.029318,5932.56,81.6263,0,0,0.0399624,0,55357.5,3912.15
1.217,0,0,0.0293574,5930.35,79.2687,0,0,0.0388042,0,55388.2,3914.39
1.218,0,0,0.0293957,5928.06,76.908,0,0,0.0376444,0,55418,3916.57
1.219,0,0,0.0294327,5925.69,74.5443,0,0,0.0364832,0,55446.8,3918.68
1.22,0,0,0.0294686,5923.25,72.1777,0,0,0.0353205,0,55474.9,3920.73
1.221,0,0,0.0295034,5920.72,69.8082,0,0,0.0341565,0,55502,3922.72
1.222,0,0,0.0295369,5918.12,67.4359,0,0,0.0329911,0,55528.2,3924.64
1.223,0,0,0.0295693,5915.44,65.0611,0,0,0.0318244,0,55553.5,3926.49
1.224,0,0,0.0296006,5912.69,62.6836,0,0,0.0306564,0,55578,3928.28
1.225,0,0,0.0296307,5909.85,60.3037,0,0,0.0294872,0,55601.5,3930.01
1.226,0,0,0.0296596,5906.95,57.9214,0,0,0.0283169,0,55624.1,3931.66
1.227,0,0,0.0296873,5903.96,55.5369,0,0,0.0271454,0,55645.9,3933.25
1.228,0,0,0.0297138,5900.9,53.1502,0,0,0.0259729,0,55666.7,3934.78
1.229,0,0,0.0297392,5897.77,50.7613,0,0,0.0247993,0,55686.6,3936.24
1.23,0,0,0.0297634,5894.56,48.3705,0,0,0.0236248,0,55705.6,3937.63
1.231,0,0,0.0297865,5891.27,45.9778,0,0,0.0224493,0,55723.7,3938.95
1.232,0,0,0.0298083,5887.91,43.5833,0,0,0.0212729,0,55740.9,3940.21
1.233,0,0,0.029829,5884.48,41.1871,0,0,0.0200957,0,55757.1,3941.4
1.234,0,0,0.0298485,5880.97,38.7892,0,0,0.0189177,0,55772.4,3942.52
1.235,0,0,0.0298669,5877.39,36.3899,0,0,0.017739,0,55786.9,3943.58
1.236,0,0,0.029884,5873.73,33.9891,0,0,0.0165596,0,55800.4,3944.57
1.237,0,0,0.0299,5870,31.587,0,0,0.0153795,0,55812.9,3945.49
1.238,0,0,0.0299148,5866.2,29.1836,0,0,0.0141988,0,55824.6,3946.34
1.239,0,0,0.0299284,5862.33,26.7791,0,0,0.0130175,0,55835.3,3947.12
1.24,0,0,0.0299408,5858.38,24.3736,0,0,0.0118357,0,55845.1,3947.84
1.241,0,0,0.029952,5854.36,21.9671,0,0,0.0106535,0,55853.9,3948.49
1.242,0,0,0.0299621,5850.27,19.5598,0,0,0.00947083,0,55861.9,3949.07
1.243,0,0,0.029971,5846.12,17.1517,0,0,0.0082878,0,55868.9,3949.58
1.244,0,0,0.0299787,5841.88,14.7429,0,0,0.00710443,0,55874.9,3950.03
1.245,0,0,0.0299852,5837.58,12.3335,0,0,0.00592079,0,55880.1,3950.4
1.246,0,0,0.0299905,5833.21,9.92373,0,0,0.00473691,0,55884.3,3950.71
1.247,0,0,0.0299947,5828.77,7.51353,0,0,0.00355285,0,55887.5,3950.95
1.248,0,0,0.0299976,5824.26,5.10305,0,0,0.00236864,0,55889.9,3951.12
1.249,0,0,0.0299994,5819.69,2.69237,0,0,0.00118434,0,55891.3,3951.22
1.25,0,0,0.03,5815.04,6.48664e-11,0,0,3.18671e-14,0,55891.7,3951.26
1.251,0,0,0.0299994,5810.33,-2.69237,0,0,-0.00118434,0,55891.3,3951.22
1.252,0,0,0.0299976,5805.55,-5.10305,0,0,-0.00236864,0,55889.9,3951.12
1.253,0,0,0.0299947,5800.7,-7.51353,0,0,-0.00355285,0,55887.5,3950.95
1.254,0,0,0.0299905,5795.78,-9.92373,0,0,-0.00473691,0,55884.3,3950.71
1.255,0,0,0.0299852,5790.8,-12.3335,0,0,-0.00592079,0,55880.1,3950.4
1.256,0,0,0.0299787,5785.76,-14.7429,0,0,-0.00710443,0,55874.9,3950.03
1.257,0,0,0.029971,5780.65,-17.1517,0,0,-0.0082878,0,55868.9,3949.58
1.258,0,0,0.0299621,5775.47,-19.5598,0,0,-0.00947083,0,55861.9,3949.07
1.259,0,0,0.029952,5770.23,-21.9671,0,0,-0.0106535,0,55853.9,3948.49
1.26,0,0,0.0299408,5764.93,-24.3736,0,0,-0.0118357,0,55845.1,3947.84
1.261,0,0,0.0299284,5759.56,-26.7791,0,0,-0.0130175,0,55835.3,3947.12
1.262,0,0,0.0299148,5754.14,-29.1836,0,0,-0.0141988,0,55824.6,3946.34
1.263,0,0,0.0299,5748.64,-31.587,0,0,-0.0153795,0,55812.9,3945.49
1.264,0,0,0.029884,5743.09,-33.9891,0,0,-0.0165596,0,55800.4,3944.57
1.265,0,0,0.0298669,5737.48,-36.3899,0,0,-0.017739,0,55786.9,3943.58
1.266,0,0,0.0298485,5731.8,-38.7892,0,0,-0.0189177,0,55772.4,3942.52
1.267,0,0,0.029829,5726.07,-41.1871,0,0,-0.0200957,0,55757.1,3941.4
1.268,0,0,0.0298083,5720.27,-43.5833,0,0,-0.0212729,0,55740.9,3940.21
1.269,0,0,0.0297865,5714.42,-45.9778,0,0,-0.0224493,0,55723.7,3938.95
1.27,0,0,0.0297634,5708.51,-48.3705,0,0,-0.0236248,0,55705.6,3937.63
1.271,0,0,0.0297392,5702.54,-50.7613,0,0,-0.0247993,0,55686.6,3936.24
1.272,0,0,0.0297138,5696.51,-53.1502,0,0,-0.0259729,0,55666.7,3934.78
1.273,0,0,0.0296873,5690.42,-55.5369,0,0,-0.0271454,0,55645.9,3933.25
1.274,0,0,0.0296596,5684.28,-57.9214,0,0,-0.0283169,0,55624.1,3931.66
1.275,0,0,0.0296307,5678.09,-60.3037,0,0,-0.0294872,0,55601.5,3930.01
1.276,0,0,0.0296006,5671.83,-62.6836,0,0,-0.0306564,0,55578,3928.28
1.277,0,0,0.0295693,5665.53,-65.0611,0,0,-0.0318244,0,55553.5,3926.49
1.278,0,0,0.0295369,5659.16,-67.4359,0,0,-0.0329911,0,55528.2,3924.64
1.279,0,0,0.0295034,5652.75,-69.8082,0,0,-0.0341565,0,55502,3922.72
1.28,0,0,0.0294686,5646.28,-72.1777,0,0,-0.0353205,0,55474.9,3920.73
1.281,0,0,0.0294327,5639.76,-74.5443,0,0,-0.0364832,0,55446.8,3918.68
1.282,0,0,0.0293957,5633.19,-76.908,0,0,-0.0376444,0,55418,3916.57
1.283,0,0,0.0293574,5626.56,-79.2687,0,0,-0.0388042,0,55388.2,3914.39
1.284,0,0,0.029318,5619.89,-81.6263,0,0,-0.0399624,0,55357.5,3912.15
1.285,0,0,0.0292775,5613.16,-83.9807,0,0,-0.041119,0,55326,3909.84
1.286,0,0,0.0292358,5606.39,-86.3317,0,0,-0.042274,0,55293.6,3907.47
1.287,0,0,0.029193,5599.56,-88.6794,0,0,-0.0434274,0,55260.4,3905.03
1.288,0,0,0.029149,5592.69,-91.0236,0,0,-0.044579,0,55226.2,3902.53
1.289,0,0,0.0291038,5585.77,-93.3641,0,0,-0.0457289,0,55191.2,3899.97
1.29,0,0,0.0290575,5578.8,-95.7011,0,0,-0.0468769,0,55155.4,3897.35
1.291,0,0,0.02901,5571.79,-98.0342,0,0,-0.0480232,0,55118.7,3894.66
1.292,0,0,0.0289614,5564.73,-100.363,0,0,-0.0491675,0,55081.1,3891.91
1.293,0,0,0.0289117,5557.62,-102.689,0,0,-0.0503098,0,55042.7,3889.1
1.294,0,0,0.0288608,5550.47,-105.01,0,0,-0.0514502,0,55003.5,3886.23
1.295,0,0,0.0288088,5543.28,-107.327,0,0,-0.0525886,0,54963.4,3883.3
1.296,0,0,0.0287557,5536.04,-109.64,0,0,-0.0537249,0,54922.5,3880.3
1.297,0,0,0.0287014,5528.76,-111.949,0,0,-0.054859,0,54880.8,3877.25
1.298,0,0,0.0286459,5521.44,-114.253,0,0,-0.055991,0,54838.2,3874.13
1.299,0,0,0.0285894,5514.07,-116.553,0,0,-0.0571208,0,54794.9,3870.96
1.3,0,0,0.0285317,5506.67,-118.848,0,0,-0.0582483,0,54750.7,3867.72
1.301,0,0,0.0284729,5499.22,-121.138,0,0,-0.0593736,0,54705.7,3864.43
1.302,0,0,0.0284129,5491.73,-123.424,0,0,-0.0604964,0,54659.9,3861.08
1.303,0,0,0.0283519,5484.2,-125.705,0,0,-0.0616169,0,54613.3,3857.67
1.304,0,0,0.0282897,5476.64,-127.981,0,0,-0.062735,0,54565.9,3854.2
1.305,0,0,0.0282264,5469.04,-130.251,0,0,-0.0638506,0,54517.7,3850.67
1.306,0,0,0.028162,5461.4,-132.517,0,0,-0.0649637,0,54468.7,3847.09
1.307,0,0,0.0280965,5453.72,-134.778,0,0,-0.0660742,0,54418.9,3843.45
1.308,0,0,0.0280299,5446,-137.033,0,0,-0.0671821,0,54368.4,3839.75
1.309,0,0,0.0279621,5438.26,-139.283,0,0,-0.0682873,0,54317.1,3836
1.31,0,0,0.0278933,5430.47,-141.527,0,0,-0.0693898,0,54265,3832.19
1.311,0,0,0.0278234,5422.65,-143.765,0,0,-0.0704896,0,54212.2,3828.32
1.312,0,0,0.0277523,5414.8,-145.998,0,0,-0.0715867,0,54158.6,3824.4
1.313,0,0,0.0276802,5406.92,-148.226,0,0,-0.0726809,0,54104.3,3820.43
1.314,0,0,0.027607,5399,-150.447,0,0,-0.0737722,0,54049.2,3816.4
1.315,0,0,0.0275326,5391.05,-152.663,0,0,-0.0748606,0,53993.4,3812.31
1.316,0,0,0.0274572,5383.07,-154.872,0,0,-0.0759461,0,53936.9,3808.18
1.317,0,0,0.0273807,5375.06,-157.076,0,0,-0.0770285,0,53879.6,3803.99
1.318,0,0,0.0273032,5367.01,-159.273,0,0,-0.078108,0,53821.6,3799.75
1.319,0,0,0.0272245,5358.94,-161.464,0,0,-0.0791843,0,53762.9,3795.45
1.32,0,0,0.0271448,5350.84,-163.648,0,0,-0.0802575,0,53703.5,3791.11
1.321,0,0,0.027064,5342.72,-165.826,0,0,-0.0813275,0,53643.4,3786.71
1.322,0,0,0.0269822,5334.56,-167.998,0,0,-0.0823944,0,53582.6,3782.26
1.323,0,0,0.0268992,5326.38,-170.163,0,0,-0.083458,0,53521.1,3777.76
1.324,0,0,0.0268152,5318.17,-172.321,0,0,-0.0845182,0,53459,3773.22
1.325,0,0,0.0267302,5309.94,-174.473,0,0,-0.0855752,0,53396.1,3768.62
1.326,0,0,0.0266441,5301.68,-176.617,0,0,-0.0866288,0,53332.6,3763.97
1.327,0,0,0.0265569,5293.39,-178.755,0,0,-0.0876789,0,53268.4,3759.28
1.328,0,0,0.0264687,5285.09,-180.885,0,0,-0.0887256,0,53203.5,3754.53
1.329,0,0,0.0263795,5276.76,-183.009,0,0,-0.0897688,0,53138,3749.74
1.33,0,0,0.0262892,5268.4,-185.125,0,0,-0.0908084,0,53071.9,3744.91
1.331,0,0,0.0261979,5260.03,-187.234,0,0,-0.0918445,0,53005.1,3740.02
1.332,0,0,0.0261055,5251.63,-189.335,0,0,-0.0928769,0,52937.7,3735.09
1.333,0,0,0.0260121,5243.22,-191.43,0,0,-0.0939057,0,52869.6,3730.12
1.334,0,0,0.0259177,5234.78,-193.516,0,0,-0.0949307,0,52801,3725.1
1.335,0,0,0.0258223,5226.32,-195.595,0,0,-0.095952,0,52731.7,3720.03
1.336,0,0,0.0257258,5217.85,-197.666,0,0,-0.0969696,0,52661.8,3714.92
1.337,0,0,0.0256283,5209.35,-199.73,0,0,-0.0979833,0,52591.3,3709.77
1.338,0,0,0.0255298,5200.84,-201.785,0,0,-0.0989931,0,52520.3,3704.57
1.339,0,0,0.0254303,5192.31,-203.833,0,0,-0.099999,0,52448.6,3699.33
1.34,0,0,0.0253298,5183.77,-205.872,0,0,-0.101001,0,52376.3,3694.05
1.341,0,0,0.0252283,5175.2,-207.904,0,0,-0.101999,0,52303.5,3688.73
1.342,0,0,0.0251258,5166.63,-209.927,0,0,-0.102993,0,52230.1,3683.36
1.343,0,0,0.0250224,5158.03,-211.942,0,0,-0.103983,0,52156.2,3677.96
1.344,0,0,0.0249179,5149.43,-213.948,0,0,-0.104969,0,52081.7,3672.51
1.345,0,0,0.0248124,5140.81,-215.947,0,0,-0.10595,0,52006.7,3667.03
1.346,0,0,0.024706,5132.18,-217.936,0,0,-0.106928,0,51931.1,3661.5
1.347,0,0,0.0245986,5123.53,-219.917,0,0,-0.107901,0,51855,3655.94
1.348,0,0,0.0244902,5114.87,-221.89,0,0,-0.10887,0,51778.3,3650.34
1.349,0,0,0.0243808,5106.21,-223.853,0,0,-0.109835,0,51701.2,3644.7
1.35,0,0,0.0242705,5097.53,-225.808,0,0,-0.110795,0,51623.5,3639.03
1.351,0,0,0.0241592,5088.84,-227.754,0,0,-0.111751,0,51545.4,3633.31
1.352,0,0,0.024047,5080.14,-229.691,0,0,-0.112702,0,51466.7,3627.57
1.353,0,0,0.0239338,5071.43,-231.619,0,0,-0.11365,0,51387.5,3621.78
1.354,0,0,0.0238197,5062.71,-233.537,0,0,-0.114592,0,51307.9,3615.96
1.355,0,0,0.0237047,5053.99,-235.447,0,0,-0.11553,0,51227.8,3610.11
1.356,0,0,0.0235887,5045.25,-237.347,0,0,-0.116464,0,51147.2,3604.22
1.357,0,0,0.0234717,5036.52,-239.238,0,0,-0.117393,0,51066.2,3598.3
1.358,0,0,0.0233539,5027.77,-241.12,0,0,-0.118317,0,50984.7,3592.35
1.359,0,0,0.0232351,5019.02,-242.992,0,0,-0.119237,0,50902.7,3586.36
1.36,0,0,0.0231154,5010.26,-244.854,0,0,-0.120152,0,50820.3,3580.34
1.361,0,0,0.0229948,5001.5,-246.707,0,0,-0.121062,0,50737.5,3574.29
1.362,0,0,0.0228733,4992.73,-248.55,0,0,-0.121967,0,50654.3,3568.21
1.363,0,0,0.0227509,4983.96,-250.383,0,0,-0.122868,0,50570.6,3562.1
1.364,0,0,0.0226275,4975.19,-252.206,0,0,-0.123763,0,50486.5,3555.96
1.365,0,0,0.0225033,4966.42,-254.019,0,0,-0.124654,0,50402,3549.79
1.366,0,0,0.0223782,4957.64,-255.823,0,0,-0.12554,0,50317.2,3543.59
1.367,0,0,0.0222523,4948.86,-257.616,0,0,-0.126421,0,50231.9,3537.36
1.368,0,0,0.0221254,4940.08,-259.399,0,0,-0.127297,0,50146.2,3531.11
1.369,0,0,0.0219977,4931.3,-261.172,0,0,-0.128168,0,50060.2,3524.83
1.37,0,0,0.0218691,4922.52,-262.934,0,0,-0.129034,0,49973.8,3518.52
1.371,0,0,0.0217396,4913.74,-264.687,0,0,-0.129895,0,49887,3512.18
1.372,0,0,0.0216093,4904.96,-266.428,0,0,-0.130751,0,49799.9,3505.82
1.373,0,0,0.0214781,4896.18,-268.16,0,0,-0.131601,0,49712.4,3499.44
1.374,0,0,0.0213461,4887.4,-269.88,0,0,-0.132446,0,49624.6,3493.03
1.375,0,0,0.0212132,4878.63,-271.59,0,0,-0.133286,0,49536.5,3486.59
1.376,0,0,0.0210795,4869.85,-273.29,0,0,-0.134121,0,49448,3480.13
1.377,0,0,0.020945,4861.09,-274.978,0,0,-0.134951,0,49359.2,3473.65
1.378,0,0,0.0208096,4852.32,-276.656,0,0,-0.135775,0,49270.1,3467.15
1.379,0,0,0.0206734,4843.56,-278.323,0,0,-0.136594,0,49180.7,3460.62
1.38,0,0,0.0205364,4834.8,-279.978,0,0,-0.137407,0,49091,3454.07
1.381,0,0,0.0203986,4826.05,-281.623,0,0,-0.138215,0,49001,3447.51
1.382,0,0,0.02026,4817.31,-283.257,0,0,-0.139018,0,48910.7,3440.92
1.383,0,0,0.0201206,4808.57,-284.879,0,0,-0.139815,0,48820.1,3434.31
1.384,0,0,0.0199804,4799.83,-286.491,0,0,-0.140607,0,48729.3,3427.68
1.385,0,0,0.0198394,4791.11,-288.091,0,0,-0.141393,0,48638.2,3421.03
1.386,0,0,0.0196976,4782.39,-289.679,0,0,-0.142173,0,48546.8,3414.37
1.387,0,0,0.019555,4773.68,-291.256,0,0,-0.142948,0,48455.2,3407.68
1.388,0,0,0.0194117,4764.98,-292.822,0,0,-0.143717,0,48363.4,3400.98
1.389,0,0,0.0192676,4756.28,-294.376,0,0,-0.144481,0,48271.3,3394.26
1.39,0,0,0.0191227,4747.6,-295.919,0,0,-0.145238,0,48179,3387.53
1.391,0,0,0.0189771,4738.92,-297.45,0,0,-0.14599,0,48086.4,3380.77
1.392,0,0,0.0188307,4730.25,-298.969,0,0,-0.146737,0,47993.6,3374.01
1.393,0,0,0.0186836,4721.6,-300.476,0,0,-0.147477,0,47900.7,3367.23
1.394,0,0,0.0185358,4712.95,-301.971,0,0,-0.148212,0,47807.5,3360.43
1.395,0,0,0.0183872,4704.32,-303.455,0,0,-0.148941,0,47714.1,3353.62
1.396,0,0,0.0182379,4695.7,-304.927,0,0,-0.149664,0,47620.5,3346.8
1.397,0,0,0.0180879,4687.09,-306.386,0,0,-0.150381,0,47526.8,3339.96
1.398,0,0,0.0179371,4678.49,-307.834,0,0,-0.151092,0,47432.8,3333.11
1.399,0,0,0.0177857,4669.9,-309.269,0,0,-0.151797,0,47338.7,3326.25
1.4,0,0,0.0176336,4661.33,-310.692,0,0,-0.152496,0,47244.5,3319.38
1.401,0,0,0.0174807,4652.77,-312.103,0,0,-0.153189,0,47150,3312.49
1.402,0,0,0.0173272,4644.22,-313.502,0,0,-0.153876,0,47055.5,3305.6
1.403,0,0,0.017173,4635.69,-314.888,0,0,-0.154557,0,46960.7,3298.69
1.404,0,0,0.0170181,4627.17,-316.262,0,0,-0.155232,0,46865.9,3291.78
1.405,0,0,0.0168625,4618.67,-317.623,0,0,-0.155901,0,46770.9,3284.85
1.406,0,0,0.0167063,4610.18,-318.972,0,0,-0.156564,0,46675.7,3277.92
1.407,0,0,0.0165494,4601.71,-320.308,0,0,-0.15722,0,46580.5,3270.98
1.408,0,0,0.0163918,4593.26,-321.631,0,0,-0.15787,0,46485.1,3264.03
1.409,0,0,0.0162336,4584.82,-322.942,0,0,-0.158514,0,46389.7,3257.07
1.41,0,0,0.0160748,4576.39,-324.241,0,0,-0.159152,0,46294.1,3250.11
1.411,0,0,0.0159153,4567.99,-325.526,0,0,-0.159784,0,46198.4,3243.13
1.412,0,0,0.0157552,4559.6,-326.798,0,0,-0.160409,0,46102.7,3236.16
1.413,0,0,0.0155945,4551.23,-328.058,0,0,-0.161028,0,46006.9,3229.18
1.414,0,0,0.0154332,4542.87,-329.305,0,0,-0.16164,0,45910.9,3222.19
1.415,0,0,0.0152712,4534.54,-330.538,0,0,-0.162246,0,45815,3215.19
1.416,0,0,0.0151087,4526.22,-331.759,0,0,-0.162846,0,45718.9,3208.2
1.417,0,0,0.0149456,4517.92,-332.967,0,0,-0.163439,0,45622.8,3201.2
1.418,0,0,0.0147818,4509.64,-334.161,0,0,-0.164026,0,45526.6,3194.19
1.419,0,0,0.0146175,4501.38,-335.342,0,0,-0.164606,0,45430.4,3187.18
1.42,0,0,0.0144526,4493.14,-336.51,0,0,-0.16518,0,45334.1,3180.17
1.421,0,0,0.0142871,4484.92,-337.665,0,0,-0.165747,0,45237.8,3173.16
1.422,0,0,0.0141211,4476.72,-338.807,0,0,-0.166308,0,45141.5,3166.15
1.423,0,0,0.0139545,4468.55,-339.935,0,0,-0.166862,0,45045.2,3159.13
1.424,0,0,0.0137874,4460.39,-341.049,0,0,-0.16741,0,44948.8,3152.11
1.425,0,0,0.0136197,4452.25,-342.151,0,0,-0.167951,0,44852.4,3145.09
1.426,0,0,0.0134515,4444.14,-343.238,0,0,-0.168485,0,44756,3138.08
1.427,0,0,0.0132827,4436.04,-344.312,0,0,-0.169013,0,44659.6,3131.06
1.428,0,0,0.0131135,4427.97,-345.373,0,0,-0.169534,0,44563.2,3124.04
1.429,0,0,0.0129437,4419.92,-346.42,0,0,-0.170048,0,44466.8,3117.02
1.43,0,0,0.0127734,4411.89,-347.453,0,0,-0.170556,0,44370.4,3110.01
1.431,0,0,0.0126026,4403.89,-348.473,0,0,-0.171057,0,44274.1,3103
1.432,0,0,0.0124313,4395.91,-349.479,0,0,-0.171551,0,44177.8,3095.98
1.433,0,0,0.0122595,4387.95,-350.471,0,0,-0.172038,0,44081.4,3088.98
1.434,0,0,0.0120872,4380.01,-351.449,0,0,-0.172519,0,43985.2,3081.97
1.435,0,0,0.0119144,4372.1,-352.414,0,0,-0.172993,0,43888.9,3074.97
1.436,0,0,0.0117412,4364.22,-353.364,0,0,-0.17346,0,43792.7,3067.97
1.437,0,0,0.0115675,4356.35,-354.301,0,0,-0.17392,0,43696.6,3060.97
1.438,0,0,0.0113934,4348.52,-355.223,0,0,-0.174373,0,43600.5,3053.98
1.439,0,0,0.0112188,4340.7,-356.132,0,0,-0.174819,0,43504.5,3046.99
1.44,0,0,0.0110437,4332.91,-357.026,0,0,-0.175259,0,43408.5,3040.01
1.441,0,0,0.0108683,4325.15,-357.907,0,0,-0.175691,0,43312.6,3033.04
1.442,0,0,0.0106924,4317.41,-358.773,0,0,-0.176117,0,43216.7,3026.07
1.443,0,0,0.010516,4309.7,-359.625,0,0,-0.176535,0,43121,3019.1
1.444,0,0,0.0103393,4302.01,-360.463,0,0,-0.176947,0,43025.3,3012.14
1.445,0,0,0.0101621,4294.35,-361.287,0,0,-0.177352,0,42929.7,3005.19
1.446,0,0,0.00998459,4286.71,-362.096,0,0,-0.17775,0,42834.2,2998.25
1.447,0,0,0.00980664,4279.11,-362.891,0,0,-0.17814,0,42738.8,2991.31
1.448,0,0,0.00962831,4271.52,-363.672,0,0,-0.178524,0,42643.5,2984.38
1.449,0,0,0.0094496,4263.97,-364.439,0,0,-0.1789,0,42548.4,2977.46
1.45,0,0,0.00927051,4256.44,-365.191,0,0,-0.17927,0,42453.3,2970.55
1.451,0,0,0.00909106,4248.94,-365.929,0,0,-0.179632,0,42358.3,2963.65
1.452,0,0,0.00891125,4241.46,-366.652,0,0,-0.179988,0,42263.4,2956.75
1.453,0,0,0.00873109,4234.02,-367.361,0,0,-0.180336,0,42168.7,2949.87
1.454,0,0,0.00855058,4226.6,-368.055,0,0,-0.180677,0,42074.1,2942.99
1.455,0,0,0.00836973,4219.21,-368.735,0,0,-0.181011,0,41979.6,2936.12
1.456,0,0,0.00818856,4211.84,-369.401,0,0,-0.181338,0,41885.3,2929.27
1.457,0,0,0.00800706,4204.51,-370.051,0,0,-0.181658,0,41791.1,2922.42
1.458,0,0,0.00782525,4197.2,-370.687,0,0,-0.18197,0,41697,2915.59
1.459,0,0,0.00764312,4189.92,-371.309,0,0,-0.182275,0,41603.1,2908.77
1.46,0,0,0.0074607,4182.67,-371.916,0,0,-0.182574,0,41509.4,2901.95
1.461,0,0,0.00727798,4175.45,-372.508,0,0,-0.182865,0,41415.8,2895.15
1.462,0,0,0.00709497,4168.26,-373.086,0,0,-0.183148,0,41322.3,2888.37
1.463,0,0,0.00691168,4161.1,-373.648,0,0,-0.183425,0,41229,2881.59
1.464,0,0,0.00672812,4153.96,-374.196,0,0,-0.183694,0,41135.9,2874.83
1.465,0,0,0.0065443,4146.86,-374.73,0,0,-0.183956,0,41043,2868.07
1.466,0,0,0.00636021,4139.78,-375.248,0,0,-0.184211,0,40950.2,2861.34
1.467,0,0,0.00617588,4132.74,-375.752,0,0,-0.184458,0,40857.6,2854.61
1.468,0,0,0.0059913,4125.72,-376.241,0,0,-0.184698,0,40765.2,2847.9
1.469,0,0,0.00580648,4118.74,-376.715,0,0,-0.184931,0,40672.9,2841.2
1.47,0,0,0.00562144,4111.78,-377.174,0,0,-0.185157,0,40580.9,2834.52
1.471,0,0,0.00543617,4104.86,-377.618,0,0,-0.185375,0,40489,2827.85
1.472,0,0,0.00525069,4097.96,-378.048,0,0,-0.185586,0,40397.4,2821.2
1.473,0,0,0.005065,4091.1,-378.462,0,0,-0.18579,0,40305.9,2814.56
1.474,0,0,0.00487911,4084.27,-378.862,0,0,-0.185986,0,40214.7,2807.93
1.475,0,0,0.00469303,4077.46,-379.246,0,0,-0.186175,0,40123.6,2801.32
1.476,0,0,0.00450677,4070.69,-379.616,0,0,-0.186356,0,40032.8,2794.73
1.477,0,0,0.00432032,4063.95,-379.971,0,0,-0.186531,0,39942.1,2788.15
1.478,0,0,0.00413371,4057.24,-380.31,0,0,-0.186698,0,39851.7,2781.59
1.479,0,0,0.00394693,4050.56,-380.635,0,0,-0.186857,0,39761.5,2775.04
1.48,0,0,0.00376,4043.91,-380.945,0,0,-0.187009,0,39671.5,2768.51
1.481,0,0,0.00357291,4037.3,-381.239,0,0,-0.187154,0,39581.7,2762
1.482,0,0,0.00338569,4030.71,-381.519,0,0,-0.187291,0,39492.2,2755.51
1.483,0,0,0.00319833,4024.16,-381.783,0,0,-0.187421,0,39402.9,2749.03
1.484,0,0,0.00301085,4017.63,-382.033,0,0,-0.187544,0,39313.8,2742.56
1.485,0,0,0.00282325,4011.14,-382.267,0,0,-0.187659,0,39225,2736.12
1.486,0,0,0.00263554,4004.68,-382.487,0,0,-0.187767,0,39136.4,2729.69
1.487,0,0,0.00244772,3998.26,-382.691,0,0,-0.187867,0,39048,2723.28
1.488,0,0,0.0022598,3991.86,-382.88,0,0,-0.18796,0,38959.9,2716.89
1.489,0,0,0.0020718,3985.5,-383.054,0,0,-0.188046,0,38872,2710.52
1.49,0,0,0.00188372,3979.17,-383.213,0,0,-0.188124,0,38784.4,2704.17
1.491,0,0,0.00169556,3972.87,-383.357,0,0,-0.188194,0,38697,2697.83
1.492,0,0,0.00150733,3966.6,-383.486,0,0,-0.188257,0,38609.9,2691.51
1.493,0,0,0.00131904,3960.37,-383.599,0,0,-0.188313,0,38523,2685.22
1.494,0,0,0.00113071,3954.17,-383.698,0,0,-0.188362,0,38436.4,2678.94
1.495,0,0,0.000942323,3948,-383.781,0,0,-0.188403,0,38350.1,2672.68
1.496,0,0,0.000753903,3941.86,-383.849,0,0,-0.188436,0,38264,2666.44
1.497,0,0,0.000565453,3935.76,-383.902,0,0,-0.188462,0,38178.1,2660.22
1.498,0,0,0.000376981,3929.69,-383.94,0,0,-0.188481,0,38092.6,2654.02
1.499,0,0,0.000188494,3923.65,-383.963,0,0,-0.188492,0,38007.3,2647.84
1.5,0,0,1.02428e-14,3917.65,-383.97,0,0,-0.188496,0,37922.3,2641.68
1.501,0,0,-0.000188494,3911.67,-383.963,0,0,-0.188492,0,37837.6,2635.54
1.502,0,0,-0.000376981,3905.73,-383.94,0,0,-0.188481,0,37753.1,2629.42
1.503,0,0,-0.000565453,3899.83,-383.902,0,0,-0.188462,0,37668.9,2623.32
1.504,0,0,-0.000753903,3893.95,-383.849,0,0,-0.188436,0,37585,2617.24
1.505,0,0,-0.000942323,3888.11,-383.781,0,0,-0.188403,0,37501.4,2611.18
1.506,0,0,-0.00113071,3882.31,-383.698,0,0,-0.188362,0,37418.1,2605.15
1.507,0,0,-0.00131904,3876.53,-383.599,0,0,-0.188313,0,37335.1,2599.13
1.508,0,0,-0.00150733,3870.79,-383.486,0,0,-0.188257,0,37252.3,2593.14
1.509,0,0,-0.00169556,3865.08,-383.357,0,0,-0.188194,0,37169.9,2587.17
1.51,0,0,-0.00188372,3859.41,-383.213,0,0,-0.188124,0,37087.7,2581.22
1.511,0,0,-0.0020718,3853.77,-383.054,0,0,-0.188046,0,37005.8,2575.29
1.512,0,0,-0.0022598,3848.16,-382.88,0,0,-0.18796,0,36924.2,2569.38
1.513,0,0,-0.00244772,3842.59,-382.691,0,0,-0.187867,0,36843,2563.5
1.514,0,0,-0.00263554,3837.05,-382.487,0,0,-0.187767,0,36762,2557.63
1.515,0,0,-0.00282325,3831.54,-382.267,0,0,-0.187659,0,36681.3,2551.79
1.516,0,0,-0.00301085,3826.07,-382.033,0,0,-0.187544,0,36600.9,2545.97
1.517,0,0,-0.00319833,3820.63,-381.783,0,0,-0.187421,0,36520.9,2540.18
1.518,0,0,-0.00338569,3815.22,-381.519,0,0,-0.187291,0,36441.1,2534.41
1.519,0,0,-0.00357291,3809.85,-381.239,0,0,-0.187154,0,36361.7,2528.65
1.52,0,0,-0.00376,3804.51,-380.945,0,0,-0.187009,0,36282.5,2522.93
1.521,0,0,-0.00394693,3799.21,-380.635,0,0,-0.186857,0,36203.7,2517.22
1.522,0,0,-0.00413371,3793.94,-380.31,0,0,-0.186698,0,36125.2,2511.54
1.523,0,0,-0.00432032,3788.7,-379.971,0,0,-0.186531,0,36047,2505.88
1.524,0,0,-0.00450677,3783.5,-379.616,0,0,-0.186356,0,35969.1,2500.25
1.525,0,0,-0.00469303,3778.33,-379.246,0,0,-0.186175,0,35891.5,2494.63
1.526,0,0,-0.00487911,3773.19,-378.862,0,0,-0.185986,0,35814.3,2489.05
1.527,0,0,-0.005065,3768.09,-378.462,0,0,-0.18579,0,35737.3,2483.48
1.528,0,0,-0.00525069,3763.02,-378.048,0,0,-0.185586,0,35660.7,2477.94
1.529,0,0,-0.00543617,3757.99,-377.618,0,0,-0.185375,0,35584.4,2472.42
1.53,0,0,-0.00562144,3752.99,-377.174,0,0,-0.185157,0,35508.5,2466.93
1.531,0,0,-0.00580648,3748.03,-376.715,0,0,-0.184931,0,35432.8,2461.46
1.532,0,0,-0.0059913,3743.09,-376.241,0,0,-0.184698,0,35357.5,2456.01
1.533,0,0,-0.00617588,3738.2,-375.752,0,0,-0.184458,0,35282.5,2450.59
1.534,0,0,-0.00636021,3733.33,-375.248,0,0,-0.184211,0,35207.9,2445.19
1.535,0,0,-0.0065443,3728.5,-374.73,0,0,-0.183956,0,35133.5,2439.81
1.536,0,0,-0.00672812,3723.71,-374.196,0,0,-0.183694,0,35059.5,2434.46
1.537,0,0,-0.00691168,3718.95,-373.648,0,0,-0.183425,0,34985.9,2429.14
1.538,0,0,-0.00709497,3714.22,-373.086,0,0,-0.183148,0,34912.5,2423.84
1.539,0,0,-0.00727798,3709.52,-372.508,0,0,-0.182865,0,34839.5,2418.56
1.54,0,0,-0.0074607,3704.87,-371.916,0,0,-0.182574,0,34766.9,2413.31
1.541,0,0,-0.00764312,3700.24,-371.309,0,0,-0.182275,0,34694.5,2408.08
1.542,0,0,-0.00782525,3695.65,-370.687,0,0,-0.18197,0,34622.6,2402.88
1.543,0,0,-0.00800706,3691.09,-370.051,0,0,-0.181658,0,34550.9,2397.7
1.544,0,0,-0.00818856,3686.57,-369.401,0,0,-0.181338,0,34479.6,2392.55
1.545,0,0,-0.00836973,3682.08,-368.735,0,0,-0.181011,0,34408.6,2387.42
1.546,0,0,-0.00855058,3677.62,-368.055,0,0,-0.180677,0,34338,2382.31
1.547,0,0,-0.00873109,3673.2,-367.361,0,0,-0.180336,0,34267.7,2377.23
1.548,0,0,-0.00891125,3668.82,-366.652,0,0,-0.179988,0,34197.7,2372.18
1.549,0,0,-0.00909106,3664.46,-365.929,0,0,-0.179632,0,34128.1,2367.15
1.55,0,0,-0.00927051,3660.15,-365.191,0,0,-0.17927,0,34058.8,2362.15
1.551,0,0,-0.0094496,3655.86,-364.439,0,0,-0.1789,0,33989.9,2357.17
1.552,0,0,-0.00962831,3651.61,-363.672,0,0,-0.178524,0,33921.3,2352.22
1.553,0,0,-0.00980664,3647.4,-362.891,0,0,-0.17814,0,33853.1,2347.29
1.554,0,0,-0.00998459,3643.21,-362.096,0,0,-0.17775,0,33785.2,2342.39
1.555,0,0,-0.0101621,3639.07,-361.287,0,0,-0.177352,0,33717.7,2337.51
1.556,0,0,-0.0103393,3634.95,-360.463,0,0,-0.176947,0,33650.5,2332.66
1.557,0,0,-0.010516,3630.87,-359.625,0,0,-0.176535,0,33583.6,2327.83
1.558,0,0,-0.0106924,3626.83,-358.773,0,0,-0.176117,0,33517.1,2323.03
1.559,0,0,-0.0108683,3622.81,-357.907,0,0,-0.175691,0,33451,2318.25
1.56,0,0,-0.0110437,3618.84,-357.026,0,0,-0.175259,0,33385.2,2313.5
1.561,0,0,-0.0112188,3614.89,-356.132,0,0,-0.174819,0,33319.7,2308.78
1.562,0,0,-0.0113934,3610.98,-355.223,0,0,-0.174373,0,33254.6,2304.08
1.563,0,0,-0.0115675,3607.11,-354.301,0,0,-0.17392,0,33189.9,2299.4
1.564,0,0,-0.0117412,3603.27,-353.364,0,0,-0.17346,0,33125.5,2294.76
1.565,0,0,-0.0119144,3599.46,-352.414,0,0,-0.172993,0,33061.4,2290.13
1.566,0,0,-0.0120872,3595.69,-351.449,0,0,-0.172519,0,32997.7,2285.54
1.567,0,0,-0.0122595,3591.95,-350.471,0,0,-0.172038,0,32934.4,2280.97
1.568,0,0,-0.0124313,3588.24,-349.479,0,0,-0.171551,0,32871.4,2276.42
1.569,0,0,-0.0126026,3584.57,-348.473,0,0,-0.171057,0,32808.8,2271.9
1.57,0,0,-0.0127734,3580.93,-347.453,0,0,-0.170556,0,32746.5,2267.41
1.571,0,0,-0.0129437,3577.33,-346.42,0,0,-0.170048,0,32684.5,2262.94
1.572,0,0,-0.0131135,3573.76,-345.373,0,0,-0.169534,0,32623,2258.5
1.573,0,0,-0.0132827,3570.22,-344.312,0,0,-0.169013,0,32561.8,2254.08
1.574,0,0,-0.0134515,3566.72,-343.238,0,0,-0.168485,0,32500.9,2249.69
1.575,0,0,-0.0136197,3563.25,-342.151,0,0,-0.167951,0,32440.4,2245.33
1.576,0,0,-0.0137874,3559.82,-341.049,0,0,-0.16741,0,32380.2,2240.99
1.577,0,0,-0.0139545,3556.42,-339.935,0,0,-0.166862,0,32320.4,2236.68
1.578,0,0,-0.0141211,3553.05,-338.807,0,0,-0.166308,0,32261,2232.39
1.579,0,0,-0.0142871,3549.72,-337.665,0,0,-0.165747,0,32201.9,2228.13
1.58,0,0,-0.0144526,3546.42,-336.51,0,0,-0.16518,0,32143.2,2223.89
1.581,0,0,-0.0146175,3543.15,-335.342,0,0,-0.164606,0,32084.8,2219.68
1.582,0,0,-0.0147818,3539.92,-334.161,0,0,-0.164026,0,32026.8,2215.5
1.583,0,0,-0.0149456,3536.72,-332.967,0,0,-0.163439,0,31969.1,2211.35
1.584,0,0,-0.0151087,3533.56,-331.759,0,0,-0.162846,0,31911.8,2207.21
1.585,0,0,-0.0152712,3530.43,-330.538,0,0,-0.162246,0,31854.9,2203.11
1.586,0,0,-0.0154332,3527.33,-329.305,0,0,-0.16164,0,31798.3,2199.03
1.587,0,0,-0.0155945,3524.27,-328.058,0,0,-0.161028,0,31742.1,2194.98
1.588,0,0,-0.0157552,3521.24,-326.798,0,0,-0.160409,0,31686.2,2190.95
1.589,0,0,-0.0159153,3518.25,-325.526,0,0,-0.159784,0,31630.7,2186.95
1.59,0,0,-0.0160748,3515.29,-324.241,0,0,-0.159152,0,31575.5,2182.97
1.591,0,0,-0.0162336,3512.36,-322.942,0,0,-0.158514,0,31520.7,2179.02
1.592,0,0,-0.0163918,3509.46,-321.631,0,0,-0.15787,0,31466.3,2175.1
1.593,0,0,-0.0165494,3506.6,-320.308,0,0,-0.15722,0,31412.2,2171.2
1.594,0,0,-0.0167063,3503.77,-318.972,0,0,-0.156564,0,31358.5,2167.33
1.595,0,0,-0.0168625,3500.98,-317.623,0,0,-0.155901,0,31305.1,2163.49
1.596,0,0,-0.0170181,3498.22,-316.262,0,0,-0.155232,0,31252.1,2159.67
1.597,0,0,-0.017173,3495.49,-314.888,0,0,-0.154557,0,31199.4,2155.88
1.598,0,0,-0.0173272,3492.8,-313.502,0,0,-0.153876,0,31147.1,2152.11
1.599,0,0,-0.0174807,3490.14,-312.103,0,0,-0.153189,0,31095.2,2148.37
1.6,0,0,-0.0176336,3487.51,-310.692,0,0,-0.152496,0,31043.6,2144.65
1.601,0,0,-0.0177857,3484.92,-309.269,0,0,-0.151797,0,30992.4,2140.96
1.602,0,0,-0.0179371,3482.36,-307.834,0,0,-0.151092,0,30941.5,2137.3
1.603,0,0,-0.0180879,3479.83,-306.386,0,0,-0.150381,0,30891,2133.66
1.604,0,0,-0.0182379,3477.34,-304.927,0,0,-0.149664,0,30840.9,2130.05
1.605,0,0,-0.0183872,3474.88,-303.455,0,0,-0.148941,0,30791.1,2126.47
1.606,0,0,-0.0185358,3472.46,-301.971,0,0,-0.148212,0,30741.7,2122.91
1.607,0,0,-0.0186836,3470.06,-300.476,0,0,-0.147477,0,30692.6,2119.37
1.608,0,0,-0.0188307,3467.7,-298.969,0,0,-0.146737,0,30643.9,2115.87
1.609,0,0,-0.0189771,3465.38,-297.45,0,0,-0.14599,0,30595.5,2112.38
1.61,0,0,-0.0191227,3463.08,-295.919,0,0,-0.145238,0,30547.5,2108.93
1.611,0,0,-0.0192676,3460.82,-294.376,0,0,-0.144481,0,30499.9,2105.5
1.612,0,0,-0.0194117,3458.6,-292.822,0,0,-0.143717,0,30452.6,2102.09
1.613,0,0,-0.019555,3456.4,-291.256,0,0,-0.142948,0,30405.6,2098.71
1.614,0,0,-0.0196976,3454.24,-289.679,0,0,-0.142173,0,30359.1,2095.36
1.615,0,0,-0.0198394,3452.11,-288.091,0,0,-0.141393,0,30312.8,2092.04
1.616,0,0,-0.0199804,3450.02,-286.491,0,0,-0.140607,0,30267,2088.73
1.617,0,0,-0.0201206,3447.96,-284.879,0,0,-0.139815,0,30221.5,2085.46
1.618,0,0,-0.02026,3445.93,-283.257,0,0,-0.139018,0,30176.3,2082.21
1.619,0,0,-0.0203986,3443.93,-281.623,0,0,-0.138215,0,30131.5,2078.99
1.62,0,0,-0.0205364,3441.97,-279.978,0,0,-0.137407,0,30087.1,2075.79
1.621,0,0,-0.0206734,3440.04,-278.323,0,0,-0.136594,0,30043,2072.62
1.622,0,0,-0.0208096,3438.15,-276.656,0,0,-0.135775,0,29999.3,2069.47
1.623,0,0,-0.020945,3436.28,-274.978,0,0,-0.134951,0,29955.9,2066.35
1.624,0,0,-0.0210795,3434.45,-273.29,0,0,-0.134121,0,29912.9,2063.25
1.625,0,0,-0.0212132,3432.66,-271.59,0,0,-0.133286,0,29870.2,2060.18
1.626,0,0,-0.0213461,3430.89,-269.88,0,0,-0.132446,0,29827.9,2057.14
1.627,0,0,-0.0214781,3429.16,-268.16,0,0,-0.131601,0,29785.9,2054.12
1.628,0,0,-0.0216093,3427.46,-266.428,0,0,-0.130751,0,29744.3,2051.13
1.629,0,0,-0.0217396,3425.79,-264.687,0,0,-0.129895,0,29703.1,2048.16
1.63,0,0,-0.0218691,3424.16,-262.934,0,0,-0.129034,0,29662.2,2045.22
1.631,0,0,-0.0219977,3422.56,-261.172,0,0,-0.128168,0,29621.6,2042.31
1.632,0,0,-0.0221254,3420.99,-259.399,0,0,-0.127297,0,29581.4,2039.41
1.633,0,0,-0.0222523,3419.46,-257.616,0,0,-0.126421,0,29541.6,2036.55
1.634,0,0,-0.0223782,3417.96,-255.823,0,0,-0.12554,0,29502.1,2033.71
1.635,0,0,-0.0225033,3416.49,-254.019,0,0,-0.124654,0,29463,2030.9
1.636,0,0,-0.0226275,3415.05,-252.206,0,0,-0.123763,0,29424.2,2028.11
1.637,0,0,-0.0227509,3413.65,-250.383,0,0,-0.122868,0,29385.8,2025.34
1.638,0,0,-0.0228733,3412.27,-248.55,0,0,-0.121967,0,29347.7,2022.61
1.639,0,0,-0.0229948,3410.94,-246.707,0,0,-0.121062,0,29310,2019.89
1.64,0,0,-0.0231154,3409.63,-244.854,0,0,-0.120152,0,29272.6,2017.21
1.641,0,0,-0.0232351,3408.36,-242.992,0,0,-0.119237,0,29235.6,2014.55
1.642,0,0,-0.0233539,3407.11,-241.12,0,0,-0.118317,0,29198.9,2011.91
1.643,0,0,-0.0234717,3405.91,-239.238,0,0,-0.117393,0,29162.6,2009.3
1.644,0,0,-0.0235887,3404.73,-237.347,0,0,-0.116464,0,29126.6,2006.71
1.645,0,0,-0.0237047,3403.59,-235.447,0,0,-0.11553,0,29091,2004.15
1.646,0,0,-0.0238197,3402.48,-233.537,0,0,-0.114592,0,29055.7,2001.62
1.647,0,0,-0.0239338,3401.4,-231.619,0,0,-0.11365,0,29020.8,1999.11
1.648,0,0,-0.024047,3400.35,-229.691,0,0,-0.112702,0,28986.2,1996.62
1.649,0,0,-0.0241592,3399.34,-227.754,0,0,-0.111751,0,28952,1994.16
1.65,0,0,-0.0242705,3398.36,-225.808,0,0,-0.110795,0,28918.1,1991.73
1.651,0,0,-0.0243808,3397.41,-223.853,0,0,-0.109835,0,28884.6,1989.32
1.652,0,0,-0.0244902,3396.49,-221.89,0,0,-0.10887,0,28851.4,1986.93
1.653,0,0,-0.0245986,3395.61,-219.917,0,0,-0.107901,0,28818.6,1984.58
1.654,0,0,-0.024706,3394.76,-217.936,0,0,-0.106928,0,28786.1,1982.24
1.655,0,0,-0.0248124,3393.94,-215.947,0,0,-0.10595,0,28754,1979.93
1.656,0,0,-0.0249179,3393.15,-213.948,0,0,-0.104969,0,28722.2,1977.65
1.657,0,0,-0.0250224,3392.39,-211.942,0,0,-0.103983,0,28690.7,1975.39
1.658,0,0,-0.0251258,3391.67,-209.927,0,0,-0.102993,0,28659.6,1973.15
1.659,0,0,-0.0252283,3390.98,-207.904,0,0,-0.101999,0,28628.9,1970.95
1.66,0,0,-0.0253298,3390.32,-205.872,0,0,-0.101001,0,28598.5,1968.76
1.661,0,0,-0.0254303,3389.7,-203.833,0,0,-0.099999,0,28568.4,1966.6
1.662,0,0,-0.0255298,3389.1,-201.785,0,0,-0.0989931,0,28538.7,1964.47
1.663,0,0,-0.0256283,3388.54,-199.73,0,0,-0.0979833,0,28509.3,1962.36
1.664,0,0,-0.0257258,3388.01,-197.666,0,0,-0.0969696,0,28480.3,1960.27
1.665,0,0,-0.0258223,3387.52,-195.595,0,0,-0.095952,0,28451.6,1958.21
1.666,0,0,-0.0259177,3387.05,-193.516,0,0,-0.0949307,0,28423.3,1956.18
1.667,0,0,-0.0260121,3386.62,-191.43,0,0,-0.0939057,0,28395.3,1954.17
1.668,0,0,-0.0261055,3386.22,-189.335,0,0,-0.0928769,0,28367.7,1952.18
1.669,0,0,-0.0261979,3385.85,-187.234,0,0,-0.0918445,0,28340.4,1950.22
1.67,0,0,-0.0262892,3385.52,-185.125,0,0,-0.0908084,0,28313.4,1948.28
1.671,0,0,-0.0263795,3385.21,-183.009,0,0,-0.0897688,0,28286.8,1946.37
1.672,0,0,-0.0264687,3384.94,-180.885,0,0,-0.0887256,0,28260.5,1944.49
1.673,0,0,-0.0265569,3384.7,-178.755,0,0,-0.0876789,0,28234.6,1942.62
1.674,0,0,-0.0266441,3384.49,-176.617,0,0,-0.0866288,0,28209,1940.79
1.675,0,0,-0.0267302,3384.32,-174.473,0,0,-0.0855752,0,28183.7,1938.97
1.676,0,0,-0.0268152,3384.17,-172.321,0,0,-0.0845182,0,28158.8,1937.18
1.677,0,0,-0.0268992,3384.06,-170.163,0,0,-0.083458,0,28134.3,1935.42
1.678,0,0,-0.0269822,3383.98,-167.998,0,0,-0.0823944,0,28110,1933.68
1.679,0,0,-0.027064,3383.93,-165.826,0,0,-0.0813275,0,28086.1,1931.97
1.68,0,0,-0.0271448,3383.92,-163.648,0,0,-0.0802575,0,28062.6,1930.27
1.681,0,0,-0.0272245,3383.93,-161.464,0,0,-0.0791843,0,28039.4,1928.61
1.682,0,0,-0.0273032,3383.98,-159.273,0,0,-0.078108,0,28016.5,1926.97
1.683,0,0,-0.0273807,3384.06,-157.076,0,0,-0.0770285,0,27994,1925.35
1.684,0,0,-0.0274572,3384.17,-154.872,0,0,-0.0759461,0,27971.8,1923.76
1.685,0,0,-0.0275326,3384.31,-152.663,0,0,-0.0748606,0,27950,1922.19
1.686,0,0,-0.027607,3384.49,-150.447,0,0,-0.0737722,0,27928.5,1920.65
1.687,0,0,-0.0276802,3384.7,-148.226,0,0,-0.0726809,0,27907.3,1919.13
1.688,0,0,-0.0277523,3384.94,-145.998,0,0,-0.0715867,0,27886.5,1917.63
1.689,0,0,-0.0278234,3385.21,-143.765,0,0,-0.0704896,0,27866,1916.16
1.69,0,0,-0.0278933,3385.51,-141.527,0,0,-0.0693898,0,27845.8,1914.71
1.691,0,0,-0.0279621,3385.85,-139.283,0,0,-0.0682873,0,27826,1913.29
1.692,0,0,-0.0280299,3386.21,-137.033,0,0,-0.0671821,0,27806.5,1911.89
1.693,0,0,-0.0280965,3386.61,-134.778,0,0,-0.0660742,0,27787.4,1910.52
1.694,0,0,-0.028162,3387.04,-132.517,0,0,-0.0649637,0,27768.6,1909.17
1.695,0,0,-0.0282264,3387.5,-130.251,0,0,-0.0638506,0,27750.1,1907.84
1.696,0,0,-0.0282897,3388,-127.981,0,0,-0.062735,0,27732,1906.54
1.697,0,0,-0.0283519,3388.52,-125.705,0,0,-0.0616169,0,27714.2,1905.27
1.698,0,0,-0.0284129,3389.08,-123.424,0,0,-0.0604964,0,27696.8,1904.01
1.699,0,0,-0.0284729,3389.67,-121.138,0,0,-0.0593736,0,27679.6,1902.79
1.7,0,0,-0.0285317,3390.29,-118.848,0,0,-0.0582483,0,27662.9,1901.58
1.701,0,0,-0.0285894,3390.94,-116.553,0,0,-0.0571208,0,27646.4,1900.4
1.702,0,0,-0.0286459,3391.63,-114.253,0,0,-0.055991,0,27630.3,1899.24
1.703,0,0,-0.0287014,3392.35,-111.949,0,0,-0.054859,0,27614.5,1898.11
1.704,0,0,-0.0287557,3393.09,-109.64,0,0,-0.0537249,0,27599.1,1897
1.705,0,0,-0.0288088,3393.87,-107.327,0,0,-0.0525886,0,27584,1895.92
1.706,0,0,-0.0288608,3394.68,-105.01,0,0,-0.0514502,0,27569.2,1894.86
1.707,0,0,-0.0289117,3395.53,-102.689,0,0,-0.0503098,0,27554.8,1893.82
1.708,0,0,-0.0289614,3396.4,-100.363,0,0,-0.0491675,0,27540.7,1892.81
1.709,0,0,-0.02901,3397.31,-98.0342,0,0,-0.0480232,0,27526.9,1891.82
1.71,0,0,-0.0290575,3398.25,-95.7011,0,0,-0.0468769,0,27513.5,1890.86
1.711,0,0,-0.0291038,3399.22,-93.3641,0,0,-0.0457289,0,27500.4,1889.92
1.712,0,0,-0.029149,3400.22,-91.0236,0,0,-0.044579,0,27487.6,1889
1.713,0,0,-0.029193,3401.25,-88.6794,0,0,-0.0434274,0,27475.2,1888.11
1.714,0,0,-0.0292358,3402.32,-86.3317,0,0,-0.042274,0,27463.1,1887.24
1.715,0,0,-0.0292775,3403.41,-83.9807,0,0,-0.041119,0,27451.3,1886.4
1.716,0,0,-0.029318,3404.54,-81.6263,0,0,-0.0399624,0,27439.9,1885.58
1.717,0,0,-0.0293574,3405.7,-79.2687,0,0,-0.0388042,0,27428.8,1884.78
1.718,0,0,-0.0293957,3406.89,-76.908,0,0,-0.0376444,0,27418,1884.01
1.719,0,0,-0.0294327,3408.12,-74.5443,0,0,-0.0364832,0,27407.5,1883.26
1.72,0,0,-0.0294686,3409.37,-72.1777,0,0,-0.0353205,0,27397.4,1882.54
1.721,0,0,-0.0295034,3410.66,-69.8082,0,0,-0.0341565,0,27387.7,1881.84
1.722,0,0,-0.0295369,3411.97,-67.4359,0,0,-0.0329911,0,27378.2,1881.16
1.723,0,0,-0.0295693,3413.32,-65.0611,0,0,-0.0318244,0,27369.1,1880.51
1.724,0,0,-0.0296006,3414.71,-62.6836,0,0,-0.0306564,0,27360.4,1879.88
1.725,0,0,-0.0296307,3416.12,-60.3037,0,0,-0.0294872,0,27351.9,1879.27
1.726,0,0,-0.0296596,3417.56,-57.9214,0,0,-0.0283169,0,27343.8,1878.69
1.727,0,0,-0.0296873,3419.04,-55.5369,0,0,-0.0271454,0,27336,1878.13
1.728,0,0,-0.0297138,3420.55,-53.1502,0,0,-0.0259729,0,27328.6,1877.6
1.729,0,0,-0.0297392,3422.08,-50.7613,0,0,-0.0247993,0,27321.5,1877.09
1.73,0,0,-0.0297634,3423.66,-48.3705,0,0,-0.0236248,0,27314.7,1876.6
1.731,0,0,-0.0297865,3425.26,-45.9778,0,0,-0.0224493,0,27308.2,1876.14
1.732,0,0,-0.0298083,3426.89,-43.5833,0,0,-0.0212729,0,27302.1,1875.7
1.733,0,0,-0.029829,3428.56,-41.1871,0,0,-0.0200957,0,27296.3,1875.28
1.734,0,0,-0.0298485,3430.25,-38.7892,0,0,-0.0189177,0,27290.9,1874.89
1.735,0,0,-0.0298669,3431.98,-36.3899,0,0,-0.017739,0,27285.8,1874.53
1.736,0,0,-0.029884,3433.74,-33.9891,0,0,-0.0165596,0,27281,1874.18
1.737,0,0,-0.0299,3435.53,-31.587,0,0,-0.0153795,0,27276.5,1873.86
1.738,0,0,-0.0299148,3437.36,-29.1836,0,0,-0.0141988,0,27272.4,1873.56
1.739,0,0,-0.0299284,3439.21,-26.7791,0,0,-0.0130175,0,27268.6,1873.29
1.74,0,0,-0.0299408,3441.1,-24.3736,0,0,-0.0118357,0,27265.1,1873.04
1.741,0,0,-0.029952,3443.01,-21.9671,0,0,-0.0106535,0,27261.9,1872.82
1.742,0,0,-0.0299621,3444.96,-19.5598,0,0,-0.00947083,0,27259.1,1872.62
1.743,0,0,-0.029971,3446.94,-17.1517,0,0,-0.0082878,0,27256.7,1872.44
1.744,0,0,-0.0299787,3448.96,-14.7429,0,0,-0.00710443,0,27254.5,1872.28
1.745,0,0,-0.0299852,3451,-12.3335,0,0,-0.00592079,0,27252.7,1872.15
1.746,0,0,-0.0299905,3453.07,-9.92373,0,0,-0.00473691,0,27251.2,1872.05
1.747,0,0,-0.0299947,3455.18,-7.51353,0,0,-0.00355285,0,27250,1871.96
1.748,0,0,-0.0299976,3457.32,-5.10305,0,0,-0.00236864,0,27249.2,1871.91
1.749,0,0,-0.0299994,3459.49,-2.69237,0,0,-0.00118434,0,27248.7,1871.87
1.75,0,0,-0.03,3461.69,-1.97819e-10,0,0,-9.71831e-14,0,27248.6,1871.86
1.751,0,0,-0.0299994,3463.92,2.69237,0,0,0.00118434,0,27248.7,1871.87
1.752,0,0,-0.0299976,3466.19,5.10305,0,0,0.00236864,0,27249.2,1871.91
1.753,0,0,-0.0299947,3468.48,7.51353,0,0,0.00355285,0,27250,1871.96
1.754,0,0,-0.0299905,3470.81,9.92373,0,0,0.00473691,0,27251.2,1872.05
1.755,0,0,-0.0299852,3473.17,12.3335,0,0,0.00592079,0,27252.7,1872.15
1.756,0,0,-0.0299787,3475.56,14.7429,0,0,0.00710443,0,27254.5,1872.28
1.757,0,0,-0.029971,3477.98,17.1517,0,0,0.0082878,0,27256.7,1872.44
1.758,0,0,-0.0299621,3480.43,19.5598,0,0,0.00947083,0,27259.1,1872.62
1.759,0,0,-0.029952,3482.92,21.9671,0,0,0.0106535,0,27261.9,1872.82
1.76,0,0,-0.0299408,3485.43,24.3736,0,0,0.0118357,0,27265.1,1873.04
1.761,0,0,-0.0299284,3487.98,26.7791,0,0,0.0130175,0,27268.6,1873.29
1.762,0,0,-0.0299148,3490.56,29.1836,0,0,0.0141988,0,27272.4,1873.56
1.763,0,0,-0.0299,3493.17,31.587,0,0,0.0153795,0,27276.5,1873.86
1.764,0,0,-0.029884,3495.81,33.9891,0,0,0.0165596,0,27281,1874.18
1.765,0,0,-0.0298669,3498.49,36.3899,0,0,0.017739,0,27285.8,1874.53
1.766,0,0,-0.0298485,3501.19,38.7892,0,0,0.0189177,0,27290.9,1874.89
1.767,0,0,-0.029829,3503.93,41.1871,0,0,0.0200957,0,27296.3,1875.28
1.768,0,0,-0.0298083,3506.69,43.5833,0,0,0.0212729,0,27302.1,1875.7
1.769,0,0,-0.0297865,3509.49,45.9778,0,0,0.0224493,0,27308.2,1876.14
1.77,0,0,-0.0297634,3512.32,48.3705,0,0,0.0236248,0,27314.7,1876.6
1.771,0,0,-0.0297392,3515.19,50.7613,0,0,0.0247993,0,27321.5,1877.09
1.772,0,0,-0.0297138,3518.08,53.1502,0,0,0.0259729,0,27328.6,1877.6
1.773,0,0,-0.0296873,3521,55.5369,0,0,0.0271454,0,27336,1878.13
1.774,0,0,-0.0296596,3523.96,57.9214,0,0,0.0283169,0,27343.8,1878.69
1.775,0,0,-0.0296307,3526.95,60.3037,0,0,0.0294872,0,27351.9,1879.27
1.776,0,0,-0.0296006,3529.97,62.6836,0,0,0.0306564,0,27360.4,1879.88
1.777,0,0,-0.0295693,3533.02,65.0611,0,0,0.0318244,0,27369.1,1880.51
1.778,0,0,-0.0295369,3536.1,67.4359,0,0,0.0329911,0,27378.2,1881.16
1.779,0,0,-0.0295034,3539.21,69.8082,0,0,0.0341565,0,27387.7,1881.84
1.78,0,0,-0.0294686,3542.36,72.1777,0,0,0.0353205,0,27397.4,1882.54
1.781,0,0,-0.0294327,3545.53,74.5443,0,0,0.0364832,0,27407.5,1883.26
1.782,0,0,-0.0293957,3548.74,76.908,0,0,0.0376444,0,27418,1884.01
1.783,0,0,-0.0293574,3551.98,79.2687,0,0,0.0388042,0,27428.8,1884.78
1.784,0,0,-0.029318,3555.25,81.6263,0,0,0.0399624,0,27439.9,1885.58
1.785,0,0,-0.0292775,3558.55,83.9807,0,0,0.041119,0,27451.3,1886.4
1.786,0,0,-0.0292358,3561.88,86.3317,0,0,0.042274,0,27463.1,1887.24
1.787,0,0,-0.029193,3565.24,88.6794,0,0,0.0434274,0,27475.2,1888.11
1.788,0,0,-0.029149,3568.64,91.0236,0,0,0.044579,0,27487.6,1889
1.789,0,0,-0.0291038,3572.07,93.3641,0,0,0.0457289,0,27500.4,1889.92
1.79,0,0,-0.0290575,3575.52,95.7011,0,0,0.0468769,0,27513.5,1890.86
1.791,0,0,-0.02901,3579.01,98.0342,0,0,0.0480232,0,27526.9,1891.82
1.792,0,0,-0.0289614,3582.53,100.363,0,0,0.0491675,0,27540.7,1892.81
1.793,0,0,-0.0289117,3586.08,102.689,0,0,0.0503098,0,27554.8,1893.82
1.794,0,0,-0.0288608,3589.67,105.01,0,0,0.0514502,0,27569.2,1894.86
1.795,0,0,-0.0288088,3593.28,107.327,0,0,0.0525886,0,27584,1895.92
1.796,0,0,-0.0287557,3596.93,109.64,0,0,0.0537249,0,27599.1,1897
1.797,0,0,-0.0287014,3600.6,111.949,0,0,0.054859,0,27614.5,1898.11
1.798,0,0,-0.0286459,3604.31,114.253,0,0,0.055991,0,27630.3,1899.24
1.799,0,0,-0.0285894,3608.05,116.553,0,0,0.0571208,0,27646.4,1900.4
1.8,0,0,-0.0285317,3611.82,118.848,0,0,0.0582483,0,27662.9,1901.58
1.801,0,0,-0.0284729,3615.62,121.138,0,0,0.0593736,0,27679.6,1902.79
1.802,0,0,-0.0284129,3619.45,123.424,0,0,0.0604964,0,27696.8,1904.01
1.803,0,0,-0.0283519,3623.32,125.705,0,0,0.0616169,0,27714.2,1905.27
1.804,0,0,-0.0282897,3627.21,127.981,0,0,0.062735,0,27732,1906.54
1.805,0,0,-0.0282264,3631.14,130.251,0,0,0.0638506,0,27750.1,1907.84
1.806,0,0,-0.028162,3635.1,132.517,0,0,0.0649637,0,27768.6,1909.17
1.807,0,0,-0.0280965,3639.08,134.778,0,0,0.0660742,0,27787.4,1910.52
1.808,0,0,-0.0280299,3643.1,137.033,0,0,0.0671821,0,27806.5,1911.89
1.809,0,0,-0.0279621,3647.15,139.283,0,0,0.0682873,0,27826,1913.29
1.81,0,0,-0.0278933,3651.23,141.527,0,0,0.0693898,0,27845.8,1914.71
1.811,0,0,-0.0278234,3655.35,143.765,0,0,0.0704896,0,27866,1916.16
1.812,0,0,-0.0277523,3659.49,145.998,0,0,0.0715867,0,27886.5,1917.63
1.813,0,0,-0.0276802,3663.67,148.226,0,0,0.0726809,0,27907.3,1919.13
1.814,0,0,-0.027607,3667.87,150.447,0,0,0.0737722,0,27928.5,1920.65
1.815,0,0,-0.0275326,3672.11,152.663,0,0,0.0748606,0,27950,1922.19
1.816,0,0,-0.0274572,3676.37,154.872,0,0,0.0759461,0,27971.8,1923.76
1.817,0,0,-0.0273807,3680.67,157.076,0,0,0.0770285,0,27994,1925.35
1.818,0,0,-0.0273032,3685,159.273,0,0,0.078108,0,28016.5,1926.97
1.819,0,0,-0.0272245,3689.36,161.464,0,0,0.0791843,0,28039.4,1928.61
1.82,0,0,-0.0271448,3693.75,163.648,0,0,0.0802575,0,28062.6,1930.27
1.821,0,0,-0.027064,3698.18,165.826,0,0,0.0813275,0,28086.1,1931.97
1.822,0,0,-0.0269822,3702.63,167.998,0,0,0.0823944,0,28110,1933.68
1.823,0,0,-0.0268992,3707.11,170.163,0,0,0.083458,0,28134.3,1935.42
1.824,0,0,-0.0268152,3711.63,172.321,0,0,0.0845182,0,28158.8,1937.18
1.825,0,0,-0.0267302,3716.17,174.473,0,0,0.0855752,0,28183.7,1938.97
1.826,0,0,-0.0266441,3720.75,176.617,0,0,0.0866288,0,28209,1940.79
1.827,0,0,-0.0265569,3725.35,178.755,0,0,0.0876789,0,28234.6,1942.62
1.828,0,0,-0.0264687,3729.99,180.885,0,0,0.0887256,0,28260.5,1944.49
1.829,0,0,-0.0263795,3734.66,183.009,0,0,0.0897688,0,28286.8,1946.37
1.83,0,0,-0.0262892,3739.36,185.125,0,0,0.0908084,0,28313.4,1948.28
1.831,0,0,-0.0261979,3744.09,187.234,0,0,0.0918445,0,28340.4,1950.22
1.832,0,0,-0.0261055,3748.84,189.335,0,0,0.0928769,0,28367.7,1952.18
1.833,0,0,-0.0260121,3753.63,191.43,0,0,0.0939057,0,28395.3,1954.17
1.834,0,0,-0.0259177,3758.46,193.516,0,0,0.0949307,0,28423.3,1956.18
1.835,0,0,-0.0258223,3763.31,195.595,0,0,0.095952,0,28451.6,1958.21
1.836,0,0,-0.0257258,3768.19,197.666,0,0,0.0969696,0,28480.3,1960.27
1.837,0,0,-0.0256283,3773.1,199.73,0,0,0.0979833,0,28509.3,1962.36
1.838,0,0,-0.0255298,3778.04,201.785,0,0,0.0989931,0,28538.7,1964.47
1.839,0,0,-0.0254303,3783.01,203.833,0,0,0.099999,0,28568.4,1966.6
1.84,0,0,-0.0253298,3788.02,205.872,0,0,0.101001,0,28598.5,1968.76
1.841,0,0,-0.0252283,3793.05,207.904,0,0,0.101999,0,28628.9,1970.95
1.842,0,0,-0.0251258,3798.11,209.927,0,0,0.102993,0,28659.6,1973.15
1.843,0,0,-0.0250224,3803.21,211.942,0,0,0.103983,0,28690.7,1975.39
1.844,0,0,-0.0249179,3808.33,213.948,0,0,0.104969,0,28722.2,1977.65
1.845,0,0,-0.0248124,3813.48,215.947,0,0,0.10595,0,28754,1979.93
1.846,0,0,-0.024706,3818.67,217.936,0,0,0.106928,0,28786.1,1982.24
1.847,0,0,-0.0245986,3823.88,219.917,0,0,0.107901,0,28818.6,1984.58
1.848,0,0,-0.0244902,3829.13,221.89,0,0,0.10887,0,28851.4,1986.93
1.849,0,0,-0.0243808,3834.4,223.853,0,0,0.109835,0,28884.6,1989.32
1.85,0,0,-0.0242705,3839.7,225.808,0,0,0.110795,0,28918.1,1991.73
1.851,0,0,-0.0241592,3845.04,227.754,0,0,0.111751,0,28952,1994.16
1.852,0,0,-0.024047,3850.4,229.691,0,0,0.112702,0,28986.2,1996.62
1.853,0,0,-0.0239338,3855.79,231.619,0,0,0.11365,0,29020.8,1999.11
1.854,0,0,-0.0238197,3861.21,233.537,0,0,0.114592,0,29055.7,2001.62
1.855,0,0,-0.0237047,3866.67,235.447,0,0,0.11553,0,29091,2004.15
1.856,0,0,-0.0235887,3872.15,237.347,0,0,0.116464,0,29126.6,2006.71
1.857,0,0,-0.0234717,3877.66,239.238,0,0,0.117393,0,29162.6,2009.3
1.858,0,0,-0.0233539,3883.2,241.12,0,0,0.118317,0,29198.9,2011.91
1.859,0,0,-0.0232351,3888.77,242.992,0,0,0.119237,0,29235.6,2014.55
1.86,0,0,-0.0231154,3894.37,244.854,0,0,0.120152,0,29272.6,2017.21
1.861,0,0,-0.0229948,3900,246.707,0,0,0.121062,0,29310,2019.89
1.862,0,0,-0.0228733,3905.66,248.55,0,0,0.121967,0,29347.7,2022.61
1.863,0,0,-0.0227509,3911.34,250.383,0,0,0.122868,0,29385.8,2025.34
1.864,0,0,-0.0226275,3917.06,252.206,0,0,0.123763,0,29424.2,2028.11
1.865,0,0,-0.0225033,3922.81,254.019,0,0,0.124654,0,29463,2030.9
1.866,0,0,-0.0223782,3928.58,255.823,0,0,0.12554,0,29502.1,2033.71
1.867,0,0,-0.0222523,3934.38,257.616,0,0,0.126421,0,29541.6,2036.55
1.868,0,0,-0.0221254,3940.22,259.399,0,0,0.127297,0,29581.4,2039.41
1.869,0,0,-0.0219977,3946.08,261.172,0,0,0.128168,0,29621.6,2042.31
1.87,0,0,-0.0218691,3951.97,262.934,0,0,0.129034,0,29662.2,2045.22
1.871,0,0,-0.0217396,3957.89,264.687,0,0,0.129895,0,29703.1,2048.16
1.872,0,0,-0.0216093,3963.83,266.428,0,0,0.130751,0,29744.3,2051.13
1.873,0,0,-0.0214781,3969.81,268.16,0,0,0.131601,0,29785.9,2054.12
1.874,0,0,-0.0213461,3975.81,269.88,0,0,0.132446,0,29827.9,2057.14
1.875,0,0,-0.0212132,3981.84,271.59,0,0,0.133286,0,29870.2,2060.18
1.876,0,0,-0.0210795,3987.91,273.29,0,0,0.134121,0,29912.9,2063.25
1.877,0,0,-0.020945,3993.99,274.978,0,0,0.134951,0,29955.9,2066.35
1.878,0,0,-0.0208096,4000.11,276.656,0,0,0.135775,0,29999.3,2069.47
1.879,0,0,-0.0206734,4006.26,278.323,0,0,0.136594,0,30043,2072.62
1.88,0,0,-0.0205364,4012.43,279.978,0,0,0.137407,0,30087.1,2075.79
1.881,0,0,-0.0203986,4018.63,281.623,0,0,0.138215,0,30131.5,2078.99
1.882,0,0,-0.02026,4024.86,283.257,0,0,0.139018,0,30176.3,2082.21
1.883,0,0,-0.0201206,4031.11,284.879,0,0,0.139815,0,30221.5,2085.46
1.884,0,0,-0.0199804,4037.4,286.491,0,0,0.140607,0,30267,2088.73
1.885,0,0,-0.0198394,4043.71,288.091,0,0,0.141393,0,30312.8,2092.04
1.886,0,0,-0.0196976,4050.05,289.679,0,0,0.142173,0,30359.1,2095.36
1.887,0,0,-0.019555,4056.42,291.256,0,0,0.142948,0,30405.6,2098.71
1.888,0,0,-0.0194117,4062.81,292.822,0,0,0.143717,0,30452.6,2102.09
1.889,0,0,-0.0192676,4069.23,294.376,0,0,0.144481,0,30499.9,2105.5
1.89,0,0,-0.0191227,4075.68,295.919,0,0,0.145238,0,30547.5,2108.93
1.891,0,0,-0.0189771,4082.15,297.45,0,0,0.14599,0,30595.5,2112.38
1.892,0,0,-0.0188307,4088.65,298.969,0,0,0.146737,0,30643.9,2115.87
1.893,0,0,-0.0186836,4095.18,300.476,0,0,0.147477,0,30692.6,2119.37
1.894,0,0,-0.0185358,4101.74,301.971,0,0,0.148212,0,30741.7,2122.91
1.895,0,0,-0.0183872,4108.32,303.455,0,0,0.148941,0,30791.1,2126.47
1.896,0,0,-0.0182379,4114.92,304.927,0,0,0.149664,0,30840.9,2130.05
1.897,0,0,-0.0180879,4121.56,306.386,0,0,0.150381,0,30891,2133.66
1.898,0,0,-0.0179371,4128.22,307.834,0,0,0.151092,0,30941.5,2137.3
1.899,0,0,-0.0177857,4134.9,309.269,0,0,0.151797,0,30992.4,2140.96
1.9,0,0,-0.0176336,4141.62,310.692,0,0,0.152496,0,31043.6,2144.65
1.901,0,0,-0.0174807,4148.35,312.103,0,0,0.153189,0,31095.2,2148.37
1.902,0,0,-0.0173272,4155.12,313.502,0,0,0.153876,0,31147.1,2152.11
1.903,0,0,-0.017173,4161.91,314.888,0,0,0.154557,0,31199.4,2155.88
1.904,0,0,-0.0170181,4168.72,316.262,0,0,0.155232,0,31252.1,2159.67
1.905,0,0,-0.0168625,4175.56,317.623,0,0,0.155901,0,31305.1,2163.49
1.906,0,0,-0.0167063,4182.43,318.972,0,0,0.156564,0,31358.5,2167.33
1.907,0,0,-0.0165494,4189.32,320.308,0,0,0.15722,0,31412.2,2171.2
1.908,0,0,-0.0163918,4196.23,321.631,0,0,0.15787,0,31466.3,2175.1
1.909,0,0,-0.0162336,4203.17,322.942,0,0,0.158514,0,31520.7,2179.02
1.91,0,0,-0.0160748,4210.14,324.241,0,0,0.159152,0,31575.5,2182.97
1.911,0,0,-0.0159153,4217.12,325.526,0,0,0.159784,0,31630.7,2186.95
1.912,0,0,-0.0157552,4224.14,326.798,0,0,0.160409,0,31686.2,2190.95
1.913,0,0,-0.0155945,4231.18,328.058,0,0,0.161028,0,31742.1,2194.98
1.914,0,0,-0.0154332,4238.24,329.305,0,0,0.16164,0,31798.3,2199.03
1.915,0,0,-0.0152712,4245.32,330.538,0,0,0.162246,0,31854.9,2203.11
1.916,0,0,-0.0151087,4252.43,331.759,0,0,0.162846,0,31911.8,2207.21
1.917,0,0,-0.0149456,4259.56,332.967,0,0,0.163439,0,31969.1,2211.35
1.918,0,0,-0.0147818,4266.72,334.161,0,0,0.164026,0,32026.8,2215.5
1.919,0,0,-0.0146175,4273.9,335.342,0,0,0.164606,0,32084.8,2219.68
1.92,0,0,-0.0144526,4281.1,336.51,0,0,0.16518,0,32143.2,2223.89
1.921,0,0,-0.0142871,4288.33,337.665,0,0,0.165747,0,32201.9,2228.13
1.922,0,0,-0.0141211,4295.58,338.807,0,0,0.166308,0,32261,2232.39
1.923,0,0,-0.0139545,4302.85,339.935,0,0,0.166862,0,32320.4,2236.68
1.924,0,0,-0.0137874,4310.14,341.049,0,0,0.16741,0,32380.2,2240.99
1.925,0,0,-0.0136197,4317.46,342.151,0,0,0.167951,0,32440.4,2245.33
1.926,0,0,-0.0134515,4324.8,343.238,0,0,0.168485,0,32500.9,2249.69
1.927,0,0,-0.0132827,4332.16,344.312,0,0,0.169013,0,32561.8,2254.08
1.928,0,0,-0.0131135,4339.54,345.373,0,0,0.169534,0,32623,2258.5
1.929,0,0,-0.0129437,4346.95,346.42,0,0,0.170048,0,32684.5,2262.94
1.93,0,0,-0.0127734,4354.37,347.453,0,0,0.170556,0,32746.5,2267.41
1.931,0,0,-0.0126026,4361.82,348.473,0,0,0.171057,0,32808.8,2271.9
1.932,0,0,-0.0124313,4369.28,349.479,0,0,0.171551,0,32871.4,2276.42
1.933,0,0,-0.0122595,4376.77,350.471,0,0,0.172038,0,32934.4,2280.97
1.934,0,0,-0.0120872,4384.28,351.449,0,0,0.172519,0,32997.7,2285.54
1.935,0,0,-0.0119144,4391.81,352.414,0,0,0.172993,0,33061.4,2290.13
1.936,0,0,-0.0117412,4399.36,353.364,0,0,0.17346,0,33125.5,2294.76
1.937,0,0,-0.0115675,4406.93,354.301,0,0,0.17392,0,33189.9,2299.4
1.938,0,0,-0.0113934,4414.52,355.223,0,0,0.174373,0,33254.6,2304.08
1.939,0,0,-0.0112188,4422.13,356.132,0,0,0.174819,0,33319.7,2308.78
1.94,0,0,-0.0110437,4429.76,357.026,0,0,0.175259,0,33385.2,2313.5
1.941,0,0,-0.0108683,4437.41,357.907,0,0,0.175691,0,33451,2318.25
1.942,0,0,-0.0106924,4445.07,358.773,0,0,0.176117,0,33517.1,2323.03
1.943,0,0,-0.010516,4452.76,359.625,0,0,0.176535,0,33583.6,2327.83
1.944,0,0,-0.0103393,4460.46,360.463,0,0,0.176947,0,33650.5,2332.66
1.945,0,0,-0.0101621,4468.19,361.287,0,0,0.177352,0,33717.7,2337.51
1.946,0,0,-0.00998459,4475.93,362.096,0,0,0.17775,0,33785.2,2342.39
1.947,0,0,-0.00980664,4483.69,362.891,0,0,0.17814,0,33853.1,2347.29
1.948,0,0,-0.00962831,4491.46,363.672,0,0,0.178524,0,33921.3,2352.22
1.949,0,0,-0.0094496,4499.26,364.439,0,0,0.1789,0,33989.9,2357.17
1.95,0,0,-0.00927051,4507.07,365.191,0,0,0.17927,0,34058.8,2362.15
1.951,0,0,-0.00909106,4514.9,365.929,0,0,0.179632,0,34128.1,2367.15
1.952,0,0,-0.00891125,4522.74,366.652,0,0,0.179988,0,34197.7,2372.18
1.953,0,0,-0.00873109,4530.61,367.361,0,0,0.180336,0,34267.7,2377.23
1.954,0,0,-0.00855058,4538.48,368.055,0,0,0.180677,0,34338,2382.31
1.955,0,0,-0.00836973,4546.38,368.735,0,0,0.181011,0,34408.6,2387.42
1.956,0,0,-0.00818856,4554.29,369.401,0,0,0.181338,0,34479.6,2392.55
1.957,0,0,-0.00800706,4562.21,370.051,0,0,0.181658,0,34550.9,2397.7
1.958,0,0,-0.00782525,4570.15,370.687,0,0,0.18197,0,34622.6,2402.88
1.959,0,0,-0.00764312,4578.11,371.309,0,0,0.182275,0,34694.5,2408.08
1.96,0,0,-0.0074607,4586.08,371.916,0,0,0.182574,0,34766.9,2413.31
1.961,0,0,-0.00727798,4594.06,372.508,0,0,0.182865,0,34839.5,2418.56
1.962,0,0,-0.00709497,4602.06,373.086,0,0,0.183148,0,34912.5,2423.84
1.963,0,0,-0.00691168,4610.07,373.648,0,0,0.183425,0,34985.9,2429.14
1.964,0,0,-0.00672812,4618.1,374.196,0,0,0.183694,0,35059.5,2434.46
1.965,0,0,-0.0065443,4626.14,374.73,0,0,0.183956,0,35133.5,2439.81
1.966,0,0,-0.00636021,4634.19,375.248,0,0,0.184211,0,35207.9,2445.19
1.967,0,0,-0.00617588,4642.26,375.752,0,0,0.184458,0,35282.5,2450.59
1.968,0,0,-0.0059913,4650.34,376.241,0,0,0.184698,0,35357.5,2456.01
1.969,0,0,-0.00580648,4658.43,376.715,0,0,0.184931,0,35432.8,2461.46
1.97,0,0,-0.00562144,4666.53,377.174,0,0,0.185157,0,35508.5,2466.93
1.971,0,0,-0.00543617,4674.64,377.618,0,0,0.185375,0,35584.4,2472.42
1.972,0,0,-0.00525069,4682.77,378.048,0,0,0.185586,0,35660.7,2477.94
1.973,0,0,-0.005065,4690.9,378.462,0,0,0.18579,0,35737.3,2483.48
1.974,0,0,-0.00487911,4699.05,378.862,0,0,0.185986,0,35814.3,2489.05
1.975,0,0,-0.00469303,4707.21,379.246,0,0,0.186175,0,35891.5,2494.63
1.976,0,0,-0.00450677,4715.37,379.616,0,0,0.186356,0,35969.1,2500.25
1.977,0,0,-0.00432032,4723.55,379.971,0,0,0.186531,0,36047,2505.88
1.978,0,0,-0.00413371,4731.74,380.31,0,0,0.186698,0,36125.2,2511.54
1.979,0,0,-0.00394693,4739.93,380.635,0,0,0.186857,0,36203.7,2517.22
1.98,0,0,-0.00376,4748.14,380.945,0,0,0.187009,0,36282.5,2522.93
1.981,0,0,-0.00357291,4756.35,381.239,0,0,0.187154,0,36361.7,2528.65
1.982,0,0,-0.00338569,4764.57,381.519,0,0,0.187291,0,36441.1,2534.41
1.983,0,0,-0.00319833,4772.8,381.783,0,0,0.187421,0,36520.9,2540.18
1.984,0,0,-0.00301085,4781.03,382.033,0,0,0.187544,0,36600.9,2545.97
1.985,0,0,-0.00282325,4789.28,382.267,0,0,0.187659,0,36681.3,2551.79
1.986,0,0,-0.00263554,4797.53,382.487,0,0,0.187767,0,36762,2557.63
1.987,0,0,-0.00244772,4805.78,382.691,0,0,0.187867,0,36843,2563.5
1.988,0,0,-0.0022598,4814.04,382.88,0,0,0.18796,0,36924.2,2569.38
1.989,0,0,-0.0020718,4822.31,383.054,0,0,0.188046,0,37005.8,2575.29
1.99,0,0,-0.00188372,4830.59,383.213,0,0,0.188124,0,37087.7,2581.22
1.991,0,0,-0.00169556,4838.86,383.357,0,0,0.188194,0,37169.9,2587.17
1.992,0,0,-0.00150733,4847.15,383.486,0,0,0.188257,0,37252.3,2593.14
1.993,0,0,-0.00131904,4855.44,383.599,0,0,0.188313,0,37335.1,2599.13
1.994,0,0,-0.00113071,4863.73,383.698,0,0,0.188362,0,37418.1,2605.15
1.995,0,0,-0.000942323,4872.02,383.781,0,0,0.188403,0,37501.4,2611.18
1.996,0,0,-0.000753903,4880.32,383.849,0,0,0.188436,0,37585,2617.24
1.997,0,0,-0.000565453,4888.62,383.902,0,0,0.188462,0,37668.9,2623.32
1.998,0,0,-0.000376981,4896.92,383.94,0,0,0.188481,0,37753.1,2629.42
1.999,0,0,-0.000188494,4905.23,383.963,0,0,0.188492,0,37837.6,2635.54
2,0,0,-2.06382e-14,4913.53,383.97,0,0,0.188496,0,37922.3,2641.68
2.001,0,0,0.000188494,4921.84,383.963,0,0,0.188492,0,38007.3,2647.84
2.002,0,0,0.000376981,4930.15,383.94,0,0,0.188481,0,38092.6,2654.02
2.003,0,0,0.000565453,4938.46,383.902,0,0,0.188462,0,38178.1,2660.22
2.004,0,0,0.000753903,4946.77,383.849,0,0,0.188436,0,38264,2666.44
2.005,0,0,0.000942323,4955.08,383.781,0,0,0.188403,0,38350.1,2672.68
2.006,0,0,0.00113071,4963.39,383.698,0,0,0.188362,0,38436.4,2678.94
2.007,0,0,0.00131904,4971.69,383.599,0,0,0.188313,0,38523,2685.22
2.008,0,0,0.00150733,4980,383.486,0,0,0.188257,0,38609.9,2691.51
2.009,0,0,0.00169556,4988.3,383.357,0,0,0.188194,0,38697,2697.83
2.01,0,0,0.00188372,4996.6,383.213,0,0,0.188124,0,38784.4,2704.17
2.011,0,0,0.0020718,5004.9,383.054,0,0,0.188046,0,38872,2710.52
2.012,0,0,0.0022598,5013.2,382.88,0,0,0.18796,0,38959.9,2716.89
2.013,0,0,0.00244772,5021.49,382.691,0,0,0.187867,0,39048,2723.28
2.014,0,0,0.00263554,5029.78,382.487,0,0,0.187767,0,39136.4,2729.69
2.015,0,0,0.00282325,5038.06,382.267,0,0,0.187659,0,39225,2736.12
2.016,0,0,0.00301085,5046.34,382.033,0,0,0.187544,0,39313.8,2742.56
2.017,0,0,0.00319833,5054.61,381.783,0,0,0.187421,0,39402.9,2749.03
2.018,0,0,0.00338569,5062.87,381.519,0,0,0.187291,0,39492.2,2755.51
2.019,0,0,0.00357291,5071.13,381.239,0,0,0.187154,0,39581.7,2762
2.02,0,0,0.00376,5079.39,380.945,0,0,0.187009,0,39671.5,2768.51
2.021,0,0,0.00394693,5087.63,380.635,0,0,0.186857,0,39761.5,2775.04
2.022,0,0,0.00413371,5095.87,380.31,0,0,0.186698,0,39851.7,2781.59
2.023,0,0,0.00432032,5104.1,379.971,0,0,0.186531,0,39942.1,2788.15
2.024,0,0,0.00450677,5112.32,379.616,0,0,0.186356,0,40032.8,2794.73
2.025,0,0,0.00469303,5120.54,379.246,0,0,0.186175,0,40123.6,2801.32
2.026,0,0,0.00487911,5128.74,378.862,0,0,0.185986,0,40214.7,2807.93
2.027,0,0,0.005065,5136.93,378.462,0,0,0.18579,0,40305.9,2814.56
2.028,0,0,0.00525069,5145.11,378.048,0,0,0.185586,0,40397.4,2821.2
2.029,0,0,0.00543617,5153.29,377.618,0,0,0.185375,0,40489,2827.85
2.03,0,0,0.00562144,5161.45,377.174,0,0,0.185157,0,40580.9,2834.52
2.031,0,0,0.00580648,5169.59,376.715,0,0,0.184931,0,40672.9,2841.2
2.032,0,0,0.0059913,5177.73,376.241,0,0,0.184698,0,40765.2,2847.9
2.033,0,0,0.00617588,5185.85,375.752,0,0,0.184458,0,40857.6,2854.61
2.034,0,0,0.00636021,5193.96,375.248,0,0,0.184211,0,40950.2,2861.34
2.035,0,0,0.0065443,5202.06,374.73,0,0,0.183956,0,41043,2868.07
2.036,0,0,0.00672812,5210.14,374.196,0,0,0.183694,0,41135.9,2874.83
2.037,0,0,0.00691168,5218.21,373.648,0,0,0.183425,0,41229,2881.59
2.038,0,0,0.00709497,5226.26,373.086,0,0,0.183148,0,41322.3,2888.37
2.039,0,0,0.00727798,5234.29,372.508,0,0,0.182865,0,41415.8,2895.15
2.04,0,0,0.0074607,5242.31,371.916,0,0,0.182574,0,41509.4,2901.95
2.041,0,0,0.00764312,5250.32,371.309,0,0,0.182275,0,41603.1,2908.77
2.042,0,0,0.00782525,5258.3,370.687,0,0,0.18197,0,41697,2915.59
2.043,0,0,0.00800706,5266.27,370.051,0,0,0.181658,0,41791.1,2922.42
2.044,0,0,0.00818856,5274.22,369.401,0,0,0.181338,0,41885.3,2929.27
2.045,0,0,0.00836973,5282.15,368.735,0,0,0.181011,0,41979.6,2936.12
2.046,0,0,0.00855058,5290.06,368.055,0,0,0.180677,0,42074.1,2942.99
2.047,0,0,0.00873109,5297.95,367.361,0,0,0.180336,0,42168.7,2949.87
2.048,0,0,0.00891125,5305.82,366.652,0,0,0.179988,0,42263.4,2956.75
2.049,0,0,0.00909106,5313.67,365.929,0,0,0.179632,0,42358.3,2963.65
2.05,0,0,0.00927051,5321.5,365.191,0,0,0.17927,0,42453.3,2970.55
2.051,0,0,0.0094496,5329.31,364.439,0,0,0.1789,0,42548.4,2977.46
2.052,0,0,0.00962831,5337.09,363.672,0,0,0.178524,0,42643.5,2984.38
2.053,0,0,0.00980664,5344.85,362.891,0,0,0.17814,0,42738.8,2991.31
2.054,0,0,0.00998459,5352.59,362.096,0,0,0.17775,0,42834.2,2998.25
2.055,0,0,0.0101621,5360.3,361.287,0,0,0.177352,0,42929.7,3005.19
2.056,0,0,0.0103393,5367.99,360.463,0,0,0.176947,0,43025.3,3012.14
2.057,0,0,0.010516,5375.65,359.625,0,0,0.176535,0,43121,3019.1
2.058,0,0,0.0106924,5383.29,358.773,0,0,0.176117,0,43216.7,3026.07
2.059,0,0,0.0108683,5390.91,357.907,0,0,0.175691,0,43312.6,3033.04
2.06,0,0,0.0110437,5398.49,357.026,0,0,0.175259,0,43408.5,3040.01
2.061,0,0,0.0112188,5406.05,356.132,0,0,0.174819,0,43504.5,3046.99
2.062,0,0,0.0113934,5413.58,355.223,0,0,0.174373,0,43600.5,3053.98
2.063,0,0,0.0115675,5421.08,354.301,0,0,0.17392,0,43696.6,3060.97
2.064,0,0,0.0117412,5428.55,353.364,0,0,0.17346,0,43792.7,3067.97
2.065,0,0,0.0119144,5436,352.414,0,0,0.172993,0,43888.9,3074.97
2.066,0,0,0.0120872,5443.41,351.449,0,0,0.172519,0,43985.2,3081.97
2.067,0,0,0.0122595,5450.79,350.471,0,0,0.172038,0,44081.4,3088.98
2.068,0,0,0.0124313,5458.15,349.479,0,0,0.171551,0,44177.8,3095.98
2.069,0,0,0.0126026,5465.47,348.473,0,0,0.171057,0,44274.1,3103
2.07,0,0,0.0127734,5472.75,347.453,0,0,0.170556,0,44370.4,3110.01
2.071,0,0,0.0129437,5480.01,346.42,0,0,0.170048,0,44466.8,3117.02
2.072,0,0,0.0131135,5487.23,345.373,0,0,0.169534,0,44563.2,3124.04
2.073,0,0,0.0132827,5494.42,344.312,0,0,0.169013,0,44659.6,3131.06
2.074,0,0,0.0134515,5501.57,343.238,0,0,0.168485,0,44756,3138.08
2.075,0,0,0.0136197,5508.69,342.151,0,0,0.167951,0,44852.4,3145.09
2.076,0,0,0.0137874,5515.78,341.049,0,0,0.16741,0,44948.8,3152.11
2.077,0,0,0.0139545,5522.82,339.935,0,0,0.166862,0,45045.2,3159.13
2.078,0,0,0.0141211,5529.84,338.807,0,0,0.166308,0,45141.5,3166.15
2.079,0,0,0.0142871,5536.81,337.665,0,0,0.165747,0,45237.8,3173.16
2.08,0,0,0.0144526,5543.75,336.51,0,0,0.16518,0,45334.1,3180.17
2.081,0,0,0.0146175,5550.64,335.342,0,0,0.164606,0,45430.4,3187.18
2.082,0,0,0.0147818,5557.5,334.161,0,0,0.164026,0,45526.6,3194.19
2.083,0,0,0.0149456,5564.32,332.967,0,0,0.163439,0,45622.8,3201.2
2.084,0,0,0.0151087,5571.1,331.759,0,0,0.162846,0,45718.9,3208.2
2.085,0,0,0.0152712,5577.84,330.538,0,0,0.162246,0,45815,3215.19
2.086,0,0,0.0154332,5584.54,329.305,0,0,0.16164,0,45910.9,3222.19
2.087,0,0,0.0155945,5591.2,328.058,0,0,0.161028,0,46006.9,3229.18
2.088,0,0,0.0157552,5597.81,326.798,0,0,0.160409,0,46102.7,3236.16
2.089,0,0,0.0159153,5604.39,325.526,0,0,0.159784,0,46198.4,3243.13
2.09,0,0,0.0160748,5610.92,324.241,0,0,0.159152,0,46294.1,3250.11
2.091,0,0,0.0162336,5617.4,322.942,0,0,0.158514,0,46389.7,3257.07
2.092,0,0,0.0163918,5623.84,321.631,0,0,0.15787,0,46485.1,3264.03
2.093,0,0,0.0165494,5630.24,320.308,0,0,0.15722,0,46580.5,3270.98
2.094,0,0,0.0167063,5636.59,318.972,0,0,0.156564,0,46675.7,3277.92
2.095,0,0,0.0168625,5642.89,317.623,0,0,0.155901,0,46770.9,3284.85
2.096,0,0,0.0170181,5649.15,316.262,0,0,0.155232,0,46865.9,3291.78
2.097,0,0,0.017173,5655.36,314.888,0,0,0.154557,0,46960.7,3298.69
2.098,0,0,0.0173272,5661.53,313.502,0,0,0.153876,0,47055.5,3305.6
2.099,0,0,0.0174807,5667.64,312.103,0,0,0.153189,0,47150,3312.49
2.1,0,0,0.0176336,5673.71,310.692,0,0,0.152496,0,47244.5,3319.38
2.101,0,0,0.0177857,5679.73,309.269,0,0,0.151797,0,47338.7,3326.25
2.102,0,0,0.0179371,5685.7,307.834,0,0,0.151092,0,47432.8,3333.11
2.103,0,0,0.0180879,5691.62,306.386,0,0,0.150381,0,47526.8,3339.96
2.104,0,0,0.0182379,5697.48,304.927,0,0,0.149664,0,47620.5,3346.8
2.105,0,0,0.0183872,5703.3,303.455,0,0,0.148941,0,47714.1,3353.62
2.106,0,0,0.0185358,5709.06,301.971,0,0,0.148212,0,47807.5,3360.43
2.107,0,0,0.0186836,5714.78,300.476,0,0,0.147477,0,47900.7,3367.23
2.108,0,0,0.0188307,5720.44,298.969,0,0,0.146737,0,47993.6,3374.01
2.109,0,0,0.0189771,5726.04,297.45,0,0,0.14599,0,48086.4,3380.77
2.11,0,0,0.0191227,5731.59,295.919,0,0,0.145238,0,48179,3387.53
2.111,0,0,0.0192676,5737.09,294.376,0,0,0.144481,0,48271.3,3394.26
2.112,0,0,0.0194117,5742.53,292.822,0,0,0.143717,0,48363.4,3400.98
2.113,0,0,0.019555,5747.92,291.256,0,0,0.142948,0,48455.2,3407.68
2.114,0,0,0.0196976,5753.25,289.679,0,0,0.142173,0,48546.8,3414.37
2.115,0,0,0.0198394,5758.53,288.091,0,0,0.141393,0,48638.2,3421.03
2.116,0,0,0.0199804,5763.74,286.491,0,0,0.140607,0,48729.3,3427.68
2.117,0,0,0.0201206,5768.9,284.879,0,0,0.139815,0,48820.1,3434.31
2.118,0,0,0.02026,5774.01,283.257,0,0,0.139018,0,48910.7,3440.92
2.119,0,0,0.0203986,5779.05,281.623,0,0,0.138215,0,49001,3447.51
2.12,0,0,0.0205364,5784.03,279.978,0,0,0.137407,0,49091,3454.07
2.121,0,0,0.0206734,5788.96,278.323,0,0,0.136594,0,49180.7,3460.62
2.122,0,0,0.0208096,5793.82,276.656,0,0,0.135775,0,49270.1,3467.15
2.123,0,0,0.020945,5798.63,274.978,0,0,0.134951,0,49359.2,3473.65
2.124,0,0,0.0210795,5803.37,273.29,0,0,0.134121,0,49448,3480.13
2.125,0,0,0.0212132,5808.06,271.59,0,0,0.133286,0,49536.5,3486.59
2.126,0,0,0.0213461,5812.68,269.88,0,0,0.132446,0,49624.6,3493.03
2.127,0,0,0.0214781,5817.24,268.16,0,0,0.131601,0,49712.4,3499.44
2.128,0,0,0.0216093,5821.73,266.428,0,0,0.130751,0,49799.9,3505.82
2.129,0,0,0.0217396,5826.17,264.687,0,0,0.129895,0,49887,3512.18
2.13,0,0,0.0218691,5830.53,262.934,0,0,0.129034,0,49973.8,3518.52
2.131,0,0,0.0219977,5834.84,261.172,0,0,0.128168,0,50060.2,3524.83
2.132,0,0,0.0221254,5839.08,259.399,0,0,0.127297,0,50146.2,3531.11
2.133,0,0,0.0222523,5843.26,257.616,0,0,0.126421,0,50231.9,3537.36
2.134,0,0,0.0223782,5847.37,255.823,0,0,0.12554,0,50317.2,3543.59
2.135,0,0,0.0225033,5851.41,254.019,0,0,0.124654,0,50402,3549.79
2.136,0,0,0.0226275,5855.39,252.206,0,0,0.123763,0,50486.5,3555.96
2.137,0,0,0.0227509,5859.3,250.383,0,0,0.122868,0,50570.6,3562.1
2.138,0,0,0.0228733,5863.14,248.55,0,0,0.121967,0,50654.3,3568.21
2.139,0,0,0.0229948,5866.92,246.707,0,0,0.121062,0,50737.5,3574.29
2.14,0,0,0.0231154,5870.63,244.854,0,0,0.120152,0,50820.3,3580.34
2.141,0,0,0.0232351,5874.27,242.992,0,0,0.119237,0,50902.7,3586.36
2.142,0,0,0.0233539,5877.84,241.12,0,0,0.118317,0,50984.7,3592.35
2.143,0,0,0.0234717,5881.34,239.238,0,0,0.117393,0,51066.2,3598.3
2.144,0,0,0.0235887,5884.78,237.347,0,0,0.116464,0,51147.2,3604.22
2.145,0,0,0.0237047,5888.14,235.447,0,0,0.11553,0,51227.8,3610.11
2.146,0,0,0.0238197,5891.43,233.537,0,0,0.114592,0,51307.9,3615.96
2.147,0,0,0.0239338,5894.66,231.619,0,0,0.11365,0,51387.5,3621.78
2.148,0,0,0.024047,5897.81,229.691,0,0,0.112702,0,51466.7,3627.57
2.149,0,0,0.0241592,5900.89,227.754,0,0,0.111751,0,51545.4,3633.31
2.15,0,0,0.0242705,5903.9,225.808,0,0,0.110795,0,51623.5,3639.03
2.151,0,0,0.0243808,5906.83,223.853,0,0,0.109835,0,51701.2,3644.7
2.152,0,0,0.0244902,5909.7,221.89,0,0,0.10887,0,51778.3,3650.34
2.153,0,0,0.0245986,5912.49,219.917,0,0,0.107901,0,51855,3655.94
2.154,0,0,0.024706,5915.21,217.936,0,0,0.106928,0,51931.1,3661.5
2.155,0,0,0.0248124,5917.85,215.947,0,0,0.10595,0,52006.7,3667.03
2.156,0,0,0.0249179,5920.43,213.948,0,0,0.104969,0,52081.7,3672.51
2.157,0,0,0.0250224,5922.92,211.942,0,0,0.103983,0,52156.2,3677.96
2.158,0,0,0.0251258,5925.35,209.927,0,0,0.102993,0,52230.1,3683.36
2.159,0,0,0.0252283,5927.7,207.904,0,0,0.101999,0,52303.5,3688.73
2.16,0,0,0.0253298,5929.97,205.872,0,0,0.101001,0,52376.3,3694.05
2.161,0,0,0.0254303,5932.17,203.833,0,0,0.099999,0,52448.6,3699.33
2.162,0,0,0.0255298,5934.29,201.785,0,0,0.0989931,0,52520.3,3704.57
2.163,0,0,0.0256283,5936.34,199.73,0,0,0.0979833,0,52591.3,3709.77
2.164,0,0,0.0257258,5938.31,197.666,0,0,0.0969696,0,52661.8,3714.92
2.165,0,0,0.0258223,5940.21,195.595,0,0,0.095952,0,52731.7,3720.03
2.166,0,0,0.0259177,5942.03,193.516,0,0,0.0949307,0,52801,3725.1
2.167,0,0,0.0260121,5943.77,191.43,0,0,0.0939057,0,52869.6,3730.12
2.168,0,0,0.0261055,5945.44,189.335,0,0,0.0928769,0,52937.7,3735.09
2.169,0,0,0.0261979,5947.03,187.234,0,0,0.0918445,0,53005.1,3740.02
2.17,0,0,0.0262892,5948.54,185.125,0,0,0.0908084,0,53071.9,3744.91
2.171,0,0,0.0263795,5949.98,183.009,0,0,0.0897688,0,53138,3749.74
2.172,0,0,0.0264687,5951.33,180.885,0,0,0.0887256,0,53203.5,3754.53
2.173,0,0,0.0265569,5952.61,178.755,0,0,0.0876789,0,53268.4,3759.28
2.174,0,0,0.0266441,5953.81,176.617,0,0,0.0866288,0,53332.6,3763.97
2.175,0,0,0.0267302,5954.94,174.473,0,0,0.0855752,0,53396.1,3768.62
2.176,0,0,0.0268152,5955.98,172.321,0,0,0.0845182,0,53459,3773.22
2.177,0,0,0.0268992,5956.95,170.163,0,0,0.083458,0,53521.1,3777.76
2.178,0,0,0.0269822,5957.84,167.998,0,0,0.0823944,0,53582.6,3782.26
2.179,0,0,0.027064,5958.64,165.826,0,0,0.0813275,0,53643.4,3786.71
2.18,0,0,0.0271448,5959.37,163.648,0,0,0.0802575,0,53703.5,3791.11
2.181,0,0,0.0272245,5960.02,161.464,0,0,0.0791843,0,53762.9,3795.45
2.182,0,0,0.0273032,5960.59,159.273,0,0,0.078108,0,53821.6,3799.75
2.183,0,0,0.0273807,5961.09,157.076,0,0,0.0770285,0,53879.6,3803.99
2.184,0,0,0.0274572,5961.5,154.872,0,0,0.0759461,0,53936.9,3808.18
2.185,0,0,0.0275326,5961.83,152.663,0,0,0.0748606,0,53993.4,3812.31
2.186,0,0,0.027607,5962.09,150.447,0,0,0.0737722,0,54049.2,3816.4
2.187,0,0,0.0276802,5962.26,148.226,0,0,0.0726809,0,54104.3,3820.43
2.188,0,0,0.0277523,5962.35,145.998,0,0,0.0715867,0,54158.6,3824.4
2.189,0,0,0.0278234,5962.37,143.765,0,0,0.0704896,0,54212.2,3828.32
2.19,0,0,0.0278933,5962.3,141.527,0,0,0.0693898,0,54265,3832.19
2.191,0,0,0.0279621,5962.16,139.283,0,0,0.0682873,0,54317.1,3836
2.192,0,0,0.0280299,5961.93,137.033,0,0,0.0671821,0,54368.4,3839.75
2.193,0,0,0.0280965,5961.62,134.778,0,0,0.0660742,0,54418.9,3843.45
2.194,0,0,0.028162,5961.24,132.517,0,0,0.0649637,0,54468.7,3847.09
2.195,0,0,0.0282264,5960.77,130.251,0,0,0.0638506,0,54517.7,3850.67
2.196,0,0,0.0282897,5960.23,127.981,0,0,0.062735,0,54565.9,3854.2
2.197,0,0,0.0283519,5959.6,125.705,0,0,0.0616169,0,54613.3,3857.67
2.198,0,0,0.0284129,5958.89,123.424,0,0,0.0604964,0,54659.9,3861.08
2.199,0,0,0.0284729,5958.11,121.138,0,0,0.0593736,0,54705.7,3864.43
2.2,0,0,0.0285317,5957.24,118.848,0,0,0.0582483,0,54750.7,3867.72
2.201,0,0,0.0285894,5956.3,116.553,0,0,0.0571208,0,54794.9,3870.96
2.202,0,0,0.0286459,5955.27,114.253,0,0,0.055991,0,54838.2,3874.13
2.203,0,0,0.0287014,5954.16,111.949,0,0,0.054859,0,54880.8,3877.25
2.204,0,0,0.0287557,5952.98,109.64,0,0,0.0537249,0,54922.5,3880.3
2.205,0,0,0.0288088,5951.71,107.327,0,0,0.0525886,0,54963.4,3883.3
2.206,0,0,0.0288608,5950.37,105.01,0,0,0.0514502,0,55003.5,3886.23
2.207,0,0,0.0289117,5948.94,102.689,0,0,0.0503098,0,55042.7,3889.1
2.208,0,0,0.0289614,5947.44,100.363,0,0,0.0491675,0,55081.1,3891.91
2.209,0,0,0.02901,5945.86,98.0342,0,0,0.0480232,0,55118.7,3894.66
2.21,0,0,0.0290575,5944.2,95.7011,0,0,0.0468769,0,55155.4,3897.35
2.211,0,0,0.0291038,5942.45,93.3641,0,0,0.0457289,0,55191.2,3899.97
2.212,0,0,0.029149,5940.63,91.0236,0,0,0.044579,0,55226.2,3902.53
2.213,0,0,0.029193,5938.73,88.6794,0,0,0.0434274,0,55260.4,3905.03
2.214,0,0,0.0292358,5936.76,86.3317,0,0,0.042274,0,55293.6,3907.47
2.215,0,0,0.0292775,5934.7,83.9807,0,0,0.041119,0,55326,3909.84
2.216,0,0,0.029318,5932.56,81.6263,0,0,0.0399624,0,55357.5,3912.15
2.217,0,0,0.0293574,5930.35,79.2687,0,0,0.0388042,0,55388.2,3914.39
2.218,0,0,0.0293957,5928.06,76.908,0,0,0.0376444,0,55418,3916.57
2.219,0,0,0.0294327,5925.69,74.5443,0,0,0.0364832,0,55446.8,3918.68
2.22,0,0,0.0294686,5923.25,72.1777,0,0,0.0353205,0,55474.9,3920.73
2.221,0,0,0.0295034,5920.72,69.8082,0,0,0.0341565,0,55502,3922.72
2.222,0,0,0.0295369,5918.12,67.4359,0,0,0.0329911,0,55528.2,3924.64
2.223,0,0,0.0295693,5915.44,65.0611,0,0,0.0318244,0,55553.5,3926.49
2.224,0,0,0.0296006,5912.69,62.6836,0,0,0.0306564,0,55578,3928.28
2.225,0,0,0.0296307,5909.85,60.3037,0,0,0.0294872,0,55601.5,3930.01
2.226,0,0,0.0296596,5906.95,57.9214,0,0,0.0283169,0,55624.1,3931.66
2.227,0,0,0.0296873,5903.96,55.5369,0,0,0.0271454,0,55645.9,3933.25
2.228,0,0,0.0297138,5900.9,53.1502,0,0,0.0259729,0,55666.7,3934.78
2.229,0,0,0.0297392,5897.77,50.7613,0,0,0.0247993,0,55686.6,3936.24
2.23,0,0,0.0297634,5894.56,48.3705,0,0,0.0236248,0,55705.6,3937.63
2.231,0,0,0.0297865,5891.27,45.9778,0,0,0.0224493,0,55723.7,3938.95
2.232,0,0,0.0298083,5887.91,43.5833,0,0,0.0212729,0,55740.9,3940.21
2.233,0,0,0.029829,5884.48,41.1871,0,0,0.0200957,0,55757.1,3941.4
2.234,0,0,0.0298485,5880.97,38.7892,0,0,0.0189177,0,55772.4,3942.52
2.235,0,0,0.0298669,5877.39,36.3899,0,0,0.017739,0,55786.9,3943.58
2.236,0,0,0.029884,5873.73,33.9891,0,0,0.0165596,0,55800.4,3944.57
2.237,0,0,0.0299,5870,31.587,0,0,0.0153795,0,55812.9,3945.49
2.238,0,0,0.0299148,5866.2,29.1836,0,0,0.0141988,0,55824.6,3946.34
2.239,0,0,0.0299284,5862.33,26.7791,0,0,0.0130175,0,55835.3,3947.12
2.24,0,0,0.0299408,5858.38,24.3736,0,0,0.0118357,0,55845.1,3947.84
2.241,0,0,0.029952,5854.36,21.9671,0,0,0.0106535,0,55853.9,3948.49
2.242,0,0,0.0299621,5850.27,19.5598,0,0,0.00947083,0,55861.9,3949.07
2.243,0,0,0.029971,5846.12,17.1517,0,0,0.0082878,0,55868.9,3949.58
2.244,0,0,0.0299787,5841.88,14.7429,0,0,0.00710443,0,55874.9,3950.03
2.245,0,0,0.0299852,5837.58,12.3335,0,0,0.00592079,0,55880.1,3950.4
2.246,0,0,0.0299905,5833.21,9.92373,0,0,0.00473691,0,55884.3,3950.71
2.247,0,0,0.0299947,5828.77,7.51353,0,0,0.00355285,0,55887.5,3950.95
2.248,0,0,0.0299976,5824.26,5.10305,0,0,0.00236864,0,55889.9,3951.12
2.249,0,0,0.0299994,5819.69,2.69237,0,0,0.00118434,0,55891.3,3951.22
2.25,0,0,0.03,5815.04,3.3009e-10,0,0,1.62164e-13,0,55891.7,3951.26
2.251,0,0,0.0299994,5810.33,-2.69237,0,0,-0.00118434,0,55891.3,3951.22
2.252,0,0,0.0299976,5805.55,-5.10305,0,0,-0.00236864,0,55889.9,3951.12
2.253,0,0,0.0299947,5800.7,-7.51353,0,0,-0.00355285,0,55887.5,3950.95
2.254,0,0,0.0299905,5795.78,-9.92373,0,0,-0.00473691,0,55884.3,3950.71
2.255,0,0,0.0299852,5790.8,-12.3335,0,0,-0.00592079,0,55880.1,3950.4
2.256,0,0,0.0299787,5785.76,-14.7429,0,0,-0.00710443,0,55874.9,3950.03
2.257,0,0,0.029971,5780.65,-17.1517,0,0,-0.0082878,0,55868.9,3949.58
2.258,0,0,0.0299621,5775.47,-19.5598,0,0,-0.00947083,0,55861.9,3949.07
2.259,0,0,0.029952,5770.23,-21.9671,0,0,-0.0106535,0,55853.9,3948.49
2.26,0,0,0.0299408,5764.93,-24.3736,0,0,-0.0118357,0,55845.1,3947.84
2.261,0,0,0.0299284,5759.56,-26.7791,0,0,-0.0130175,0,55835.3,3947.12
2.262,0,0,0.0299148,5754.14,-29.1836,0,0,-0.0141988,0,55824.6,3946.34
2.263,0,0,0.0299,5748.64,-31.587,0,0,-0.0153795,0,55812.9,3945.49
2.264,0,0,0.029884,5743.09,-33.9891,0,0,-0.0165596,0,55800.4,3944.57
2.265,0,0,0.0298669,5737.48,-36.3899,0,0,-0.017739,0,55786.9,3943.58
2.266,0,0,0.0298485,5731.8,-38.7892,0,0,-0.0189177,0,55772.4,3942.52
2.267,0,0,0.029829,5726.07,-41.1871,0,0,-0.0200957,0,55757.1,3941.4
2.268,0,0,0.0298083,5720.27,-43.5833,0,0,-0.0212729,0,55740.9,3940.21
2.269,0,0,0.0297865,5714.42,-45.9778,0,0,-0.0224493,0,55723.7,3938.95
2.27,0,0,0.0297634,5708.51,-48.3705,0,0,-0.0236248,0,55705.6,3937.63
2.271,0,0,0.0297392,5702.54,-50.7613,0,0,-0.0247993,0,55686.6,3936.24
2.272,0,0,0.0297138,5696.51,-53.1502,0,0,-0.0259729,0,55666.7,3934.78
2.273,0,0,0.0296873,5690.42,-55.5369,0,0,-0.0271454,0,55645.9,3933.25
2.274,0,0,0.0296596,5684.28,-57.9214,0,0,-0.0283169,0,55624.1,3931.66
2.275,0,0,0.0296307,5678.09,-60.3037,0,0,-0.0294872,0,55601.5,3930.01
2.276,0,0,0.0296006,5671.83,-62.6836,0,0,-0.0306564,0,55578,3928.28
2.277,0,0,0.0295693,5665.53,-65.0611,0,0,-0.0318244,0,55553.5,3926.49
2.278,0,0,0.0295369,5659.16,-67.4359,0,0,-0.0329911,0,55528.2,3924.64
2.279,0,0,0.0295034,5652.75,-69.8082,0,0,-0.0341565,0,55502,3922.72
2.28,0,0,0.0294686,5646.28,-72.1777,0,0,-0.0353205,0,55474.9,3920.73
2.281,0,0,0.0294327,5639.76,-74.5443,0,0,-0.0364832,0,55446.8,3918.68
2.282,0,0,0.0293957,5633.19,-76.908,0,0,-0.0376444,0,55418,3916.57
2.283,0,0,0.0293574,5626.56,-79.2687,0,0,-0.0388042,0,55388.2,3914.39
2.284,0,0,0.029318,5619.89,-81.6263,0,0,-0.0399624,0,55357.5,3912.15
2.285,0,0,0.0292775,5613.16,-83.9807,0,0,-0.041119,0,55326,3909.84
2.286,0,0,0.0292358,5606.39,-86.3317,0,0,-0.042274,0,55293.6,3907.47
2.287,0,0,0.029193,5599.56,-88.6794,0,0,-0.0434274,0,55260.4,3905.03
2.288,0,0,0.029149,5592.69,-91.0236,0,0,-0.044579,0,55226.2,3902.53
2.289,0,0,0.0291038,5585.77,-93.3641,0,0,-0.0457289,0,55191.2,3899.97
2.29,0,0,0.0290575,5578.8,-95.7011,0,0,-0.0468769,0,55155.4,3897.35
2.291,0,0,0.02901,5571.79,-98.0342,0,0,-0.0480232,0,55118.7,3894.66
2.292,0,0,0.0289614,5564.73,-100.363,0,0,-0.0491675,0,55081.1,3891.91
2.293,0,0,0.0289117,5557.62,-102.689,0,0,-0.0503098,0,55042.7,3889.1
2.294,0,0,0.0288608,5550.47,-105.01,0,0,-0.0514502,0,55003.5,3886.23
2.295,0,0,0.0288088,5543.28,-107.327,0,0,-0.0525886,0,54963.4,3883.3
2.296,0,0,0.0287557,5536.04,-109.64,0,0,-0.0537249,0,54922.5,3880.3
2.297,0,0,0.0287014,5528.76,-111.949,0,0,-0.054859,0,54880.8,3877.25
2.298,0,0,0.0286459,5521.44,-114.253,0,0,-0.055991,0,54838.2,3874.13
2.299,0,0,0.0285894,5514.07,-116.553,0,0,-0.0571208,0,54794.9,3870.96
2.3,0,0,0.0285317,5506.67,-118.848,0,0,-0.0582483,0,54750.7,3867.72
2.301,0,0,0.0284729,5499.22,-121.138,0,0,-0.0593736,0,54705.7,3864.43
2.302,0,0,0.0284129,5491.73,-123.424,0,0,-0.0604964,0,54659.9,3861.08
2.303,0,0,0.0283519,5484.2,-125.705,0,0,-0.0616169,0,54613.3,3857.67
2.304,0,0,0.0282897,5476.64,-127.981,0,0,-0.062735,0,54565.9,3854.2
2.305,0,0,0.0282264,5469.04,-130.251,0,0,-0.0638506,0,54517.7,3850.67
2.306,0,0,0.028162,5461.4,-132.517,0,0,-0.0649637,0,54468.7,3847.09
2.307,0,0,0.0280965,5453.72,-134.778,0,0,-0.0660742,0,54418.9,3843.45
2.308,0,0,0.0280299,5446,-137.033,0,0,-0.0671821,0,54368.4,3839.75
2.309,0,0,0.0279621,5438.26,-139.283,0,0,-0.0682873,0,54317.1,3836
2.31,0,0,0.0278933,5430.47,-141.527,0,0,-0.0693898,0,54265,3832.19
2.311,0,0,0.0278234,5422.65,-143.765,0,0,-0.0704896,0,54212.2,3828.32
2.312,0,0,0.0277523,5414.8,-145.998,0,0,-0.0715867,0,54158.6,3824.4
2.313,0,0,0.0276802,5406.92,-148.226,0,0,-0.0726809,0,54104.3,3820.43
2.314,0,0,0.027607,5399,-150.447,0,0,-0.0737722,0,54049.2,3816.4
2.315,0,0,0.0275326,5391.05,-152.663,0,0,-0.0748606,0,53993.4,3812.31
2.316,0,0,0.0274572,5383.07,-154.872,0,0,-0.0759461,0,53936.9,3808.18
2.317,0,0,0.0273807,5375.06,-157.076,0,0,-0.0770285,0,53879.6,3803.99
2.318,0,0,0.0273032,5367.01,-159.273,0,0,-0.078108,0,53821.6,3799.75
2.319,0,0,0.0272245,5358.94,-161.464,0,0,-0.0791843,0,53762.9,3795.45
2.32,0,0,0.0271448,5350.84,-163.648,0,0,-0.0802575,0,53703.5,3791.11
2.321,0,0,0.027064,5342.72,-165.826,0,0,-0.0813275,0,53643.4,3786.71
2.322,0,0,0.0269822,5334.56,-167.998,0,0,-0.0823944,0,53582.6,3782.26
2.323,0,0,0.0268992,5326.38,-170.163,0,0,-0.083458,0,53521.1,3777.76
2.324,0,0,0.0268152,5318.17,-172.321,0,0,-0.0845182,0,53459,3773.22
2.325,0,0,0.0267302,5309.94,-174.473,0,0,-0.0855752,0,53396.1,3768.62
2.326,0,0,0.0266441,5301.68,-176.617,0,0,-0.0866288,0,53332.6,3763.97
2.327,0,0,0.0265569,5293.39,-178.755,0,0,-0.0876789,0,53268.4,3759.28
2.328,0,0,0.0264687,5285.09,-180.885,0,0,-0.0887256,0,53203.5,3754.53
2.329,0,0,0.0263795,5276.76,-183.009,0,0,-0.0897688,0,53138,3749.74
2.33,0,0,0.0262892,5268.4,-185.125,0,0,-0.0908084,0,53071.9,3744.91
2.331,0,0,0.0261979,5260.03,-187.234,0,0,-0.0918445,0,53005.1,3740.02
2.332,0,0,0.0261055,5251.63,-189.335,0,0,-0.0928769,0,52937.7,3735.09
2.333,0,0,0.0260121,5243.22,-191.43,0,0,-0.0939057,0,52869.6,3730.12
2.334,0,0,0.0259177,5234.78,-193.516,0,0,-0.0949307,0,52801,3725.1
2.335,0,0,0.0258223,5226.32,-195.595,0,0,-0.095952,0,52731.7,3720.03
2.336,0,0,0.0257258,5217.85,-197.666,0,0,-0.0969696,0,52661.8,3714.92
2.337,0,0,0.0256283,5209.35,-199.73,0,0,-0.0979833,0,52591.3,3709.77
2.338,0,0,0.0255298,5200.84,-201.785,0,0,-0.0989931,0,52520.3,3704.57
2.339,0,0,0.0254303,5192.31,-203.833,0,0,-0.099999,0,52448.6,3699.33
2.34,0,0,0.0253298,5183.77,-205.872,0,0,-0.101001,0,52376.3,3694.05
2.341,0,0,0.0252283,5175.2,-207.904,0,0,-0.101999,0,52303.5,3688.73
2.342,0,0,0.0251258,5166.63,-209.927,0,0,-0.102993,0,52230.1,3683.36
2.343,0,0,0.0250224,5158.03,-211.942,0,0,-0.103983,0,52156.2,3677.96
2.344,0,0,0.0249179,5149.43,-213.948,0,0,-0.104969,0,52081.7,3672.51
2.345,0,0,0.0248124,5140.81,-215.947,0,0,-0.10595,0,52006.7,3667.03
2.346,0,0,0.024706,5132.18,-217.936,0,0,-0.106928,0,51931.1,3661.5
2.347,0,0,0.0245986,5123.53,-219.917,0,0,-0.107901,0,51855,3655.94
2.348,0,0,0.0244902,5114.87,-221.89,0,0,-0.10887,0,51778.3,3650.34
2.349,0,0,0.0243808,5106.21,-223.853,0,0,-0.109835,0,51701.2,3644.7
2.35,0,0,0.0242705,5097.53,-225.808,0,0,-0.110795,0,51623.5,3639.03
2.351,0,0,0.0241592,5088.84,-227.754,0,0,-0.111751,0,51545.4,3633.31
2.352,0,0,0.024047,5080.14,-229.691,0,0,-0.112702,0,51466.7,3627.57
2.353,0,0,0.0239338,5071.43,-231.619,0,0,-0.11365,0,51387.5,3621.78
2.354,0,0,0.0238197,5062.71,-233.537,0,0,-0.114592,0,51307.9,3615.96
2.355,0,0,0.0237047,5053.99,-235.447,0,0,-0.11553,0,51227.8,3610.11
2.356,0,0,0.0235887,5045.25,-237.347,0,0,-0.116464,0,51147.2,3604.22
2.357,0,0,0.0234717,5036.52,-239.238,0,0,-0.117393,0,51066.2,3598.3
2.358,0,0,0.0233539,5027.77,-241.12,0,0,-0.118317,0,50984.7,3592.35
2.359,0,0,0.0232351,5019.02,-242.992,0,0,-0.119237,0,50902.7,3586.36
2.36,0,0,0.0231154,5010.26,-244.854,0,0,-0.120152,0,50820.3,3580.34
2.361,0,0,0.0229948,5001.5,-246.707,0,0,-0.121062,0,50737.5,3574.29
2.362,0,0,0.0228733,4992.73,-248.55,0,0,-0.121967,0,50654.3,3568.21
2.363,0,0,0.0227509,4983.96,-250.383,0,0,-0.122868,0,50570.6,3562.1
2.364,0,0,0.0226275,4975.19,-252.206,0,0,-0.123763,0,50486.5,3555.96
2.365,0,0,0.0225033,4966.42,-254.019,0,0,-0.124654,0,50402,3549.79
2.366,0,0,0.0223782,4957.64,-255.823,0,0,-0.12554,0,50317.2,3543.59
2.367,0,0,0.0222523,4948.86,-257.616,0,0,-0.126421,0,50231.9,3537.36
2.368,0,0,0.0221254,4940.08,-259.399,0,0,-0.127297,0,50146.2,3531.11
2.369,0,0,0.0219977,4931.3,-261.172,0,0,-0.128168,0,50060.2,3524.83
2.37,0,0,0.0218691,4922.52,-262.934,0,0,-0.129034,0,49973.8,3518.52
2.371,0,0,0.0217396,4913.74,-264.687,0,0,-0.129895,0,49887,3512.18
2.372,0,0,0.0216093,4904.96,-266.428,0,0,-0.130751,0,49799.9,3505.82
2.373,0,0,0.0214781,4896.18,-268.16,0,0,-0.131601,0,49712.4,3499.44
2.374,0,0,0.0213461,4887.4,-269.88,0,0,-0.132446,0,49624.6,3493.03
2.375,0,0,0.0212132,4878.63,-271.59,0,0,-0.133286,0,49536.5,3486.59
2.376,0,0,0.0210795,4869.85,-273.29,0,0,-0.134121,0,49448,3480.13
2.377,0,0,0.020945,4861.09,-274.978,0,0,-0.134951,0,49359.2,3473.65
2.378,0,0,0.0208096,4852.32,-276.656,0,0,-0.135775,0,49270.1,3467.15
2.379,0,0,0.0206734,4843.56,-278.323,0,0,-0.136594,0,49180.7,3460.62
2.38,0,0,0.0205364,4834.8,-279.978,0,0,-0.137407,0,49091,3454.07
2.381,0,0,0.0203986,4826.05,-281.623,0,0,-0.138215,0,49001,3447.51
2.382,0,0,0.02026,4817.31,-283.257,0,0,-0.139018,0,48910.7,3440.92
2.383,0,0,0.0201206,4808.57,-284.879,0,0,-0.139815,0,48820.1,3434.31
2.384,0,0,0.0199804,4799.83,-286.491,0,0,-0.140607,0,48729.3,3427.68
2.385,0,0,0.0198394,4791.11,-288.091,0,0,-0.141393,0,48638.2,3421.03
2.386,0,0,0.0196976,4782.39,-289.679,0,0,-0.142173,0,48546.8,3414.37
2.387,0,0,0.019555,4773.68,-291.256,0,0,-0.142948,0,48455.2,3407.68
2.388,0,0,0.0194117,4764.98,-292.822,0,0,-0.143717,0,48363.4,3400.98
2.389,0,0,0.0192676,4756.28,-294.376,0,0,-0.144481,0,48271.3,3394.26
2.39,0,0,0.0191227,4747.6,-295.919,0,0,-0.145238,0,48179,3387.53
2.391,0,0,0.0189771,4738.92,-297.45,0,0,-0.14599,0,48086.4,3380.77
2.392,0,0,0.0188307,4730.25,-298.969,0,0,-0.146737,0,47993.6,3374.01
2.393,0,0,0.0186836,4721.6,-300.476,0,0,-0.147477,0,47900.7,3367.23
2.394,0,0,0.0185358,4712.95,-301.971,0,0,-0.148212,0,47807.5,3360.43
2.395,0,0,0.0183872,4704.32,-303.455,0,0,-0.148941,0,47714.1,3353.62
2.396,0,0,0.0182379,4695.7,-304.927,0,0,-0.149664,0,47620.5,3346.8
2.397,0,0,0.0180879,4687.09,-306.386,0,0,-0.150381,0,47526.8,3339.96
2.398,0,0,0.0179371,4678.49,-307.834,0,0,-0.151092,0,47432.8,3333.11
2.399,0,0,0.0177857,4669.9,-309.269,0,0,-0.151797,0,47338.7,3326.25
2.4,0,0,0.0176336,4661.33,-310.692,0,0,-0.152496,0,47244.5,3319.38
2.401,0,0,0.0174807,4652.77,-312.103,0,0,-0.153189,0,47150,3312.49
2.402,0,0,0.0173272,4644.22,-313.502,0,0,-0.153876,0,47055.5,3305.6
2.403,0,0,0.017173,4635.69,-314.888,0,0,-0.154557,0,46960.7,3298.69
2.404,0,0,0.0170181,4627.17,-316.262,0,0,-0.155232,0,46865.9,3291.78
2.405,0,0,0.0168625,4618.67,-317.623,0,0,-0.155901,0,46770.9,3284.85
2.406,0,0,0.0167063,4610.18,-318.972,0,0,-0.156564,0,46675.7,3277.92
2.407,0,0,0.0165494,4601.71,-320.308,0,0,-0.15722,0,46580.5,3270.98
2.408,0,0,0.0163918,4593.26,-321.631,0,0,-0.15787,0,46485.1,3264.03
2.409,0,0,0.0162336,4584.82,-322.942,0,0,-0.158514,0,46389.7,3257.07
2.41,0,0,0.0160748,4576.39,-324.241,0,0,-0.159152,0,46294.1,3250.11
2.411,0,0,0.0159153,4567.99,-325.526,0,0,-0.159784,0,46198.4,3243.13
2.412,0,0,0.0157552,4559.6,-326.798,0,0,-0.160409,0,46102.7,3236.16
2.413,0,0,0.0155945,4551.23,-328.058,0,0,-0.161028,0,46006.9,3229.18
2.414,0,0,0.0154332,4542.87,-329.305,0,0,-0.16164,0,45910.9,3222.19
2.415,0,0,0.0152712,4534.54,-330.538,0,0,-0.162246,0,45815,3215.19
2.416,0,0,0.0151087,4526.22,-331.759,0,0,-0.162846,0,45718.9,3208.2
2.417,0,0,0.0149456,4517.92,-332.967,0,0,-0.163439,0,45622.8,3201.2
2.418,0,0,0.0147818,4509.64,-334.161,0,0,-0.164026,0,45526.6,3194.19
2.419,0,0,0.0146175,4501.38,-335.342,0,0,-0.164606,0,45430.4,3187.18
2.42,0,0,0.0144526,4493.14,-336.51,0,0,-0.16518,0,45334.1,3180.17
2.421,0,0,0.0142871,4484.92,-337.665,0,0,-0.165747,0,45237.8,3173.16
2.422,0,0,0.0141211,4476.72,-338.807,0,0,-0.166308,0,45141.5,3166.15
2.423,0,0,0.0139545,4468.55,-339.935,0,0,-0.166862,0,45045.2,3159.13
2.424,0,0,0.0137874,4460.39,-341.049,0,0,-0.16741,0,44948.8,3152.11
2.425,0,0,0.0136197,4452.25,-342.151,0,0,-0.167951,0,44852.4,3145.09
2.426,0,0,0.0134515,4444.14,-343.238,0,0,-0.168485,0,44756,3138.08
2.427,0,0,0.0132827,4436.04,-344.312,0,0,-0.169013,0,44659.6,3131.06
2.428,0,0,0.0131135,4427.97,-345.373,0,0,-0.169534,0,44563.2,3124.04
2.429,0,0,0.0129437,4419.92,-346.42,0,0,-0.170048,0,44466.8,3117.02
2.43,0,0,0.0127734,4411.89,-347.453,0,0,-0.170556,0,44370.4,3110.01
2.431,0,0,0.0126026,4403.89,-348.473,0,0,-0.171057,0,44274.1,3103
2.432,0,0,0.0124313,4395.91,-349.479,0,0,-0.171551,0,44177.8,3095.98
2.433,0,0,0.0122595,4387.95,-350.471,0,0,-0.172038,0,44081.4,3088.98
2.434,0,0,0.0120872,4380.01,-351.449,0,0,-0.172519,0,43985.2,3081.97
2.435,0,0,0.0119144,4372.1,-352.414,0,0,-0.172993,0,43888.9,3074.97
2.436,0,0,0.0117412,4364.22,-353.364,0,0,-0.17346,0,43792.7,3067.97
2.437,0,0,0.0115675,4356.35,-354.301,0,0,-0.17392,0,43696.6,3060.97
2.438,0,0,0.0113934,4348.52,-355.223,0,0,-0.174373,0,43600.5,3053.98
2.439,0,0,0.0112188,4340.7,-356.132,0,0,-0.174819,0,43504.5,3046.99
2.44,0,0,0.0110437,4332.91,-357.026,0,0,-0.175259,0,43408.5,3040.01
2.441,0,0,0.0108683,4325.15,-357.907,0,0,-0.175691,0,43312.6,3033.04
2.442,0,0,0.0106924,4317.41,-358.773,0,0,-0.176117,0,43216.7,3026.07
2.443,0,0,0.010516,4309.7,-359.625,0,0,-0.176535,0,43121,3019.1
2.444,0,0,0.0103393,4302.01,-360.463,0,0,-0.176947,0,43025.3,3012.14
2.445,0,0,0.0101621,4294.35,-361.287,0,0,-0.177352,0,42929.7,3005.19
2.446,0,0,0.00998459,4286.71,-362.096,0,0,-0.17775,0,42834.2,2998.25
2.447,0,0,0.00980664,4279.11,-362.891,0,0,-0.17814,0,42738.8,2991.31
2.448,0,0,0.00962831,4271.52,-363.672,0,0,-0.178524,0,42643.5,2984.38
2.449,0,0,0.0094496,4263.97,-364.439,0,0,-0.1789,0,42548.4,2977.46
2.45,0,0,0.00927051,4256.44,-365.191,0,0,-0.17927,0,42453.3,2970.55
2.451,0,0,0.00909106,4248.94,-365.929,0,0,-0.179632,0,42358.3,2963.65
2.452,0,0,0.00891125,4241.46,-366.652,0,0,-0.179988,0,42263.4,2956.75
2.453,0,0,0.00873109,4234.02,-367.361,0,0,-0.180336,0,42168.7,2949.87
2.454,0,0,0.00855058,4226.6,-368.055,0,0,-0.180677,0,42074.1,2942.99
2.455,0,0,0.00836973,4219.21,-368.735,0,0,-0.181011,0,41979.6,2936.12
2.456,0,0,0.00818856,4211.84,-369.401,0,0,-0.181338,0,41885.3,2929.27
2.457,0,0,0.00800706,4204.51,-370.051,0,0,-0.181658,0,41791.1,2922.42
2.458,0,0,0.00782525,4197.2,-370.687,0,0,-0.18197,0,41697,2915.59
2.459,0,0,0.00764312,4189.92,-371.309,0,0,-0.182275,0,41603.1,2908.77
2.46,0,0,0.0074607,4182.67,-371.916,0,0,-0.182574,0,41509.4,2901.95
2.461,0,0,0.00727798,4175.45,-372.508,0,0,-0.182865,0,41415.8,2895.15
2.462,0,0,0.00709497,4168.26,-373.086,0,0,-0.183148,0,41322.3,2888.37
2.463,0,0,0.00691168,4161.1,-373.648,0,0,-0.183425,0,41229,2881.59
2.464,0,0,0.00672812,4153.96,-374.196,0,0,-0.183694,0,41135.9,2874.83
2.465,0,0,0.0065443,4146.86,-374.73,0,0,-0.183956,0,41043,2868.07
2.466,0,0,0.00636021,4139.78,-375.248,0,0,-0.184211,0,40950.2,2861.34
2.467,0,0,0.00617588,4132.74,-375.752,0,0,-0.184458,0,40857.6,2854.61
2.468,0,0,0.0059913,4125.72,-376.241,0,0,-0.184698,0,40765.2,2847.9
2.469,0,0,0.00580648,4118.74,-376.715,0,0,-0.184931,0,40672.9,2841.2
2.47,0,0,0.00562144,4111.78,-377.174,0,0,-0.185157,0,40580.9,2834.52
2.471,0,0,0.00543617,4104.86,-377.618,0,0,-0.185375,0,40489,2827.85
2.472,0,0,0.00525069,4097.96,-378.048,0,0,-0.185586,0,40397.4,2821.2
2.473,0,0,0.005065,4091.1,-378.462,0,0,-0.18579,0,40305.9,2814.56
2.474,0,0,0.00487911,4084.27,-378.862,0,0,-0.185986,0,40214.7,2807.93
2.475,0,0,0.00469303,4077.46,-379.246,0,0,-0.186175,0,40123.6,2801.32
2.476,0,0,0.00450677,4070.69,-379.616,0,0,-0.186356,0,40032.8,2794.73
2.477,0,0,0.00432032,4063.95,-379.971,0,0,-0.186531,0,39942.1,2788.15
2.478,0,0,0.00413371,4057.24,-380.31,0,0,-0.186698,0,39851.7,2781.59
2.479,0,0,0.00394693,4050.56,-380.635,0,0,-0.186857,0,39761.5,2775.04
2.48,0,0,0.00376,4043.91,-380.945,0,0,-0.187009,0,39671.5,2768.51
2.481,0,0,0.00357291,4037.3,-381.239,0,0,-0.187154,0,39581.7,2762
2.482,0,0,0.00338569,4030.71,-381.519,0,0,-0.187291,0,39492.2,2755.51
2.483,0,0,0.00319833,4024.16,-381.783,0,0,-0.187421,0,39402.9,2749.03
2.484,0,0,0.00301085,4017.63,-382.033,0,0,-0.187544,0,39313.8,2742.56
2.485,0,0,0.00282325,4011.14,-382.267,0,0,-0.187659,0,39225,2736.12
2.486,0,0,0.00263554,4004.68,-382.487,0,0,-0.187767,0,39136.4,2729.69
2.487,0,0,0.00244772,3998.26,-382.691,0,0,-0.187867,0,39048,2723.28
2.488,0,0,0.0022598,3991.86,-382.88,0,0,-0.18796,0,38959.9,2716.89
2.489,0,0,0.0020718,3985.5,-383.054,0,0,-0.188046,0,38872,2710.52
2.49,0,0,0.00188372,3979.17,-383.213,0,0,-0.188124,0,38784.4,2704.17
2.491,0,0,0.00169556,3972.87,-383.357,0,0,-0.188194,0,38697,2697.83
2.492,0,0,0.00150733,3966.6,-383.486,0,0,-0.188257,0,38609.9,2691.51
2.493,0,0,0.00131904,3960.37,-383.599,0,0,-0.188313,0,38523,2685.22
2.494,0,0,0.00113071,3954.17,-383.698,0,0,-0.188362,0,38436.4,2678.94
2.495,0,0,0.000942323,3948,-383.781,0,0,-0.188403,0,38350.1,2672.68
2.496,0,0,0.000753903,3941.86,-383.849,0,0,-0.188436,0,38264,2666.44
2.497,0,0,0.000565453,3935.76,-383.902,0,0,-0.188462,0,38178.1,2660.22
2.498,0,0,0.000376981,3929.69,-383.94,0,0,-0.188481,0,38092.6,2654.02
2.499,0,0,0.000188494,3923.65,-383.963,0,0,-0.188492,0,38007.3,2647.84
2.5,0,0,3.09803e-14,3917.65,-383.97,0,0,-0.188496,0,37922.3,2641.68
2.501,0,0,-0.000188494,3911.67,-383.963,0,0,-0.188492,0,37837.6,2635.54
2.502,0,0,-0.000376981,3905.73,-383.94,0,0,-0.188481,0,37753.1,2629.42
2.503,0,0,-0.000565453,3899.83,-383.902,0,0,-0.188462,0,37668.9,2623.32
2.504,0,0,-0.000753903,3893.95,-383.849,0,0,-0.188436,0,37585,2617.24
2.505,0,0,-0.000942323,3888.11,-383.781,0,0,-0.188403,0,37501.4,2611.18
2.506,0,0,-0.00113071,3882.31,-383.698,0,0,-0.188362,0,37418.1,2605.15
2.507,0,0,-0.00131904,3876.53,-383.599,0,0,-0.188313,0,37335.1,2599.13
2.508,0,0,-0.00150733,3870.79,-383.486,0,0,-0.188257,0,37252.3,2593.14
2.509,0,0,-0.00169556,3865.08,-383.357,0,0,-0.188194,0,37169.9,2587.17
2.51,0,0,-0.00188372,3859.41,-383.213,0,0,-0.188124,0,37087.7,2581.22
2.511,0,0,-0.0020718,3853.77,-383.054,0,0,-0.188046,0,37005.8,2575.29
2.512,0,0,-0.0022598,3848.16,-382.88,0,0,-0.18796,0,36924.2,2569.38
2.513,0,0,-0.00244772,3842.59,-382.691,0,0,-0.187867,0,36843,2563.5
2.514,0,0,-0.00263554,3837.05,-382.487,0,0,-0.187767,0,36762,2557.63
2.515,0,0,-0.00282325,3831.54,-382.267,0,0,-0.187659,0,36681.3,2551.79
2.516,0,0,-0.00301085,3826.07,-382.033,0,0,-0.187544,0,36600.9,2545.97
2.517,0,0,-0.00319833,3820.63,-381.783,0,0,-0.187421,0,36520.9,2540.18
2.518,0,0,-0.00338569,3815.22,-381.519,0,0,-0.187291,0,36441.1,2534.41
2.519,0,0,-0.00357291,3809.85,-381.239,0,0,-0.187154,0,36361.7,2528.65
2.52,0,0,-0.00376,3804.51,-380.945,0,0,-0.187009,0,36282.5,2522.93
2.521,0,0,-0.00394693,3799.21,-380.635,0,0,-0.186857,0,36203.7,2517.22
2.522,0,0,-0.00413371,3793.94,-380.31,0,0,-0.186698,0,36125.2,2511.54
2.523,0,0,-0.00432032,3788.7,-379.971,0,0,-0.186531,0,36047,2505.88
2.524,0,0,-0.00450677,3783.5,-379.616,0,0,-0.186356,0,35969.1,2500.25
2.525,0,0,-0.00469303,3778.33,-379.246,0,0,-0.186175,0,35891.5,2494.63
2.526,0,0,-0.00487911,3773.19,-378.862,0,0,-0.185986,0,35814.3,2489.05
2.527,0,0,-0.005065,3768.09,-378.462,0,0,-0.18579,0,35737.3,2483.48
2.528,0,0,-0.00525069,3763.02,-378.048,0,0,-0.185586,0,35660.7,2477.94
2.529,0,0,-0.00543617,3757.99,-377.618,0,0,-0.185375,0,35584.4,2472.42
2.53,0,0,-0.00562144,3752.99,-377.174,0,0,-0.185157,0,35508.5,2466.93
2.531,0,0,-0.00580648,3748.03,-376.715,0,0,-0.184931,0,35432.8,2461.46
2.532,0,0,-0.0059913,3743.09,-376.241,0,0,-0.184698,0,35357.5,2456.01
2.533,0,0,-0.00617588,3738.2,-375.752,0,0,-0.184458,0,35282.5,2450.59
2.534,0,0,-0.00636021,3733.33,-375.248,0,0,-0.184211,0,35207.9,2445.19
2.535,0,0,-0.0065443,3728.5,-374.73,0,0,-0.183956,0,35133.5,2439.81
2.536,0,0,-0.00672812,3723.71,-374.196,0,0,-0.183694,0,35059.5,2434.46
2.537,0,0,-0.00691168,3718.95,-373.648,0,0,-0.183425,0,34985.9,2429.14
2.538,0,0,-0.00709497,3714.22,-373.086,0,0,-0.183148,0,34912.5,2423.84
2.539,0,0,-0.00727798,3709.52,-372.508,0,0,-0.182865,0,34839.5,2418.56
2.54,0,0,-0.0074607,3704.87,-371.916,0,0,-0.182574,0,34766.9,2413.31
2.541,0,0,-0.00764312,3700.24,-371.309,0,0,-0.182275,0,34694.5,2408.08
2.542,0,0,-0.00782525,3695.65,-370.687,0,0,-0.18197,0,34622.6,2402.88
2.543,0,0,-0.00800706,3691.09,-370.051,0,0,-0.181658,0,34550.9,2397.7
2.544,0,0,-0.00818856,3686.57,-369.401,0,0,-0.181338,0,34479.6,2392.55
2.545,0,0,-0.00836973,3682.08,-368.735,0,0,-0.181011,0,34408.6,2387.42
2.546,0,0,-0.00855058,3677.62,-368.055,0,0,-0.180677,0,34338,2382.31
2.547,0,0,-0.00873109,3673.2,-367.361,0,0,-0.180336,0,34267.7,2377.23
2.548,0,0,-0.00891125,3668.82,-366.652,0,0,-0.179988,0,34197.7,2372.18
2.549,0,0,-0.00909106,3664.46,-365.929,0,0,-0.179632,0,34128.1,2367.15
2.55,0,0,-0.00927051,3660.15,-365.191,0,0,-0.17927,0,34058.8,2362.15
2.551,0,0,-0.0094496,3655.86,-364.439,0,0,-0.1789,0,33989.9,2357.17
2.552,0,0,-0.00962831,3651.61,-363.672,0,0,-0.178524,0,33921.3,2352.22
2.553,0,0,-0.00980664,3647.4,-362.891,0,0,-0.17814,0,33853.1,2347.29
2.554,0,0,-0.00998459,3643.21,-362.096,0,0,-0.17775,0,33785.2,2342.39
2.555,0,0,-0.0101621,3639.07,-361.287,0,0,-0.177352,0,33717.7,2337.51
2.556,0,0,-0.0103393,3634.95,-360.463,0,0,-0.176947,0,33650.5,2332.66
2.557,0,0,-0.010516,3630.87,-359.625,0,0,-0.176535,0,33583.6,2327.83
2.558,0,0,-0.0106924,3626.83,-358.773,0,0,-0.176117,0,33517.1,2323.03
2.559,0,0,-0.0108683,3622.81,-357.907,0,0,-0.175691,0,33451,2318.25
2.56,0,0,-0.0110437,3618.84,-357.026,0,0,-0.175259,0,33385.2,2313.5
2.561,0,0,-0.0112188,3614.89,-356.132,0,0,-0.174819,0,33319.7,2308.78
2.562,0,0,-0.0113934,3610.98,-355.223,0,0,-0.174373,0,33254.6,2304.08
2.563,0,0,-0.0115675,3607.11,-354.301,0,0,-0.17392,0,33189.9,2299.4
2.564,0,0,-0.0117412,3603.27,-353.364,0,0,-0.17346,0,33125.5,2294.76
2.565,0,0,-0.0119144,3599.46,-352.414,0,0,-0.172993,0,33061.4,2290.13
2.566,0,0,-0.0120872,3595.69,-351.449,0,0,-0.172519,0,32997.7,2285.54
2.567,0,0,-0.0122595,3591.95,-350.471,0,0,-0.172038,0,32934.4,2280.97
2.568,0,0,-0.0124313,3588.24,-349.479,0,0,-0.171551,0,32871.4,2276.42
2.569,0,0,-0.0126026,3584.57,-348.473,0,0,-0.171057,0,32808.8,2271.9
2.57,0,0,-0.0127734,3580.93,-347.453,0,0,-0.170556,0,32746.5,2267.41
2.571,0,0,-0.0129437,3577.33,-346.42,0,0,-0.170048,0,32684.5,2262.94
2.572,0,0,-0.0131135,3573.76,-345.373,0,0,-0.169534,0,32623,2258.5
2.573,0,0,-0.0132827,3570.22,-344.312,0,0,-0.169013,0,32561.8,2254.08
2.574,0,0,-0.0134515,3566.72,-343.238,0,0,-0.168485,0,32500.9,2249.69
2.575,0,0,-0.0136197,3563.25,-342.151,0,0,-0.167951,0,32440.4,2245.33
2.576,0,0,-0.0137874,3559.82,-341.049,0,0,-0.16741,0,32380.2,2240.99
2.577,0,0,-0.0139545,3556.42,-339.935,0,0,-0.166862,0,32320.4,2236.68
2.578,0,0,-0.0141211,3553.05,-338.807,0,0,-0.166308,0,32261,2232.39
2.579,0,0,-0.0142871,3549.72,-337.665,0,0,-0.165747,0,32201.9,2228.13
2.58,0,0,-0.0144526,3546.42,-336.51,0,0,-0.16518,0,32143.2,2223.89
2.581,0,0,-0.0146175,3543.15,-335.342,0,0,-0.164606,0,32084.8,2219.68
2.582,0,0,-0.0147818,3539.92,-334.161,0,0,-0.164026,0,32026.8,2215.5
2.583,0,0,-0.0149456,3536.72,-332.967,0,0,-0.163439,0,31969.1,2211.35
2.584,0,0,-0.0151087,3533.56,-331.759,0,0,-0.162846,0,31911.8,2207.21
2.585,0,0,-0.0152712,3530.43,-330.538,0,0,-0.162246,0,31854.9,2203.11
2.586,0,0,-0.0154332,3527.33,-329.305,0,0,-0.16164,0,31798.3,2199.03
2.587,0,0,-0.0155945,3524.27,-328.058,0,0,-0.161028,0,31742.1,2194.98
2.588,0,0,-0.0157552,3521.24,-326.798,0,0,-0.160409,0,31686.2,2190.95
2.589,0,0,-0.0159153,3518.25,-325.526,0,0,-0.159784,0,31630.7,2186.95
2.59,0,0,-0.0160748,3515.29,-324.241,0,0,-0.159152,0,31575.5,2182.97
2.591,0,0,-0.0162336,3512.36,-322.942,0,0,-0.158514,0,31520.7,2179.02
2.592,0,0,-0.0163918,3509.46,-321.631,0,0,-0.15787,0,31466.3,2175.1
2.593,0,0,-0.0165494,3506.6,-320.308,0,0,-0.15722,0,31412.2,2171.2
2.594,0,0,-0.0167063,3503.77,-318.972,0,0,-0.156564,0,31358.5,2167.33
2.595,0,0,-0.0168625,3500.98,-317.623,0,0,-0.155901,0,31305.1,2163.49
2.596,0,0,-0.0170181,3498.22,-316.262,0,0,-0.155232,0,31252.1,2159.67
2.597,0,0,-0.017173,3495.49,-314.888,0,0,-0.154557,0,31199.4,2155.88
2.598,0,0,-0.0173272,3492.8,-313.502,0,0,-0.153876,0,31147.1,2152.11
2.599,0,0,-0.0174807,3490.14,-312.103,0,0,-0.153189,0,31095.2,2148.37
2.6,0,0,-0.0176336,3487.51,-310.692,0,0,-0.152496,0,31043.6,2144.65
2.601,0,0,-0.0177857,3484.92,-309.269,0,0,-0.151797,0,30992.4,2140.96
2.602,0,0,-0.0179371,3482.36,-307.834,0,0,-0.151092,0,30941.5,2137.3
2.603,0,0,-0.0180879,3479.83,-306.386,0,0,-0.150381,0,30891,2133.66
2.604,0,0,-0.0182379,3477.34,-304.927,0,0,-0.149664,0,30840.9,2130.05
2.605,0,0,-0.0183872,3474.88,-303.455,0,0,-0.148941,0,30791.1,2126.47
2.606,0,0,-0.0185358,3472.46,-301.971,0,0,-0.148212,0,30741.7,2122.91
2.607,0,0,-0.0186836,3470.06,-300.476,0,0,-0.147477,0,30692.6,2119.37
2.608,0,0,-0.0188307,3467.7,-298.969,0,0,-0.146737,0,30643.9,2115.87
2.609,0,0,-0.0189771,3465.38,-297.45,0,0,-0.14599,0,30595.5,2112.38
2.61,0,0,-0.0191227,3463.08,-295.919,0,0,-0.145238,0,30547.5,2108.93
2.611,0,0,-0.0192676,3460.82,-294.376,0,0,-0.144481,0,30499.9,2105.5
2.612,0,0,-0.0194117,3458.6,-292.822,0,0,-0.143717,0,30452.6,2102.09
2.613,0,0,-0.019555,3456.4,-291.256,0,0,-0.142948,0,30405.6,2098.71
2.614,0,0,-0.0196976,3454.24,-289.679,0,0,-0.142173,0,30359.1,2095.36
2.615,0,0,-0.0198394,3452.11,-288.091,0,0,-0.141393,0,30312.8,2092.04
2.616,0,0,-0.0199804,3450.02,-286.491,0,0,-0.140607,0,30267,2088.73
2.617,0,0,-0.0201206,3447.96,-284.879,0,0,-0.139815,0,30221.5,2085.46
2.618,0,0,-0.02026,3445.93,-283.257,0,0,-0.139018,0,30176.3,2082.21
2.619,0,0,-0.0203986,3443.93,-281.623,0,0,-0.138215,0,30131.5,2078.99
2.62,0,0,-0.0205364,3441.97,-279.978,0,0,-0.137407,0,30087.1,2075.79
2.621,0,0,-0.0206734,3440.04,-278.323,0,0,-0.136594,0,30043,2072.62
2.622,0,0,-0.0208096,3438.15,-276.656,0,0,-0.135775,0,29999.3,2069.47
2.623,0,0,-0.020945,3436.28,-274.978,0,0,-0.134951,0,29955.9,2066.35
2.624,0,0,-0.0210795,3434.45,-273.29,0,0,-0.134121,0,29912.9,2063.25
2.625,0,0,-0.0212132,3432.66,-271.59,0,0,-0.133286,0,29870.2,2060.18
2.626,0,0,-0.0213461,3430.89,-269.88,0,0,-0.132446,0,29827.9,2057.14
2.627,0,0,-0.0214781,3429.16,-268.16,0,0,-0.131601,0,29785.9,2054.12
2.628,0,0,-0.0216093,3427.46,-266.428,0,0,-0.130751,0,29744.3,2051.13
2.629,0,0,-0.0217396,3425.79,-264.687,0,0,-0.129895,0,29703.1,2048.16
2.63,0,0,-0.0218691,3424.16,-262.934,0,0,-0.129034,0,29662.2,2045.22
2.631,0,0,-0.0219977,3422.56,-261.172,0,0,-0.128168,0,29621.6,2042.31
2.632,0,0,-0.0221254,3420.99,-259.399,0,0,-0.127297,0,29581.4,2039.41
2.633,0,0,-0.0222523,3419.46,-257.616,0,0,-0.126421,0,29541.6,2036.55
2.634,0,0,-0.0223782,3417.96,-255.823,0,0,-0.12554,0,29502.1,2033.71
2.635,0,0,-0.0225033,3416.49,-254.019,0,0,-0.124654,0,29463,2030.9
2.636,0,0,-0.0226275,3415.05,-252.206,0,0,-0.123763,0,29424.2,2028.11
2.637,0,0,-0.0227509,3413.65,-250.383,0,0,-0.122868,0,29385.8,2025.34
2.638,0,0,-0.0228733,3412.27,-248.55,0,0,-0.121967,0,29347.7,2022.61
2.639,0,0,-0.0229948,3410.94,-246.707,0,0,-0.121062,0,29310,2019.89
2.64,0,0,-0.0231154,3409.63,-244.854,0,0,-0.120152,0,29272.6,2017.21
2.641,0,0,-0.0232351,3408.36,-242.992,0,0,-0.119237,0,29235.6,2014.55
2.642,0,0,-0.0233539,3407.11,-241.12,0,0,-0.118317,0,29198.9,2011.91
2.643,0,0,-0.0234717,3405.91,-239.238,0,0,-0.117393,0,29162.6,2009.3
2.644,0,0,-0.0235887,3404.73,-237.347,0,0,-0.116464,0,29126.6,2006.71
2.645,0,0,-0.0237047,3403.59,-235.447,0,0,-0.11553,0,29091,2004.15
2.646,0,0,-0.0238197,3402.48,-233.537,0,0,-0.114592,0,29055.7,2001.62
2.647,0,0,-0.0239338,3401.4,-231.619,0,0,-0.11365,0,29020.8,1999.11
2.648,0,0,-0.024047,3400.35,-229.691,0,0,-0.112702,0,28986.2,1996.62
2.649,0,0,-0.0241592,3399.34,-227.754,0,0,-0.111751,0,28952,1994.16
2.65,0,0,-0.0242705,3398.36,-225.808,0,0,-0.110795,0,28918.1,1991.73
2.651,0,0,-0.0243808,3397.41,-223.853,0,0,-0.109835,0,28884.6,1989.32
2.652,0,0,-0.0244902,3396.49,-221.89,0,0,-0.10887,0,28851.4,1986.93
2.653,0,0,-0.0245986,3395.61,-219.917,0,0,-0.107901,0,28818.6,1984.58
2.654,0,0,-0.024706,3394.76,-217.936,0,0,-0.106928,0,28786.1,1982.24
2.655,0,0,-0.0248124,3393.94,-215.947,0,0,-0.10595,0,28754,1979.93
2.656,0,0,-0.0249179,3393.15,-213.948,0,0,-0.104969,0,28722.2,1977.65
2.657,0,0,-0.0250224,3392.39,-211.942,0,0,-0.103983,0,28690.7,1975.39
2.658,0,0,-0.0251258,3391.67,-209.927,0,0,-0.102993,0,28659.6,1973.15
2.659,0,0,-0.0252283,3390.98,-207.904,0,0,-0.101999,0,28628.9,1970.95
2.66,0,0,-0.0253298,3390.32,-205.872,0,0,-0.101001,0,28598.5,1968.76
2.661,0,0,-0.0254303,3389.7,-203.833,0,0,-0.099999,0,28568.4,1966.6
2.662,0,0,-0.0255298,3389.1,-201.785,0,0,-0.0989931,0,28538.7,1964.47
2.663,0,0,-0.0256283,3388.54,-199.73,0,0,-0.0979833,0,28509.3,1962.36
2.664,0,0,-0.0257258,3388.01,-197.666,0,0,-0.0969696,0,28480.3,1960.27
2.665,0,0,-0.0258223,3387.52,-195.595,0,0,-0.095952,0,28451.6,1958.21
2.666,0,0,-0.0259177,3387.05,-193.516,0,0,-0.0949307,0,28423.3,1956.18
2.667,0,0,-0.0260121,3386.62,-191.43,0,0,-0.0939057,0,28395.3,1954.17
2.668,0,0,-0.0261055,3386.22,-189.335,0,0,-0.0928769,0,28367.7,1952.18
2.669,0,0,-0.0261979,3385.85,-187.234,0,0,-0.0918445,0,28340.4,1950.22
2.67,0,0,-0.0262892,3385.52,-185.125,0,0,-0.0908084,0,28313.4,1948.28
2.671,0,0,-0.0263795,3385.21,-183.009,0,0,-0.0897688,0,28286.8,1946.37
2.672,0,0,-0.0264687,3384.94,-180.885,0,0,-0.0887256,0,28260.5,1944.49
2.673,0,0,-0.0265569,3384.7,-178.755,0,0,-0.0876789,0,28234.6,1942.62
2.674,0,0,-0.0266441,3384.49,-176.617,0,0,-0.0866288,0,28209,1940.79
2.675,0,0,-0.0267302,3384.32,-174.473,0,0,-0.0855752,0,28183.7,1938.97
2.676,0,0,-0.0268152,3384.17,-172.321,0,0,-0.0845182,0,28158.8,1937.18
2.677,0,0,-0.0268992,3384.06,-170.163,0,0,-0.083458,0,28134.3,1935.42
2.678,0,0,-0.0269822,3383.98,-167.998,0,0,-0.0823944,0,28110,1933.68
2.679,0,0,-0.027064,3383.93,-165.826,0,0,-0.0813275,0,28086.1,1931.97
2.68,0,0,-0.0271448,3383.92,-163.648,0,0,-0.0802575,0,28062.6,1930.27
2.681,0,0,-0.0272245,3383.93,-161.464,0,0,-0.0791843,0,28039.4,1928.61
2.682,0,0,-0.0273032,3383.98,-159.273,0,0,-0.078108,0,28016.5,1926.97
2.683,0,0,-0.0273807,3384.06,-157.076,0,0,-0.0770285,0,27994,1925.35
2.684,0,0,-0.0274572,3384.17,-154.872,0,0,-0.0759461,0,27971.8,1923.76
2.685,0,0,-0.0275326,3384.31,-152.663,0,0,-0.0748606,0,27950,1922.19
2.686,0,0,-0.027607,3384.49,-150.447,0,0,-0.0737722,0,27928.5,1920.65
2.687,0,0,-0.0276802,3384.7,-148.226,0,0,-0.0726809,0,27907.3,1919.13
2.688,0,0,-0.0277523,3384.94,-145.998,0,0,-0.0715867,0,27886.5,1917.63
2.689,0,0,-0.0278234,3385.21,-143.765,0,0,-0.0704896,0,27866,1916.16
2.69,0,0,-0.0278933,3385.51,-141.527,0,0,-0.0693898,0,27845.8,1914.71
2.691,0,0,-0.0279621,3385.85,-139.283,0,0,-0.0682873,0,27826,1913.29
2.692,0,0,-0.0280299,3386.21,-137.033,0,0,-0.0671821,0,27806.5,1911.89
2.693,0,0,-0.0280965,3386.61,-134.778,0,0,-0.0660742,0,27787.4,1910.52
2.694,0,0,-0.028162,3387.04,-132.517,0,0,-0.0649637,0,27768.6,1909.17
2.695,0,0,-0.0282264,3387.5,-130.251,0,0,-0.0638506,0,27750.1,1907.84
2.696,0,0,-0.0282897,3388,-127.981,0,0,-0.062735,0,27732,1906.54
2.697,0,0,-0.0283519,3388.52,-125.705,0,0,-0.0616169,0,27714.2,1905.27
2.698,0,0,-0.0284129,3389.08,-123.424,0,0,-0.0604964,0,27696.8,1904.01
2.699,0,0,-0.0284729,3389.67,-121.138,0,0,-0.0593736,0,27679.6,1902.79
2.7,0,0,-0.0285317,3390.29,-118.848,0,0,-0.0582483,0,27662.9,1901.58
2.701,0,0,-0.0285894,3390.94,-116.553,0,0,-0.0571208,0,27646.4,1900.4
2.702,0,0,-0.0286459,3391.63,-114.253,0,0,-0.055991,0,27630.3,1899.24
2.703,0,0,-0.0287014,3392.35,-111.949,0,0,-0.054859,0,27614.5,1898.11
2.704,0,0,-0.0287557,3393.09,-109.64,0,0,-0.0537249,0,27599.1,1897
2.705,0,0,-0.0288088,3393.87,-107.327,0,0,-0.0525886,0,27584,1895.92
2.706,0,0,-0.0288608,3394.68,-105.01,0,0,-0.0514502,0,27569.2,1894.86
2.707,0,0,-0.0289117,3395.53,-102.689,0,0,-0.0503098,0,27554.8,1893.82
2.708,0,0,-0.0289614,3396.4,-100.363,0,0,-0.0491675,0,27540.7,1892.81
2.709,0,0,-0.02901,3397.31,-98.0342,0,0,-0.0480232,0,27526.9,1891.82
2.71,0,0,-0.0290575,3398.25,-95.7011,0,0,-0.0468769,0,27513.5,1890.86
2.711,0,0,-0.0291038,3399.22,-93.3641,0,0,-0.0457289,0,27500.4,1889.92
2.712,0,0,-0.029149,3400.22,-91.0236,0,0,-0.044579,0,27487.6,1889
2.713,0,0,-0.029193,3401.25,-88.6794,0,0,-0.0434274,0,27475.2,1888.11
2.714,0,0,-0.0292358,3402.32,-86.3317,0,0,-0.042274,0,27463.1,1887.24
2.715,0,0,-0.0292775,3403.41,-83.9807,0,0,-0.041119,0,27451.3,1886.4
2.716,0,0,-0.029318,3404.54,-81.6263,0,0,-0.0399624,0,27439.9,1885.58
2.717,0,0,-0.0293574,3405.7,-79.2687,0,0,-0.0388042,0,27428.8,1884.78
2.718,0,0,-0.0293957,3406.89,-76.908,0,0,-0.0376444,0,27418,1884.01
2.719,0,0,-0.0294327,3408.12,-74.5443,0,0,-0.0364832,0,27407.5,1883.26
2.72,0,0,-0.0294686,3409.37,-72.1777,0,0,-0.0353205,0,27397.4,1882.54
2.721,0,0,-0.0295034,3410.66,-69.8082,0,0,-0.0341565,0,27387.7,1881.84
2.722,0,0,-0.0295369,3411.97,-67.4359,0,0,-0.0329911,0,27378.2,1881.16
2.723,0,0,-0.0295693,3413.32,-65.0611,0,0,-0.0318244,0,27369.1,1880.51
2.724,0,0,-0.0296006,3414.71,-62.6836,0,0,-0.0306564,0,27360.4,1879.88
2.725,0,0,-0.0296307,3416.12,-60.3037,0,0,-0.0294872,0,27351.9,1879.27
2.726,0,0,-0.0296596,3417.56,-57.9214,0,0,-0.0283169,0,27343.8,1878.69
2.727,0,0,-0.0296873,3419.04,-55.5369,0,0,-0.0271454,0,27336,1878.13
2.728,0,0,-0.0297138,3420.55,-53.1502,0,0,-0.0259729,0,27328.6,1877.6
2.729,0,0,-0.0297392,3422.08,-50.7613,0,0,-0.0247993,0,27321.5,1877.09
2.73,0,0,-0.0297634,3423.66,-48.3705,0,0,-0.0236248,0,27314.7,1876.6
2.731,0,0,-0.0297865,3425.26,-45.9778,0,0,-0.0224493,0,27308.2,1876.14
2.732,0,0,-0.0298083,3426.89,-43.5833,0,0,-0.0212729,0,27302.1,1875.7
2.733,0,0,-0.029829,3428.56,-41.1871,0,0,-0.0200957,0,27296.3,1875.28
2.734,0,0,-0.0298485,3430.25,-38.7892,0,0,-0.0189177,0,27290.9,1874.89
2.735,0,0,-0.0298669,3431.98,-36.3899,0,0,-0.017739,0,27285.8,1874.53
2.736,0,0,-0.029884,3433.74,-33.9891,0,0,-0.0165596,0,27281,1874.18
2.737,0,0,-0.0299,3435.53,-31.587,0,0,-0.0153795,0,27276.5,1873.86
2.738,0,0,-0.0299148,3437.36,-29.1836,0,0,-0.0141988,0,27272.4,1873.56
2.739,0,0,-0.0299284,3439.21,-26.7791,0,0,-0.0130175,0,27268.6,1873.29
2.74,0,0,-0.0299408,3441.1,-24.3736,0,0,-0.0118357,0,27265.1,1873.04
2.741,0,0,-0.029952,3443.01,-21.9671,0,0,-0.0106535,0,27261.9,1872.82
2.742,0,0,-0.0299621,3444.96,-19.5598,0,0,-0.00947083,0,27259.1,1872.62
2.743,0,0,-0.029971,3446.94,-17.1517,0,0,-0.0082878,0,27256.7,1872.44
2.744,0,0,-0.0299787,3448.96,-14.7429,0,0,-0.00710443,0,27254.5,1872.28
2.745,0,0,-0.0299852,3451,-12.3335,0,0,-0.00592079,0,27252.7,1872.15
2.746,0,0,-0.0299905,3453.07,-9.92373,0,0,-0.00473691,0,27251.2,1872.05
2.747,0,0,-0.0299947,3455.18,-7.51353,0,0,-0.00355285,0,27250,1871.96
2.748,0,0,-0.0299976,3457.32,-5.10305,0,0,-0.00236864,0,27249.2,1871.91
2.749,0,0,-0.0299994,3459.49,-2.69237,0,0,-0.00118434,0,27248.7,1871.87
2.75,0,0,-0.03,3461.69,-4.63043e-10,0,0,-2.2748e-13,0,27248.6,1871.86
2.751,0,0,-0.0299994,3463.92,2.69237,0,0,0.00118434,0,27248.7,1871.87
2.752,0,0,-0.0299976,3466.19,5.10305,0,0,0.00236864,0,27249.2,1871.91
2.753,0,0,-0.0299947,3468.48,7.51353,0,0,0.00355285,0,27250,1871.96
2.754,0,0,-0.0299905,3470.81,9.92373,0,0,0.00473691,0,27251.2,1872.05
2.755,0,0,-0.0299852,3473.17,12.3335,0,0,0.00592079,0,27252.7,1872.15
2.756,0,0,-0.0299787,3475.56,14.7429,0,0,0.00710443,0,27254.5,1872.28
2.757,0,0,-0.029971,3477.98,17.1517,0,0,0.0082878,0,27256.7,1872.44
2.758,0,0,-0.0299621,3480.43,19.5598,0,0,0.00947083,0,27259.1,1872.62
2.759,0,0,-0.029952,3482.92,21.9671,0,0,0.0106535,0,27261.9,1872.82
2.76,0,0,-0.0299408,3485.43,24.3736,0,0,0.0118357,0,27265.1,1873.04
2.761,0,0,-0.0299284,3487.98,26.7791,0,0,0.0130175,0,27268.6,1873.29
2.762,0,0,-0.0299148,3490.56,29.1836,0,0,0.0141988,0,27272.4,1873.56
2.763,0,0,-0.0299,3493.17,31.587,0,0,0.0153795,0,27276.5,1873.86
2.764,0,0,-0.029884,3495.81,33.9891,0,0,0.0165596,0,27281,1874.18
2.765,0,0,-0.0298669,3498.49,36.3899,0,0,0.017739,0,27285.8,1874.53
2.766,0,0,-0.0298485,3501.19,38.7892,0,0,0.0189177,0,27290.9,1874.89
2.767,0,0,-0.029829,3503.93,41.1871,0,0,0.0200957,0,27296.3,1875.28
2.768,0,0,-0.0298083,3506.69,43.5833,0,0,0.0212729,0,27302.1,1875.7
2.769,0,0,-0.0297865,3509.49,45.9778,0,0,0.0224493,0,27308.2,1876.14
2.77,0,0,-0.0297634,3512.32,48.3705,0,0,0.0236248,0,27314.7,1876.6
2.771,0,0,-0.0297392,3515.19,50.7613,0,0,0.0247993,0,27321.5,1877.09
2.772,0,0,-0.0297138,3518.08,53.1502,0,0,0.0259729,0,27328.6,1877.6
2.773,0,0,-0.0296873,3521,55.5369,0,0,0.0271454,0,27336,1878.13
2.774,0,0,-0.0296596,3523.96,57.9214,0,0,0.0283169,0,27343.8,1878.69
2.775,0,0,-0.0296307,3526.95,60.3037,0,0,0.0294872,0,27351.9,1879.27
2.776,0,0,-0.0296006,3529.97,62.6836,0,0,0.0306564,0,27360.4,1879.88
2.777,0,0,-0.0295693,3533.02,65.0611,0,0,0.0318244,0,27369.1,1880.51
2.778,0,0,-0.0295369,3536.1,67.4359,0,0,0.0329911,0,27378.2,1881.16
2.779,0,0,-0.0295034,3539.21,69.8082,0,0,0.0341565,0,27387.7,1881.84
2.78,0,0,-0.0294686,3542.36,72.1777,0,0,0.0353205,0,27397.4,1882.54
2.781,0,0,-0.0294327,3545.53,74.5443,0,0,0.0364832,0,27407.5,1883.26
2.782,0,0,-0.0293957,3548.74,76.908,0,0,0.0376444,0,27418,1884.01
2.783,0,0,-0.0293574,3551.98,79.2687,0,0,0.0388042,0,27428.8,1884.78
2.784,0,0,-0.029318,3555.25,81.6263,0,0,0.0399624,0,27439.9,1885.58
2.785,0,0,-0.0292775,3558.55,83.9807,0,0,0.041119,0,27451.3,1886.4
2.786,0,0,-0.0292358,3561.88,86.3317,0,0,0.042274,0,27463.1,1887.24
2.787,0,0,-0.029193,3565.24,88.6794,0,0,0.0434274,0,27475.2,1888.11
2.788,0,0,-0.029149,3568.64,91.0236,0,0,0.044579,0,27487.6,1889
2.789,0,0,-0.0291038,3572.07,93.3641,0,0,0.0457289,0,27500.4,1889.92
2.79,0,0,-0.0290575,3575.52,95.7011,0,0,0.0468769,0,27513.5,1890.86
2.791,0,0,-0.02901,3579.01,98.0342,0,0,0.0480232,0,27526.9,1891.82
2.792,0,0,-0.0289614,3582.53,100.363,0,0,0.0491675,0,27540.7,1892.81
2.793,0,0,-0.0289117,3586.08,102.689,0,0,0.0503098,0,27554.8,1893.82
2.794,0,0,-0.0288608,3589.67,105.01,0,0,0.0514502,0,27569.2,1894.86
2.795,0,0,-0.0288088,3593.28,107.327,0,0,0.0525886,0,27584,1895.92
2.796,0,0,-0.0287557,3596.93,109.64,0,0,0.0537249,0,27599.1,1897
2.797,0,0,-0.0287014,3600.6,111.949,0,0,0.054859,0,27614.5,1898.11
2.798,0,0,-0.0286459,3604.31,114.253,0,0,0.055991,0,27630.3,1899.24
2.799,0,0,-0.0285894,3608.05,116.553,0,0,0.0571208,0,27646.4,1900.4
2.8,0,0,-0.0285317,3611.82,118.848,0,0,0.0582483,0,27662.9,1901.58
2.801,0,0,-0.0284729,3615.62,121.138,0,0,0.0593736,0,27679.6,1902.79
2.802,0,0,-0.0284129,3619.45,123.424,0,0,0.0604964,0,27696.8,1904.01
2.803,0,0,-0.0283519,3623.32,125.705,0,0,0.0616169,0,27714.2,1905.27
2.804,0,0,-0.0282897,3627.21,127.981,0,0,0.062735,0,27732,1906.54
2.805,0,0,-0.0282264,3631.14,130.251,0,0,0.0638506,0,27750.1,1907.84
2.806,0,0,-0.028162,3635.1,132.517,0,0,0.0649637,0,27768.6,1909.17
2.807,0,0,-0.0280965,3639.08,134.778,0,0,0.0660742,0,27787.4,1910.52
2.808,0,0,-0.0280299,3643.1,137.033,0,0,0.0671821,0,27806.5,1911.89
2.809,0,0,-0.0279621,3647.15,139.283,0,0,0.0682873,0,27826,1913.29
2.81,0,0,-0.0278933,3651.23,141.527,0,0,0.0693898,0,27845.8,1914.71
2.811,0,0,-0.0278234,3655.35,143.765,0,0,0.0704896,0,27866,1916.16
2.812,0,0,-0.0277523,3659.49,145.998,0,0,0.0715867,0,27886.5,1917.63
2.813,0,0,-0.0276802,3663.67,148.226,0,0,0.0726809,0,27907.3,1919.13
2.814,0,0,-0.027607,3667.87,150.447,0,0,0.0737722,0,27928.5,1920.65
2.815,0,0,-0.0275326,3672.11,152.663,0,0,0.0748606,0,27950,1922.19
2.816,0,0,-0.0274572,3676.37,154.872,0,0,0.0759461,0,27971.8,1923.76
2.817,0,0,-0.0273807,3680.67,157.076,0,0,0.0770285,0,27994,1925.35
2.818,0,0,-0.0273032,3685,159.273,0,0,0.078108,0,28016.5,1926.97
2.819,0,0,-0.0272245,3689.36,161.464,0,0,0.0791843,0,28039.4,1928.61
2.82,0,0,-0.0271448,3693.75,163.648,0,0,0.0802575,0,28062.6,1930.27
2.821,0,0,-0.027064,3698.18,165.826,0,0,0.0813275,0,28086.1,1931.97
2.822,0,0,-0.0269822,3702.63,167.998,0,0,0.0823944,0,28110,1933.68
2.823,0,0,-0.0268992,3707.11,170.163,0,0,0.083458,0,28134.3,1935.42
2.824,0,0,-0.0268152,3711.63,172.321,0,0,0.0845182,0,28158.8,1937.18
2.825,0,0,-0.0267302,3716.17,174.473,0,0,0.0855752,0,28183.7,1938.97
2.826,0,0,-0.0266441,3720.75,176.617,0,0,0.0866288,0,28209,1940.79
2.827,0,0,-0.0265569,3725.35,178.755,0,0,0.0876789,0,28234.6,1942.62
2.828,0,0,-0.0264687,3729.99,180.885,0,0,0.0887256,0,28260.5,1944.49
2.829,0,0,-0.0263795,3734.66,183.009,0,0,0.0897688,0,28286.8,1946.37
2.83,0,0,-0.0262892,3739.36,185.125,0,0,0.0908084,0,28313.4,1948.28
2.831,0,0,-0.0261979,3744.09,187.234,0,0,0.0918445,0,28340.4,1950.22
2.832,0,0,-0.0261055,3748.84,189.335,0,0,0.0928769,0,28367.7,1952.18
2.833,0,0,-0.0260121,3753.63,191.43,0,0,0.0939057,0,28395.3,1954.17
2.834,0,0,-0.0259177,3758.46,193.516,0,0,0.0949307,0,28423.3,1956.18
2.835,0,0,-0.0258223,3763.31,195.595,0,0,0.095952,0,28451.6,1958.21
2.836,0,0,-0.0257258,3768.19,197.666,0,0,0.0969696,0,28480.3,1960.27
2.837,0,0,-0.0256283,3773.1,199.73,0,0,0.0979833,0,28509.3,1962.36
2.838,0,0,-0.0255298,3778.04,201.785,0,0,0.0989931,0,28538.7,1964.47
2.839,0,0,-0.0254303,3783.01,203.833,0,0,0.099999,0,28568.4,1966.6
2.84,0,0,-0.0253298,3788.02,205.872,0,0,0.101001,0,28598.5,1968.76
2.841,0,0,-0.0252283,3793.05,207.904,0,0,0.101999,0,28628.9,1970.95
2.842,0,0,-0.0251258,3798.11,209.927,0,0,0.102993,0,28659.6,1973.15
2.843,0,0,-0.0250224,3803.21,211.942,0,0,0.103983,0,28690.7,1975.39
2.844,0,0,-0.0249179,3808.33,213.948,0,0,0.104969,0,28722.2,1977.65
2.845,0,0,-0.0248124,3813.48,215.947,0,0,0.10595,0,28754,1979.93
2.846,0,0,-0.024706,3818.67,217.936,0,0,0.106928,0,28786.1,1982.24
2.847,0,0,-0.0245986,3823.88,219.917,0,0,0.107901,0,28818.6,1984.58
2.848,0,0,-0.0244902,3829.13,221.89,0,0,0.10887,0,28851.4,1986.93
2.849,0,0,-0.0243808,3834.4,223.853,0,0,0.109835,0,28884.6,1989.32
2.85,0,0,-0.0242705,3839.7,225.808,0,0,0.110795,0,28918.1,1991.73
2.851,0,0,-0.0241592,3845.04,227.754,0,0,0.111751,0,28952,1994.16
2.852,0,0,-0.024047,3850.4,229.691,0,0,0.112702,0,28986.2,1996.62
2.853,0,0,-0.0239338,3855.79,231.619,0,0,0.11365,0,29020.8,1999.11
2.854,0,0,-0.0238197,3861.21,233.537,0,0,0.114592,0,29055.7,2001.62
2.855,0,0,-0.0237047,3866.67,235.447,0,0,0.11553,0,29091,2004.15
2.856,0,0,-0.0235887,3872.15,237.347,0,0,0.116464,0,29126.6,2006.71
2.857,0,0,-0.0234717,3877.66,239.238,0,0,0.117393,0,29162.6,2009.3
2.858,0,0,-0.0233539,3883.2,241.12,0,0,0.118317,0,29198.9,2011.91
2.859,0,0,-0.0232351,3888.77,242.992,0,0,0.119237,0,29235.6,2014.55
2.86,0,0,-0.0231154,3894.37,244.854,0,0,0.120152,0,29272.6,2017.21
2.861,0,0,-0.0229948,3900,246.707,0,0,0.121062,0,29310,2019.89
2.862,0,0,-0.0228733,3905.66,248.55,0,0,0.121967,0,29347.7,2022.61
2.863,0,0,-0.0227509,3911.34,250.383,0,0,0.122868,0,29385.8,2025.34
2.864,0,0,-0.0226275,3917.06,252.206,0,0,0.123763,0,29424.2,2028.11
2.865,0,0,-0.0225033,3922.81,254.019,0,0,0.124654,0,29463,2030.9
2.866,0,0,-0.0223782,3928.58,255.823,0,0,0.12554,0,29502.1,2033.71
2.867,0,0,-0.0222523,3934.38,257.616,0,0,0.126421,0,29541.6,2036.55
2.868,0,0,-0.0221254,3940.22,259.399,0,0,0.127297,0,29581.4,2039.41
2.869,0,0,-0.0219977,3946.08,261.172,0,0,0.128168,0,29621.6,2042.31
2.87,0,0,-0.0218691,3951.97,262.934,0,0,0.129034,0,29662.2,2045.22
2.871,0,0,-0.0217396,3957.89,264.687,0,0,0.129895,0,29703.1,2048.16
2.872,0,0,-0.0216093,3963.83,266.428,0,0,0.130751,0,29744.3,2051.13
2.873,0,0,-0.0214781,3969.81,268.16,0,0,0.131601,0,29785.9,2054.12
2.874,0,0,-0.0213461,3975.81,269.88,0,0,0.132446,0,29827.9,2057.14
2.875,0,0,-0.0212132,3981.84,271.59,0,0,0.133286,0,29870.2,2060.18
2.876,0,0,-0.0210795,3987.91,273.29,0,0,0.134121,0,29912.9,2063.25
2.877,0,0,-0.020945,3993.99,274.978,0,0,0.134951,0,29955.9,2066.35
2.878,0,0,-0.0208096,4000.11,276.656,0,0,0.135775,0,29999.3,2069.47
2.879,0,0,-0.0206734,4006.26,278.323,0,0,0.136594,0,30043,2072.62
2.88,0,0,-0.0205364,4012.43,279.978,0,0,0.137407,0,30087.1,2075.79
2.881,0,0,-0.0203986,4018.63,281.623,0,0,0.138215,0,30131.5,2078.99
2.882,0,0,-0.02026,4024.86,283.257,0,0,0.139018,0,30176.3,2082.21
2.883,0,0,-0.0201206,4031.11,284.879,0,0,0.139815,0,30221.5,2085.46
2.884,0,0,-0.0199804,4037.4,286.491,0,0,0.140607,0,30267,2088.73
2.885,0,0,-0.0198394,4043.71,288.091,0,0,0.141393,0,30312.8,2092.04
2.886,0,0,-0.0196976,4050.05,289.679,0,0,0.142173,0,30359.1,2095.36
2.887,0,0,-0.019555,4056.42,291.256,0,0,0.142948,0,30405.6,2098.71
2.888,0,0,-0.0194117,4062.81,292.822,0,0,0.143717,0,30452.6,2102.09
2.889,0,0,-0.0192676,4069.23,294.376,0,0,0.144481,0,30499.9,2105.5
2.89,0,0,-0.0191227,4075.68,295.919,0,0,0.145238,0,30547.5,2108.93
2.891,0,0,-0.0189771,4082.15,297.45,0,0,0.14599,0,30595.5,2112.38
2.892,0,0,-0.0188307,4088.65,298.969,0,0,0.146737,0,30643.9,2115.87
2.893,0,0,-0.0186836,4095.18,300.476,0,0,0.147477,0,30692.6,2119.37
2.894,0,0,-0.0185358,4101.74,301.971,0,0,0.148212,0,30741.7,2122.91
2.895,0,0,-0.0183872,4108.32,303.455,0,0,0.148941,0,30791.1,2126.47
2.896,0,0,-0.0182379,4114.92,304.927,0,0,0.149664,0,30840.9,2130.05
2.897,0,0,-0.0180879,4121.56,306.386,0,0,0.150381,0,30891,2133.66
2.898,0,0,-0.0179371,4128.22,307.834,0,0,0.151092,0,30941.5,2137.3
2.899,0,0,-0.0177857,4134.9,309.269,0,0,0.151797,0,30992.4,2140.96
2.9,0,0,-0.0176336,4141.62,310.692,0,0,0.152496,0,31043.6,2144.65
2.901,0,0,-0.0174807,4148.35,312.103,0,0,0.153189,0,31095.2,2148.37
2.902,0,0,-0.0173272,4155.12,313.502,0,0,0.153876,0,31147.1,2152.11
2.903,0,0,-0.017173,4161.91,314.888,0,0,0.154557,0,31199.4,2155.88
2.904,0,0,-0.0170181,4168.72,316.262,0,0,0.155232,0,31252.1,2159.67
2.905,0,0,-0.0168625,4175.56,317.623,0,0,0.155901,0,31305.1,2163.49
2.906,0,0,-0.0167063,4182.43,318.972,0,0,0.156564,0,31358.5,2167.33
2.907,0,0,-0.0165494,4189.32,320.308,0,0,0.15722,0,31412.2,2171.2
2.908,0,0,-0.0163918,4196.23,321.631,0,0,0.15787,0,31466.3,2175.1
2.909,0,0,-0.0162336,4203.17,322.942,0,0,0.158514,0,31520.7,2179.02
2.91,0,0,-0.0160748,4210.14,324.241,0,0,0.159152,0,31575.5,2182.97
2.911,0,0,-0.0159153,4217.12,325.526,0,0,0.159784,0,31630.7,2186.95
2.912,0,0,-0.0157552,4224.14,326.798,0,0,0.160409,0,31686.2,2190.95
2.913,0,0,-0.0155945,4231.18,328.058,0,0,0.161028,0,31742.1,2194.98
2.914,0,0,-0.0154332,4238.24,329.305,0,0,0.16164,0,31798.3,2199.03
2.915,0,0,-0.0152712,4245.32,330.538,0,0,0.162246,0,31854.9,2203.11
2.916,0,0,-0.0151087,4252.43,331.759,0,0,0.162846,0,31911.8,2207.21
2.917,0,0,-0.0149456,4259.56,332.967,0,0,0.163439,0,31969.1,2211.35
2.918,0,0,-0.0147818,4266.72,334.161,0,0,0.164026,0,32026.8,2215.5
2.919,0,0,-0.0146175,4273.9,335.342,0,0,0.164606,0,32084.8,2219.68
2.92,0,0,-0.0144526,4281.1,336.51,0,0,0.16518,0,32143.2,2223.89
2.921,0,0,-0.0142871,4288.33,337.665,0,0,0.165747,0,32201.9,2228.13
2.922,0,0,-0.0141211,4295.58,338.807,0,0,0.166308,0,32261,2232.39
2.923,0,0,-0.0139545,4302.85,339.935,0,0,0.166862,0,32320.4,2236.68
2.924,0,0,-0.0137874,4310.14,341.049,0,0,0.16741,0,32380.2,2240.99
2.925,0,0,-0.0136197,4317.46,342.151,0,0,0.167951,0,32440.4,2245.33
2.926,0,0,-0.0134515,4324.8,343.238,0,0,0.168485,0,32500.9,2249.69
2.927,0,0,-0.0132827,4332.16,344.312,0,0,0.169013,0,32561.8,2254.08
2.928,0,0,-0.0131135,4339.54,345.373,0,0,0.169534,0,32623,2258.5
2.929,0,0,-0.0129437,4346.95,346.42,0,0,0.170048,0,32684.5,2262.94
2.93,0,0,-0.0127734,4354.37,347.453,0,0,0.170556,0,32746.5,2267.41
2.931,0,0,-0.0126026,4361.82,348.473,0,0,0.171057,0,32808.8,2271.9
2.932,0,0,-0.0124313,4369.28,349.479,0,0,0.171551,0,32871.4,2276.42
2.933,0,0,-0.0122595,4376.77,350.471,0,0,0.172038,0,32934.4,2280.97
2.934,0,0,-0.0120872,4384.28,351.449,0,0,0.172519,0,32997.7,2285.54
2.935,0,0,-0.0119144,4391.81,352.414,0,0,0.172993,0,33061.4,2290.13
2.936,0,0,-0.0117412,4399.36,353.364,0,0,0.17346,0,33125.5,2294.76
2.937,0,0,-0.0115675,4406.93,354.301,0,0,0.17392,0,33189.9,2299.4
2.938,0,0,-0.0113934,4414.52,355.223,0,0,0.174373,0,33254.6,2304.08
2.939,0,0,-0.0112188,4422.13,356.132,0,0,0.174819,0,33319.7,2308.78
2.94,0,0,-0.0110437,4429.76,357.026,0,0,0.175259,0,33385.2,2313.5
2.941,0,0,-0.0108683,4437.41,357.907,0,0,0.175691,0,33451,2318.25
2.942,0,0,-0.0106924,4445.07,358.773,0,0,0.176117,0,33517.1,2323.03
2.943,0,0,-0.010516,4452.76,359.625,0,0,0.176535,0,33583.6,2327.83
2.944,0,0,-0.0103393,4460.46,360.463,0,0,0.176947,0,33650.5,2332.66
2.945,0,0,-0.0101621,4468.19,361.287,0,0,0.177352,0,33717.7,2337.51
2.946,0,0,-0.00998459,4475.93,362.096,0,0,0.17775,0,33785.2,2342.39
2.947,0,0,-0.00980664,4483.69,362.891,0,0,0.17814,0,33853.1,2347.29
2.948,0,0,-0.00962831,4491.46,363.672,0,0,0.178524,0,33921.3,2352.22
2.949,0,0,-0.0094496,4499.26,364.439,0,0,0.1789,0,33989.9,2357.17
2.95,0,0,-0.00927051,4507.07,365.191,0,0,0.17927,0,34058.8,2362.15
2.951,0,0,-0.00909106,4514.9,365.929,0,0,0.179632,0,34128.1,2367.15
2.952,0,0,-0.00891125,4522.74,366.652,0,0,0.179988,0,34197.7,2372.18
2.953,0,0,-0.00873109,4530.61,367.361,0,0,0.180336,0,34267.7,2377.23
2.954,0,0,-0.00855058,4538.48,368.055,0,0,0.180677,0,34338,2382.31
2.955,0,0,-0.00836973,4546.38,368.735,0,0,0.181011,0,34408.6,2387.42
2.956,0,0,-0.00818856,4554.29,369.401,0,0,0.181338,0,34479.6,2392.55
2.957,0,0,-0.00800706,4562.21,370.051,0,0,0.181658,0,34550.9,2397.7
2.958,0,0,-0.00782525,4570.15,370.687,0,0,0.18197,0,34622.6,2402.88
2.959,0,0,-0.00764312,4578.11,371.309,0,0,0.182275,0,34694.5,2408.08
2.96,0,0,-0.0074607,4586.08,371.916,0,0,0.182574,0,34766.9,2413.31
2.961,0,0,-0.00727798,4594.06,372.508,0,0,0.182865,0,34839.5,2418.56
2.962,0,0,-0.00709497,4602.06,373.086,0,0,0.183148,0,34912.5,2423.84
2.963,0,0,-0.00691168,4610.07,373.648,0,0,0.183425,0,34985.9,2429.14
2.964,0,0,-0.00672812,4618.1,374.196,0,0,0.183694,0,35059.5,2434.46
2.965,0,0,-0.0065443,4626.14,374.73,0,0,0.183956,0,35133.5,2439.81
2.966,0,0,-0.00636021,4634.19,375.248,0,0,0.184211,0,35207.9,2445.19
2.967,0,0,-0.00617588,4642.26,375.752,0,0,0.184458,0,35282.5,2450.59
2.968,0,0,-0.0059913,4650.34,376.241,0,0,0.184698,0,35357.5,2456.01
2.969,0,0,-0.00580648,4658.43,376.715,0,0,0.184931,0,35432.8,2461.46
2.97,0,0,-0.00562144,4666.53,377.174,0,0,0.185157,0,35508.5,2466.93
2.971,0,0,-0.00543617,4674.64,377.618,0,0,0.185375,0,35584.4,2472.42
2.972,0,0,-0.00525069,4682.77,378.048,0,0,0.185586,0,35660.7,2477.94
2.973,0,0,-0.005065,4690.9,378.462,0,0,0.18579,0,35737.3,2483.48
2.974,0,0,-0.00487911,4699.05,378.862,0,0,0.185986,0,35814.3,2489.05
2.975,0,0,-0.00469303,4707.21,379.246,0,0,0.186175,0,35891.5,2494.63
2.976,0,0,-0.00450677,4715.37,379.616,0,0,0.186356,0,35969.1,2500.25
2.977,0,0,-0.00432032,4723.55,379.971,0,0,0.186531,0,36047,2505.88
2.978,0,0,-0.00413371,4731.74,380.31,0,0,0.186698,0,36125.2,2511.54
2.979,0,0,-0.00394693,4739.93,380.635,0,0,0.186857,0,36203.7,2517.22
2.98,0,0,-0.00376,4748.14,380.945,0,0,0.187009,0,36282.5,2522.93
2.981,0,0,-0.00357291,4756.35,381.239,0,0,0.187154,0,36361.7,2528.65
2.982,0,0,-0.00338569,4764.57,381.519,0,0,0.187291,0,36441.1,2534.41
2.983,0,0,-0.00319833,4772.8,381.783,0,0,0.187421,0,36520.9,2540.18
2.984,0,0,-0.00301085,4781.03,382.033,0,0,0.187544,0,36600.9,2545.97
2.985,0,0,-0.00282325,4789.28,382.267,0,0,0.187659,0,36681.3,2551.79
2.986,0,0,-0.00263554,4797.53,382.487,0,0,0.187767,0,36762,2557.63
2.987,0,0,-0.00244772,4805.78,382.691,0,0,0.187867,0,36843,2563.5
2.988,0,0,-0.0022598,4814.04,382.88,0,0,0.18796,0,36924.2,2569.38
2.989,0,0,-0.0020718,4822.31,383.054,0,0,0.188046,0,37005.8,2575.29
2.99,0,0,-0.00188372,4830.59,383.213,0,0,0.188124,0,37087.7,2581.22
2.991,0,0,-0.00169556,4838.86,383.357,0,0,0.188194,0,37169.9,2587.17
2.992,0,0,-0.00150733,4847.15,383.486,0,0,0.188257,0,37252.3,2593.14
2.993,0,0,-0.00131904,4855.44,383.599,0,0,0.188313,0,37335.1,2599.13
2.994,0,0,-0.00113071,4863.73,383.698,0,0,0.188362,0,37418.1,2605.15
2.995,0,0,-0.000942323,4872.02,383.781,0,0,0.188403,0,37501.4,2611.18
2.996,0,0,-0.000753903,4880.32,383.849,0,0,0.188436,0,37585,2617.24
2.997,0,0,-0.000565453,4888.62,383.902,0,0,0.188462,0,37668.9,2623.32
2.998,0,0,-0.000376981,4896.92,383.94,0,0,0.188481,0,37753.1,2629.42
2.999,0,0,-0.000188494,4905.23,383.963,0,0,0.188492,0,37837.6,2635.54
3,0,0,-4.13756e-14,4913.53,383.97,0,0,0.188496,0,37922.3,2641.68
3.001,0,0,0.000188494,4921.84,383.963,0,0,0.188492,0,38007.3,2647.84
3.002,0,0,0.000376981,4930.15,383.94,0,0,0.188481,0,38092.6,2654.02
3.003,0,0,0.000565453,4938.46,383.902,0,0,0.188462,0,38178.1,2660.22
3.004,0,0,0.000753903,4946.77,383.849,0,0,0.188436,0,38264,2666.44
3.005,0,0,0.000942323,4955.08,383.781,0,0,0.188403,0,38350.1,2672.68
3.006,0,0,0.00113071,4963.39,383.698,0,0,0.188362,0,38436.4,2678.94
3.007,0,0,0.00131904,4971.69,383.599,0,0,0.188313,0,38523,2685.22
3.008,0,0,0.00150733,4980,383.486,0,0,0.188257,0,38609.9,2691.51
3.009,0,0,0.00169556,4988.3,383.357,0,0,0.188194,0,38697,2697.83
3.01,0,0,0.00188372,4996.6,383.213,0,0,0.188124,0,38784.4,2704.17
3.011,0,0,0.0020718,5004.9,383.054,0,0,0.188046,0,38872,2710.52
3.012,0,0,0.0022598,5013.2,382.88,0,0,0.18796,0,38959.9,2716.89
3.013,0,0,0.00244772,5021.49,382.691,0,0,0.187867,0,39048,2723.28
3.014,0,0,0.00263554,5029.78,382.487,0,0,0.187767,0,39136.4,2729.69
3.015,0,0,0.00282325,5038.06,382.267,0,0,0.187659,0,39225,2736.12
3.016,0,0,0.00301085,5046.34,382.033,0,0,0.187544,0,39313.8,2742.56
3.017,0,0,0.00319833,5054.61,381.783,0,0,0.187421,0,39402.9,2749.03
3.018,0,0,0.00338569,5062.87,381.519,0,0,0.187291,0,39492.2,2755.51
3.019,0,0,0.00357291,5071.13,381.239,0,0,0.187154,0,39581.7,2762
3.02,0,0,0.00376,5079.39,380.945,0,0,0.187009,0,39671.5,2768.51
3.021,0,0,0.00394693,5087.63,380.635,0,0,0.186857,0,39761.5,2775.04
3.022,0,0,0.00413371,5095.87,380.31,0,0,0.186698,0,39851.7,2781.59
3.023,0,0,0.00432032,5104.1,379.971,0,0,0.186531,0,39942.1,2788.15
3.024,0,0,0.00450677,5112.32,379.616,0,0,0.186356,0,40032.8,2794.73
3.025,0,0,0.00469303,5120.54,379.246,0,0,0.186175,0,40123.6,2801.32
3.026,0,0,0.00487911,5128.74,378.862,0,0,0.185986,0,40214.7,2807.93
3.027,0,0,0.005065,5136.93,378.462,0,0,0.18579,0,40305.9,2814.56
3.028,0,0,0.00525069,5145.11,378.048,0,0,0.185586,0,40397.4,2821.2
3.029,0,0,0.00543617,5153.29,377.618,0,0,0.185375,0,40489,2827.85
3.03,0,0,0.00562144,5161.45,377.174,0,0,0.185157,0,40580.9,2834.52
3.031,0,0,0.00580648,5169.59,376.715,0,0,0.184931,0,40672.9,2841.2
3.032,0,0,0.0059913,5177.73,376.241,0,0,0.184698,0,40765.2,2847.9
3.033,0,0,0.00617588,5185.85,375.752,0,0,0.184458,0,40857.6,2854.61
3.034,0,0,0.00636021,5193.96,375.248,0,0,0.184211,0,40950.2,2861.34
3.035,0,0,0.0065443,5202.06,374.73,0,0,0.183956,0,41043,2868.07
3.036,0,0,0.00672812,5210.14,374.196,0,0,0.183694,0,41135.9,2874.83
3.037,0,0,0.00691168,5218.21,373.648,0,0,0.183425,0,41229,2881.59
3.038,0,0,0.00709497,5226.26,373.086,0,0,0.183148,0,41322.3,2888.37
3.039,0,0,0.00727798,5234.29,372.508,0,0,0.182865,0,41415.8,2895.15
3.04,0,0,0.0074607,5242.31,371.916,0,0,0.182574,0,41509.4,2901.95
3.041,0,0,0.00764312,5250.32,371.309,0,0,0.182275,0,41603.1,2908.77
3.042,0,0,0.00782525,5258.3,370.687,0,0,0.18197,0,41697,2915.59
3.043,0,0,0.00800706,5266.27,370.051,0,0,0.181658,0,41791.1,2922.42
3.044,0,0,0.00818856,5274.22,369.401,0,0,0.181338,0,41885.3,2929.27
3.045,0,0,0.00836973,5282.15,368.735,0,0,0.181011,0,41979.6,2936.12
3.046,0,0,0.00855058,5290.06,368.055,0,0,0.180677,0,42074.1,2942.99
3.047,0,0,0.00873109,5297.95,367.361,0,0,0.180336,0,42168.7,2949.87
3.048,0,0,0.00891125,5305.82,366.652,0,0,0.179988,0,42263.4,2956.75
3.049,0,0,0.00909106,5313.67,365.929,0,0,0.179632,0,42358.3,2963.65
3.05,0,0,0.00927051,5321.5,365.191,0,0,0.17927,0,42453.3,2970.55
3.051,0,0,0.0094496,5329.31,364.439,0,0,0.1789,0,42548.4,2977.46
3.052,0,0,0.00962831,5337.09,363.672,0,0,0.178524,0,42643.5,2984.38
3.053,0,0,0.00980664,5344.85,362.891,0,0,0.17814,0,42738.8,2991.31
3.054,0,0,0.00998459,5352.59,362.096,0,0,0.17775,0,42834.2,2998.25
3.055,0,0,0.0101621,5360.3,361.287,0,0,0.177352,0,42929.7,3005.19
3.056,0,0,0.0103393,5367.99,360.463,0,0,0.176947,0,43025.3,3012.14
3.057,0,0,0.010516,5375.65,359.625,0,0,0.176535,0,43121,3019.1
3.058,0,0,0.0106924,5383.29,358.773,0,0,0.176117,0,43216.7,3026.07
3.059,0,0,0.0108683,5390.91,357.907,0,0,0.175691,0,43312.6,3033.04
3.06,0,0,0.0110437,5398.49,357.026,0,0,0.175259,0,43408.5,3040.01
3.061,0,0,0.0112188,5406.05,356.132,0,0,0.174819,0,43504.5,3046.99
3.062,0,0,0.0113934,5413.58,355.223,0,0,0.174373,0,43600.5,3053.98
3.063,0,0,0.0115675,5421.08,354.301,0,0,0.17392,0,43696.6,3060.97
3.064,0,0,0.0117412,5428.55,353.364,0,0,0.17346,0,43792.7,3067.97
3.065,0,0,0.0119144,5436,352.414,0,0,0.172993,0,43888.9,3074.97
3.066,0,0,0.0120872,5443.41,351.449,0,0,0.172519,0,43985.2,3081.97
3.067,0,0,0.0122595,5450.79,350.471,0,0,0.172038,0,44081.4,3088.98
3.068,0,0,0.0124313,5458.15,349.479,0,0,0.171551,0,44177.8,3095.98
3.069,0,0,0.0126026,5465.47,348.473,0,0,0.171057,0,44274.1,3103
3.07,0,0,0.0127734,5472.75,347.453,0,0,0.170556,0,44370.4,3110.01
3.071,0,0,0.0129437,5480.01,346.42,0,0,0.170048,0,44466.8,3117.02
3.072,0,0,0.0131135,5487.23,345.373,0,0,0.169534,0,44563.2,3124.04
3.073,0,0,0.0132827,5494.42,344.312,0,0,0.169013,0,44659.6,3131.06
3.074,0,0,0.0134515,5501.57,343.238,0,0,0.168485,0,44756,3138.08
3.075,0,0,0.0136197,5508.69,342.151,0,0,0.167951,0,44852.4,3145.09
3.076,0,0,0.0137874,5515.78,341.049,0,0,0.16741,0,44948.8,3152.11
3.077,0,0,0.0139545,5522.82,339.935,0,0,0.166862,0,45045.2,3159.13
3.078,0,0,0.0141211,5529.84,338.807,0,0,0.166308,0,45141.5,3166.15
3.079,0,0,0.0142871,5536.81,337.665,0,0,0.165747,0,45237.8,3173.16
3.08,0,0,0.0144526,5543.75,336.51,0,0,0.16518,0,45334.1,3180.17
3.081,0,0,0.0146175,5550.64,335.342,0,0,0.164606,0,45430.4,3187.18
3.082,0,0,0.0147818,5557.5,334.161,0,0,0.164026,0,45526.6,3194.19
3.083,0,0,0.0149456,5564.32,332.967,0,0,0.163439,0,45622.8,3201.2
3.084,0,0,0.0151087,5571.1,331.759,0,0,0.162846,0,45718.9,3208.2
3.085,0,0,0.0152712,5577.84,330.538,0,0,0.162246,0,45815,3215.19
3.086,0,0,0.0154332,5584.54,329.305,0,0,0.16164,0,45910.9,3222.19
3.087,0,0,0.0155945,5591.2,328.058,0,0,0.161028,0,46006.9,3229.18
3.088,0,0,0.0157552,5597.81,326.798,0,0,0.160409,0,46102.7,3236.16
3.089,0,0,0.0159153,5604.39,325.526,0,0,0.159784,0,46198.4,3243.13
3.09,0,0,0.0160748,5610.92,324.241,0,0,0.159152,0,46294.1,3250.11
3.091,0,0,0.0162336,5617.4,322.942,0,0,0.158514,0,46389.7,3257.07
3.092,0,0,0.0163918,5623.84,321.631,0,0,0.15787,0,46485.1,3264.03
3.093,0,0,0.0165494,5630.24,320.308,0,0,0.15722,0,46580.5,3270.98
3.094,0,0,0.0167063,5636.59,318.972,0,0,0.156564,0,46675.7,3277.92
3.095,0,0,0.0168625,5642.89,317.623,0,0,0.155901,0,46770.9,3284.85
3.096,0,0,0.0170181,5649.15,316.262,0,0,0.155232,0,46865.9,3291.78
3.097,0,0,0.017173,5655.36,314.888,0,0,0.154557,0,46960.7,3298.69
3.098,0,0,0.0173272,5661.53,313.502,0,0,0.153876,0,47055.5,3305.6
3.099,0,0,0.0174807,5667.64,312.103,0,0,0.153189,0,47150,3312.49
3.1,0,0,0.0176336,5673.71,310.692,0,0,0.152496,0,47244.5,3319.38
3.101,0,0,0.0177857,5679.73,309.269,0,0,0.151797,0,47338.7,3326.25
3.102,0,0,0.0179371,5685.7,307.834,0,0,0.151092,0,47432.8,3333.11
3.103,0,0,0.0180879,5691.62,306.386,0,0,0.150381,0,47526.8,3339.96
3.104,0,0,0.0182379,5697.48,304.927,0,0,0.149664,0,47620.5,3346.8
3.105,0,0,0.0183872,5703.3,303.455,0,0,0.148941,0,47714.1,3353.62
3.106,0,0,0.0185358,5709.06,301.971,0,0,0.148212,0,47807.5,3360.43
3.107,0,0,0.0186836,5714.78,300.476,0,0,0.147477,0,47900.7,3367.23
3.108,0,0,0.0188307,5720.44,298.969,0,0,0.146737,0,47993.6,3374.01
3.109,0,0,0.0189771,5726.04,297.45,0,0,0.14599,0,48086.4,3380.77
3.11,0,0,0.0191227,5731.59,295.919,0,0,0.145238,0,48179,3387.53
3.111,0,0,0.0192676,5737.09,294.376,0,0,0.144481,0,48271.3,3394.26
3.112,0,0,0.0194117,5742.53,292.822,0,0,0.143717,0,48363.4,3400.98
3.113,0,0,0.019555,5747.92,291.256,0,0,0.142948,0,48455.2,3407.68
3.114,0,0,0.0196976,5753.25,289.679,0,0,0.142173,0,48546.8,3414.37
3.115,0,0,0.0198394,5758.53,288.091,0,0,0.141393,0,48638.2,3421.03
3.116,0,0,0.0199804,5763.74,286.491,0,0,0.140607,0,48729.3,3427.68
3.117,0,0,0.0201206,5768.9,284.879,0,0,0.139815,0,48820.1,3434.31
3.118,0,0,0.02026,5774.01,283.257,0,0,0.139018,0,48910.7,3440.92
3.119,0,0,0.0203986,5779.05,281.623,0,0,0.138215,0,49001,3447.51
3.12,0,0,0.0205364,5784.03,279.978,0,0,0.137407,0,49091,3454.07
3.121,0,0,0.0206734,5788.96,278.323,0,0,0.136594,0,49180.7,3460.62
3.122,0,0,0.0208096,5793.82,276.656,0,0,0.135775,0,49270.1,3467.15
3.123,0,0,0.020945,5798.63,274.978,0,0,0.134951,0,49359.2,3473.65
3.124,0,0,0.0210795,5803.37,273.29,0,0,0.134121,0,49448,3480.13
3.125,0,0,0.0212132,5808.06,271.59,0,0,0.133286,0,49536.5,3486.59
3.126,0,0,0.0213461,5812.68,269.88,0,0,0.132446,0,49624.6,3493.03
3.127,0,0,0.0214781,5817.24,268.16,0,0,0.131601,0,49712.4,3499.44
3.128,0,0,0.0216093,5821.73,266.428,0,0,0.130751,0,49799.9,3505.82
3.129,0,0,0.0217396,5826.17,264.687,0,0,0.129895,0,49887,3512.18
3.13,0,0,0.0218691,5830.53,262.934,0,0,0.129034,0,49973.8,3518.52
3.131,0,0,0.0219977,5834.84,261.172,0,0,0.128168,0,50060.2,3524.83
3.132,0,0,0.0221254,5839.08,259.399,0,0,0.127297,0,50146.2,3531.11
3.133,0,0,0.0222523,5843.26,257.616,0,0,0.126421,0,50231.9,3537.36
3.134,0,0,0.0223782,5847.37,255.823,0,0,0.12554,0,50317.2,3543.59
3.135,0,0,0.0225033,5851.41,254.019,0,0,0.124654,0,50402,3549.79
3.136,0,0,0.0226275,5855.39,252.206,0,0,0.123763,0,50486.5,3555.96
3.137,0,0,0.0227509,5859.3,250.383,0,0,0.122868,0,50570.6,3562.1
3.138,0,0,0.0228733,5863.14,248.55,0,0,0.121967,0,50654.3,3568.21
3.139,0,0,0.0229948,5866.92,246.707,0,0,0.121062,0,50737.5,3574.29
3.14,0,0,0.0231154,5870.63,244.854,0,0,0.120152,0,50820.3,3580.34
3.141,0,0,0.0232351,5874.27,242.992,0,0,0.119237,0,50902.7,3586.36
3.142,0,0,0.0233539,5877.84,241.12,0,0,0.118317,0,50984.7,3592.35
3.143,0,0,0.0234717,5881.34,239.238,0,0,0.117393,0,51066.2,3598.3
3.144,0,0,0.0235887,5884.78,237.347,0,0,0.116464,0,51147.2,3604.22
3.145,0,0,0.0237047,5888.14,235.447,0,0,0.11553,0,51227.8,3610.11
3.146,0,0,0.0238197,5891.43,233.537,0,0,0.114592,0,51307.9,3615.96
3.147,0,0,0.0239338,5894.66,231.619,0,0,0.11365,0,51387.5,3621.78
3.148,0,0,0.024047,5897.81,229.691,0,0,0.112702,0,51466.7,3627.57
3.149,0,0,0.0241592,5900.89,227.754,0,0,0.111751,0,51545.4,3633.31
3.15,0,0,0.0242705,5903.9,225.808,0,0,0.110795,0,51623.5,3639.03
3.151,0,0,0.0243808,5906.83,223.853,0,0,0.109835,0,51701.2,3644.7
3.152,0,0,0.0244902,5909.7,221.89,0,0,0.10887,0,51778.3,3650.34
3.153,0,0,0.0245986,5912.49,219.917,0,0,0.107901,0,51855,3655.94
3.154,0,0,0.024706,5915.21,217.936,0,0,0.106928,0,51931.1,3661.5
3.155,0,0,0.0248124,5917.85,215.947,0,0,0.10595,0,52006.7,3667.03
3.156,0,0,0.0249179,5920.43,213.948,0,0,0.104969,0,52081.7,3672.51
3.157,0,0,0.0250224,5922.92,211.942,0,0,0.103983,0,52156.2,3677.96
3.158,0,0,0.0251258,5925.35,209.927,0,0,0.102993,0,52230.1,3683.36
3.159,0,0,0.0252283,5927.7,207.904,0,0,0.101999,0,52303.5,3688.73
3.16,0,0,0.0253298,5929.97,205.872,0,0,0.101001,0,52376.3,3694.05
3.161,0,0,0.0254303,5932.17,203.833,0,0,0.099999,0,52448.6,3699.33
3.162,0,0,0.0255298,5934.29,201.785,0,0,0.0989931,0,52520.3,3704.57
3.163,0,0,0.0256283,5936.34,199.73,0,0,0.0979833,0,52591.3,3709.77
3.164,0,0,0.0257258,5938.31,197.666,0,0,0.0969696,0,52661.8,3714.92
3.165,0,0,0.0258223,5940.21,195.595,0,0,0.095952,0,52731.7,3720.03
3.166,0,0,0.0259177,5942.03,193.516,0,0,0.0949307,0,52801,3725.1
3.167,0,0,0.0260121,5943.77,191.43,0,0,0.0939057,0,52869.6,3730.12
3.168,0,0,0.0261055,5945.44,189.335,0,0,0.0928769,0,52937.7,3735.09
3.169,0,0,0.0261979,5947.03,187.234,0,0,0.0918445,0,53005.1,3740.02
3.17,0,0,0.0262892,5948.54,185.125,0,0,0.0908084,0,53071.9,3744.91
3.171,0,0,0.0263795,5949.98,183.009,0,0,0.0897688,0,53138,3749.74
3.172,0,0,0.0264687,5951.33,180.885,0,0,0.0887256,0,53203.5,3754.53
3.173,0,0,0.0265569,5952.61,178.755,0,0,0.0876789,0,53268.4,3759.28
3.174,0,0,0.0266441,5953.81,176.617,0,0,0.0866288,0,53332.6,3763.97
3.175,0,0,0.0267302,5954.94,174.473,0,0,0.0855752,0,53396.1,3768.62
3.176,0,0,0.0268152,5955.98,172.321,0,0,0.0845182,0,53459,3773.22
3.177,0,0,0.0268992,5956.95,170.163,0,0,0.083458,0,53521.1,3777.76
3.178,0,0,0.0269822,5957.84,167.998,0,0,0.0823944,0,53582.6,3782.26
3.179,0,0,0.027064,5958.64,165.826,0,0,0.0813275,0,53643.4,3786.71
3.18,0,0,0.0271448,5959.37,163.648,0,0,0.0802575,0,53703.5,3791.11
3.181,0,0,0.0272245,5960.02,161.464,0,0,0.0791843,0,53762.9,3795.45
3.182,0,0,0.0273032,5960.59,159.273,0,0,0.078108,0,53821.6,3799.75
3.183,0,0,0.0273807,5961.09,157.076,0,0,0.0770285,0,53879.6,3803.99
3.184,0,0,0.0274572,5961.5,154.872,0,0,0.0759461,0,53936.9,3808.18
3.185,0,0,0.0275326,5961.83,152.663,0,0,0.0748606,0,53993.4,3812.31
3.186,0,0,0.027607,5962.09,150.447,0,0,0.0737722,0,54049.2,3816.4
3.187,0,0,0.0276802,5962.26,148.226,0,0,0.0726809,0,54104.3,3820.43
3.188,0,0,0.0277523,5962.35,145.998,0,0,0.0715867,0,54158.6,3824.4
3.189,0,0,0.0278234,5962.37,143.765,0,0,0.0704896,0,54212.2,3828.32
3.19,0,0,0.0278933,5962.3,141.527,0,0,0.0693898,0,54265,3832.19
3.191,0,0,0.0279621,5962.16,139.283,0,0,0.0682873,0,54317.1,3836
3.192,0,0,0.0280299,5961.93,137.033,0,0,0.0671821,0,54368.4,3839.75
3.193,0,0,0.0280965,5961.62,134.778,0,0,0.0660742,0,54418.9,3843.45
3.194,0,0,0.028162,5961.24,132.517,0,0,0.0649637,0,54468.7,3847.09
3.195,0,0,0.0282264,5960.77,130.251,0,0,0.0638506,0,54517.7,3850.67
3.196,0,0,0.0282897,5960.23,127.981,0,0,0.062735,0,54565.9,3854.2
3.197,0,0,0.0283519,5959.6,125.705,0,0,0.0616169,0,54613.3,3857.67
3.198,0,0,0.0284129,5958.89,123.424,0,0,0.0604964,0,54659.9,3861.08
3.199,0,0,0.0284729,5958.11,121.138,0,0,0.0593736,0,54705.7,3864.43
3.2,0,0,0.0285317,5957.24,118.848,0,0,0.0582483,0,54750.7,3867.72
3.201,0,0,0.0285894,5956.3,116.553,0,0,0.0571208,0,54794.9,3870.96
3.202,0,0,0.0286459,5955.27,114.253,0,0,0.055991,0,54838.2,3874.13
3.203,0,0,0.0287014,5954.16,111.949,0,0,0.054859,0,54880.8,3877.25
3.204,0,0,0.0287557,5952.98,109.64,0,0,0.0537249,0,54922.5,3880.3
3.205,0,0,0.0288088,5951.71,107.327,0,0,0.0525886,0,54963.4,3883.3
3.206,0,0,0.0288608,5950.37,105.01,0,0,0.0514502,0,55003.5,3886.23
3.207,0,0,0.0289117,5948.94,102.689,0,0,0.0503098,0,55042.7,3889.1
3.208,0,0,0.0289614,5947.44,100.363,0,0,0.0491675,0,55081.1,3891.91
3.209,0,0,0.02901,5945.86,98.0342,0,0,0.0480232,0,55118.7,3894.66
3.21,0,0,0.0290575,5944.2,95.7011,0,0,0.0468769,0,55155.4,3897.35
3.211,0,0,0.0291038,5942.45,93.3641,0,0,0.0457289,0,55191.2,3899.97
3.212,0,0,0.029149,5940.63,91.0236,0,0,0.044579,0,55226.2,3902.53
3.213,0,0,0.029193,5938.73,88.6794,0,0,0.0434274,0,55260.4,3905.03
3.214,0,0,0.0292358,5936.76,86.3317,0,0,0.042274,0,55293.6,3907.47
3.215,0,0,0.0292775,5934.7,83.9807,0,0,0.041119,0,55326,3909.84
3.216,0,0,0.029318,5932.56,81.6263,0,0,0.0399624,0,55357.5,3912.15
3.217,0,0,0.0293574,5930.35,79.2687,0,0,0.0388042,0,55388.2,3914.39
3.218,0,0,0.0293957,5928.06,76.908,0,0,0.0376444,0,55418,3916.57
3.219,0,0,0.0294327,5925.69,74.5443,0,0,0.0364832,0,55446.8,3918.68
3.22,0,0,0.0294686,5923.25,72.1777,0,0,0.0353205,0,55474.9,3920.73
3.221,0,0,0.0295034,5920.72,69.8082,0,0,0.0341565,0,55502,3922.72
3.222,0,0,0.0295369,5918.12,67.4359,0,0,0.0329911,0,55528.2,3924.64
3.223,0,0,0.0295693,5915.44,65.0611,0,0,0.0318244,0,55553.5,3926.49
3.224,0,0,0.0296006,5912.69,62.6836,0,0,0.0306564,0,55578,3928.28
3.225,0,0,0.0296307,5909.85,60.3037,0,0,0.0294872,0,55601.5,3930.01
3.226,0,0,0.0296596,5906.95,57.9214,0,0,0.0283169,0,55624.1,3931.66
3.227,0,0,0.0296873,5903.96,55.5369,0,0,0.0271454,0,55645.9,3933.25
3.228,0,0,0.0297138,5900.9,53.1502,0,0,0.0259729,0,55666.7,3934.78
3.229,0,0,0.0297392,5897.77,50.7613,0,0,0.0247993,0,55686.6,3936.24
3.23,0,0,0.0297634,5894.56,48.3705,0,0,0.0236248,0,55705.6,3937.63
3.231,0,0,0.0297865,5891.27,45.9778,0,0,0.0224493,0,55723.7,3938.95
3.232,0,0,0.0298083,5887.91,43.5833,0,0,0.0212729,0,55740.9,3940.21
3.233,0,0,0.029829,5884.48,41.1871,0,0,0.0200957,0,55757.1,3941.4
3.234,0,0,0.0298485,5880.97,38.7892,0,0,0.0189177,0,55772.4,3942.52
3.235,0,0,0.0298669,5877.39,36.3899,0,0,0.017739,0,55786.9,3943.58
3.236,0,0,0.029884,5873.73,33.9891,0,0,0.0165596,0,55800.4,3944.57
3.237,0,0,0.0299,5870,31.587,0,0,0.0153795,0,55812.9,3945.49
3.238,0,0,0.0299148,5866.2,29.1836,0,0,0.0141988,0,55824.6,3946.34
3.239,0,0,0.0299284,5862.33,26.7791,0,0,0.0130175,0,55835.3,3947.12
3.24,0,0,0.0299408,5858.38,24.3736,0,0,0.0118357,0,55845.1,3947.84
3.241,0,0,0.029952,5854.36,21.9671,0,0,0.0106535,0,55853.9,3948.49
3.242,0,0,0.0299621,5850.27,19.5598,0,0,0.00947083,0,55861.9,3949.07
3.243,0,0,0.029971,5846.12,17.1517,0,0,0.0082878,0,55868.9,3949.58
3.244,0,0,0.0299787,5841.88,14.7429,0,0,0.00710443,0,55874.9,3950.03
3.245,0,0,0.0299852,5837.58,12.3335,0,0,0.00592079,0,55880.1,3950.4
3.246,0,0,0.0299905,5833.21,9.92373,0,0,0.00473691,0,55884.3,3950.71
3.247,0,0,0.0299947,5828.77,7.51353,0,0,0.00355285,0,55887.5,3950.95
3.248,0,0,0.0299976,5824.26,5.10305,0,0,0.00236864,0,55889.9,3951.12
3.249,0,0,0.0299994,5819.69,2.69237,0,0,0.00118434,0,55891.3,3951.22
3.25,0,0,0.03,5815.04,5.95314e-10,0,0,2.92461e-13,0,55891.7,3951.26
3.251,0,0,0.0299994,5810.33,-2.69237,0,0,-0.00118434,0,55891.3,3951.22
3.252,0,0,0.0299976,5805.55,-5.10305,0,0,-0.00236864,0,55889.9,3951.12
3.253,0,0,0.0299947,5800.7,-7.51353,0,0,-0.00355285,0,55887.5,3950.95
3.254,0,0,0.0299905,5795.78,-9.92373,0,0,-0.00473691,0,55884.3,3950.71
3.255,0,0,0.0299852,5790.8,-12.3335,0,0,-0.00592079,0,55880.1,3950.4
3.256,0,0,0.0299787,5785.76,-14.7429,0,0,-0.00710443,0,55874.9,3950.03
3.257,0,0,0.029971,5780.65,-17.1517,0,0,-0.0082878,0,55868.9,3949.58
3.258,0,0,0.0299621,5775.47,-19.5598,0,0,-0.00947083,0,55861.9,3949.07
3.259,0,0,0.029952,5770.23,-21.9671,0,0,-0.0106535,0,55853.9,3948.49
3.26,0,0,0.0299408,5764.93,-24.3736,0,0,-0.0118357,0,55845.1,3947.84
3.261,0,0,0.0299284,5759.56,-26.7791,0,0,-0.0130175,0,55835.3,3947.12
3.262,0,0,0.0299148,5754.14,-29.1836,0,0,-0.0141988,0,55824.6,3946.34
3.263,0,0,0.0299,5748.64,-31.587,0,0,-0.0153795,0,55812.9,3945.49
3.264,0,0,0.029884,5743.09,-33.9891,0,0,-0.0165596,0,55800.4,3944.57
3.265,0,0,0.0298669,5737.48,-36.3899,0,0,-0.017739,0,55786.9,3943.58
3.266,0,0,0.0298485,5731.8,-38.7892,0,0,-0.0189177,0,55772.4,3942.52
3.267,0,0,0.029829,5726.07,-41.1871,0,0,-0.0200957,0,55757.1,3941.4
3.268,0,0,0.0298083,5720.27,-43.5833,0,0,-0.0212729,0,55740.9,3940.21
3.269,0,0,0.0297865,5714.42,-45.9778,0,0,-0.0224493,0,55723.7,3938.95
3.27,0,0,0.0297634,5708.51,-48.3705,0,0,-0.0236248,0,55705.6,3937.63
3.271,0,0,0.0297392,5702.54,-50.7613,0,0,-0.0247993,0,55686.6,3936.24
3.272,0,0,0.0297138,5696.51,-53.1502,0,0,-0.0259729,0,55666.7,3934.78
3.273,0,0,0.0296873,5690.42,-55.5369,0,0,-0.0271454,0,55645.9,3933.25
3.274,0,0,0.0296596,5684.28,-57.9214,0,0,-0.0283169,0,55624.1,3931.66
3.275,0,0,0.0296307,5678.09,-60.3037,0,0,-0.0294872,0,55601.5,3930.01
3.276,0,0,0.0296006,5671.83,-62.6836,0,0,-0.0306564,0,55578,3928.28
3.277,0,0,0.0295693,5665.53,-65.0611,0,0,-0.0318244,0,55553.5,3926.49
3.278,0,0,0.0295369,5659.16,-67.4359,0,0,-0.0329911,0,55528.2,3924.64
3.279,0,0,0.0295034,5652.75,-69.8082,0,0,-0.0341565,0,55502,3922.72
3.28,0,0,0.0294686,5646.28,-72.1777,0,0,-0.0353205,0,55474.9,3920.73
3.281,0,0,0.0294327,5639.76,-74.5443,0,0,-0.0364832,0,55446.8,3918.68
3.282,0,0,0.0293957,5633.19,-76.908,0,0,-0.0376444,0,55418,3916.57
3.283,0,0,0.0293574,5626.56,-79.2687,0,0,-0.0388042,0,55388.2,3914.39
3.284,0,0,0.029318,5619.89,-81.6263,0,0,-0.0399624,0,55357.5,3912.15
3.285,0,0,0.0292775,5613.16,-83.9807,0,0,-0.041119,0,55326,3909.84
3.286,0,0,0.0292358,5606.39,-86.3317,0,0,-0.042274,0,55293.6,3907.47
3.287,0,0,0.029193,5599.56,-88.6794,0,0,-0.0434274,0,55260.4,3905.03
3.288,0,0,0.029149,5592.69,-91.0236,0,0,-0.044579,0,55226.2,3902.53
3.289,0,0,0.0291038,5585.77,-93.3641,0,0,-0.0457289,0,55191.2,3899.97
3.29,0,0,0.0290575,5578.8,-95.7011,0,0,-0.0468769,0,55155.4,3897.35
3.291,0,0,0.02901,5571.79,-98.0342,0,0,-0.0480232,0,55118.7,3894.66
3.292,0,0,0.0289614,5564.73,-100.363,0,0,-0.0491675,0,55081.1,3891.91
3.293,0,0,0.0289117,5557.62,-102.689,0,0,-0.0503098,0,55042.7,3889.1
3.294,0,0,0.0288608,5550.47,-105.01,0,0,-0.0514502,0,55003.5,3886.23
3.295,0,0,0.0288088,5543.28,-107.327,0,0,-0.0525886,0,54963.4,3883.3
3.296,0,0,0.0287557,5536.04,-109.64,0,0,-0.0537249,0,54922.5,3880.3
3.297,0,0,0.0287014,5528.76,-111.949,0,0,-0.054859,0,54880.8,3877.25
3.298,0,0,0.0286459,5521.44,-114.253,0,0,-0.055991,0,54838.2,3874.13
3.299,0,0,0.0285894,5514.07,-116.553,0,0,-0.0571208,0,54794.9,3870.96
3.3,0,0,0.0285317,5506.67,-118.848,0,0,-0.0582483,0,54750.7,3867.72
3.301,0,0,0.0284729,5499.22,-121.138,0,0,-0.0593736,0,54705.7,3864.43
3.302,0,0,0.0284129,5491.73,-123.424,0,0,-0.0604964,0,54659.9,3861.08
3.303,0,0,0.0283519,5484.2,-125.705,0,0,-0.0616169,0,54613.3,3857.67
3.304,0,0,0.0282897,5476.64,-127.981,0,0,-0.062735,0,54565.9,3854.2
3.305,0,0,0.0282264,5469.04,-130.251,0,0,-0.0638506,0,54517.7,3850.67
3.306,0,0,0.028162,5461.4,-132.517,0,0,-0.0649637,0,54468.7,3847.09
3.307,0,0,0.0280965,5453.72,-134.778,0,0,-0.0660742,0,54418.9,3843.45
3.308,0,0,0.0280299,5446,-137.033,0,0,-0.0671821,0,54368.4,3839.75
3.309,0,0,0.0279621,5438.26,-139.283,0,0,-0.0682873,0,54317.1,3836
3.31,0,0,0.0278933,5430.47,-141.527,0,0,-0.0693898,0,54265,3832.19
3.311,0,0,0.0278234,5422.65,-143.765,0,0,-0.0704896,0,54212.2,3828.32
3.312,0,0,0.0277523,5414.8,-145.998,0,0,-0.0715867,0,54158.6,3824.4
3.313,0,0,0.0276802,5406.92,-148.226,0,0,-0.0726809,0,54104.3,3820.43
3.314,0,0,0.027607,5399,-150.447,0,0,-0.0737722,0,54049.2,3816.4
3.315,0,0,0.0275326,5391.05,-152.663,0,0,-0.0748606,0,53993.4,3812.31
3.316,0,0,0.0274572,5383.07,-154.872,0,0,-0.0759461,0,53936.9,3808.18
3.317,0,0,0.0273807,5375.06,-157.076,0,0,-0.0770285,0,53879.6,3803.99
3.318,0,0,0.0273032,5367.01,-159.273,0,0,-0.078108,0,53821.6,3799.75
3.319,0,0,0.0272245,5358.94,-161.464,0,0,-0.0791843,0,53762.9,3795.45
3.32,0,0,0.0271448,5350.84,-163.648,0,0,-0.0802575,0,53703.5,3791.11
3.321,0,0,0.027064,5342.72,-165.826,0,0,-0.0813275,0,53643.4,3786.71
3.322,0,0,0.0269822,5334.56,-167.998,0,0,-0.0823944,0,53582.6,3782.26
3.323,0,0,0.0268992,5326.38,-170.163,0,0,-0.083458,0,53521.1,3777.76
3.324,0,0,0.0268152,5318.17,-172.321,0,0,-0.0845182,0,53459,3773.22
3.325,0,0,0.0267302,5309.94,-174.473,0,0,-0.0855752,0,53396.1,3768.62
3.326,0,0,0.0266441,5301.68,-176.617,0,0,-0.0866288,0,53332.6,3763.97
3.327,0,0,0.0265569,5293.39,-178.755,0,0,-0.0876789,0,53268.4,3759.28
3.328,0,0,0.0264687,5285.09,-180.885,0,0,-0.0887256,0,53203.5,3754.53
3.329,0,0,0.0263795,5276.76,-183.009,0,0,-0.0897688,0,53138,3749.74
3.33,0,0,0.0262892,5268.4,-185.125,0,0,-0.0908084,0,53071.9,3744.91
3.331,0,0,0.0261979,5260.03,-187.234,0,0,-0.0918445,0,53005.1,3740.02
3.332,0,0,0.0261055,5251.63,-189.335,0,0,-0.0928769,0,52937.7,3735.09
3.333,0,0,0.0260121,5243.22,-191.43,0,0,-0.0939057,0,52869.6,3730.12
3.334,0,0,0.0259177,5234.78,-193.516,0,0,-0.0949307,0,52801,3725.1
3.335,0,0,0.0258223,5226.32,-195.595,0,0,-0.095952,0,52731.7,3720.03
3.336,0,0,0.0257258,5217.85,-197.666,0,0,-0.0969696,0,52661.8,3714.92
3.337,0,0,0.0256283,5209.35,-199.73,0,0,-0.0979833,0,52591.3,3709.77
3.338,0,0,0.0255298,5200.84,-201.785,0,0,-0.0989931,0,52520.3,3704.57
3.339,0,0,0.0254303,5192.31,-203.833,0,0,-0.099999,0,52448.6,3699.33
3.34,0,0,0.0253298,5183.77,-205.872,0,0,-0.101001,0,52376.3,3694.05
3.341,0,0,0.0252283,5175.2,-207.904,0,0,-0.101999,0,52303.5,3688.73
3.342,0,0,0.0251258,5166.63,-209.927,0,0,-0.102993,0,52230.1,3683.36
3.343,0,0,0.0250224,5158.03,-211.942,0,0,-0.103983,0,52156.2,3677.96
3.344,0,0,0.0249179,5149.43,-213.948,0,0,-0.104969,0,52081.7,3672.51
3.345,0,0,0.0248124,5140.81,-215.947,0,0,-0.10595,0,52006.7,3667.03
3.346,0,0,0.024706,5132.18,-217.936,0,0,-0.106928,0,51931.1,3661.5
3.347,0,0,0.0245986,5123.53,-219.917,0,0,-0.107901,0,51855,3655.94
3.348,0,0,0.0244902,5114.87,-221.89,0,0,-0.10887,0,51778.3,3650.34
3.349,0,0,0.0243808,5106.21,-223.853,0,0,-0.109835,0,51701.2,3644.7
3.35,0,0,0.0242705,5097.53,-225.808,0,0,-0.110795,0,51623.5,3639.03
3.351,0,0,0.0241592,5088.84,-227.754,0,0,-0.111751,0,51545.4,3633.31
3.352,0,0,0.024047,5080.14,-229.691,0,0,-0.112702,0,51466.7,3627.57
3.353,0,0,0.0239338,5071.43,-231.619,0,0,-0.11365,0,51387.5,3621.78
3.354,0,0,0.0238197,5062.71,-233.537,0,0,-0.114592,0,51307.9,3615.96
3.355,0,0,0.0237047,5053.99,-235.447,0,0,-0.11553,0,51227.8,3610.11
3.356,0,0,0.0235887,5045.25,-237.347,0,0,-0.116464,0,51147.2,3604.22
3.357,0,0,0.0234717,5036.52,-239.238,0,0,-0.117393,0,51066.2,3598.3
3.358,0,0,0.0233539,5027.77,-241.12,0,0,-0.118317,0,50984.7,3592.35
3.359,0,0,0.0232351,5019.02,-242.992,0,0,-0.119237,0,50902.7,3586.36
3.36,0,0,0.0231154,5010.26,-244.854,0,0,-0.120152,0,50820.3,3580.34
3.361,0,0,0.0229948,5001.5,-246.707,0,0,-0.121062,0,50737.5,3574.29
3.362,0,0,0.0228733,4992.73,-248.55,0,0,-0.121967,0,50654.3,3568.21
3.363,0,0,0.0227509,4983.96,-250.383,0,0,-0.122868,0,50570.6,3562.1
3.364,0,0,0.0226275,4975.19,-252.206,0,0,-0.123763,0,50486.5,3555.96
3.365,0,0,0.0225033,4966.42,-254.019,0,0,-0.124654,0,50402,3549.79
3.366,0,0,0.0223782,4957.64,-255.823,0,0,-0.12554,0,50317.2,3543.59
3.367,0,0,0.0222523,4948.86,-257.616,0,0,-0.126421,0,50231.9,3537.36
3.368,0,0,0.0221254,4940.08,-259.399,0,0,-0.127297,0,50146.2,3531.11
3.369,0,0,0.0219977,4931.3,-261.172,0,0,-0.128168,0,50060.2,3524.83
3.37,0,0,0.0218691,4922.52,-262.934,0,0,-0.129034,0,49973.8,3518.52
3.371,0,0,0.0217396,4913.74,-264.687,0,0,-0.129895,0,49887,3512.18
3.372,0,0,0.0216093,4904.96,-266.428,0,0,-0.130751,0,49799.9,3505.82
3.373,0,0,0.0214781,4896.18,-268.16,0,0,-0.131601,0,49712.4,3499.44
3.374,0,0,0.0213461,4887.4,-269.88,0,0,-0.132446,0,49624.6,3493.03
3.375,0,0,0.0212132,4878.63,-271.59,0,0,-0.133286,0,49536.5,3486.59
3.376,0,0,0.0210795,4869.85,-273.29,0,0,-0.134121,0,49448,3480.13
3.377,0,0,0.020945,4861.09,-274.978,0,0,-0.134951,0,49359.2,3473.65
3.378,0,0,0.0208096,4852.32,-276.656,0,0,-0.135775,0,49270.1,3467.15
3.379,0,0,0.0206734,4843.56,-278.323,0,0,-0.136594,0,49180.7,3460.62
3.38,0,0,0.0205364,4834.8,-279.978,0,0,-0.137407,0,49091,3454.07
3.381,0,0,0.0203986,4826.05,-281.623,0,0,-0.138215,0,49001,3447.51
3.382,0,0,0.02026,4817.31,-283.257,0,0,-0.139018,0,48910.7,3440.92
3.383,0,0,0.0201206,4808.57,-284.879,0,0,-0.139815,0,48820.1,3434.31
3.384,0,0,0.0199804,4799.83,-286.491,0,0,-0.140607,0,48729.3,3427.68
3.385,0,0,0.0198394,4791.11,-288.091,0,0,-0.141393,0,48638.2,3421.03
3.386,0,0,0.0196976,4782.39,-289.679,0,0,-0.142173,0,48546.8,3414.37
3.387,0,0,0.019555,4773.68,-291.256,0,0,-0.142948,0,48455.2,3407.68
3.388,0,0,0.0194117,4764.98,-292.822,0,0,-0.143717,0,48363.4,3400.98
3.389,0,0,0.0192676,4756.28,-294.376,0,0,-0.144481,0,48271.3,3394.26
3.39,0,0,0.0191227,4747.6,-295.919,0,0,-0.145238,0,48179,3387.53
3.391,0,0,0.0189771,4738.92,-297.45,0,0,-0.14599,0,48086.4,3380.77
3.392,0,0,0.0188307,4730.25,-298.969,0,0,-0.146737,0,47993.6,3374.01
3.393,0,0,0.0186836,4721.6,-300.476,0,0,-0.147477,0,47900.7,3367.23
3.394,0,0,0.0185358,4712.95,-301.971,0,0,-0.148212,0,47807.5,3360.43
3.395,0,0,0.0183872,4704.32,-303.455,0,0,-0.148941,0,47714.1,3353.62
3.396,0,0,0.0182379,4695.7,-304.927,0,0,-0.149664,0,47620.5,3346.8
3.397,0,0,0.0180879,4687.09,-306.386,0,0,-0.150381,0,47526.8,3339.96
3.398,0,0,0.0179371,4678.49,-307.834,0,0,-0.151092,0,47432.8,3333.11
3.399,0,0,0.0177857,4669.9,-309.269,0,0,-0.151797,0,47338.7,3326.25
3.4,0,0,0.0176336,4661.33,-310.692,0,0,-0.152496,0,47244.5,3319.38
3.401,0,0,0.0174807,4652.77,-312.103,0,0,-0.153189,0,47150,3312.49
3.402,0,0,0.0173272,4644.22,-313.502,0,0,-0.153876,0,47055.5,3305.6
3.403,0,0,0.017173,4635.69,-314.888,0,0,-0.154557,0,46960.7,3298.69
3.404,0,0,0.0170181,4627.17,-316.262,0,0,-0.155232,0,46865.9,3291.78
3.405,0,0,0.0168625,4618.67,-317.623,0,0,-0.155901,0,46770.9,3284.85
3.406,0,0,0.0167063,4610.18,-318.972,0,0,-0.156564,0,46675.7,3277.92
3.407,0,0,0.0165494,4601.71,-320.308,0,0,-0.15722,0,46580.5,3270.98
3.408,0,0,0.0163918,4593.26,-321.631,0,0,-0.15787,0,46485.1,3264.03
3.409,0,0,0.0162336,4584.82,-322.942,0,0,-0.158514,0,46389.7,3257.07
3.41,0,0,0.0160748,4576.39,-324.241,0,0,-0.159152,0,46294.1,3250.11
3.411,0,0,0.0159153,4567.99,-325.526,0,0,-0.159784,0,46198.4,3243.13
3.412,0,0,0.0157552,4559.6,-326.798,0,0,-0.160409,0,46102.7,3236.16
3.413,0,0,0.0155945,4551.23,-328.058,0,0,-0.161028,0,46006.9,3229.18
3.414,0,0,0.0154332,4542.87,-329.305,0,0,-0.16164,0,45910.9,3222.19
3.415,0,0,0.0152712,4534.54,-330.538,0,0,-0.162246,0,45815,3215.19
3.416,0,0,0.0151087,4526.22,-331.759,0,0,-0.162846,0,45718.9,3208.2
3.417,0,0,0.0149456,4517.92,-332.967,0,0,-0.163439,0,45622.8,3201.2
3.418,0,0,0.0147818,4509.64,-334.161,0,0,-0.164026,0,45526.6,3194.19
3.419,0,0,0.0146175,4501.38,-335.342,0,0,-0.164606,0,45430.4,3187.18
3.42,0,0,0.0144526,4493.14,-336.51,0,0,-0.16518,0,45334.1,3180.17
3.421,0,0,0.0142871,4484.92,-337.665,0,0,-0.165747,0,45237.8,3173.16
3.422,0,0,0.0141211,4476.72,-338.807,0,0,-0.166308,0,45141.5,3166.15
3.423,0,0,0.0139545,4468.55,-339.935,0,0,-0.166862,0,45045.2,3159.13
3.424,0,0,0.0137874,4460.39,-341.049,0,0,-0.16741,0,44948.8,3152.11
3.425,0,0,0.0136197,4452.25,-342.151,0,0,-0.167951,0,44852.4,3145.09
3.426,0,0,0.0134515,4444.14,-343.238,0,0,-0.168485,0,44756,3138.08
3.427,0,0,0.0132827,4436.04,-344.312,0,0,-0.169013,0,44659.6,3131.06
3.428,0,0,0.0131135,4427.97,-345.373,0,0,-0.169534,0,44563.2,3124.04
3.429,0,0,0.0129437,4419.92,-346.42,0,0,-0.170048,0,44466.8,3117.02
3.43,0,0,0.0127734,4411.89,-347.453,0,0,-0.170556,0,44370.4,3110.01
3.431,0,0,0.0126026,4403.89,-348.473,0,0,-0.171057,0,44274.1,3103
3.432,0,0,0.0124313,4395.91,-349.479,0,0,-0.171551,0,44177.8,3095.98
3.433,0,0,0.0122595,4387.95,-350.471,0,0,-0.172038,0,44081.4,3088.98
3.434,0,0,0.0120872,4380.01,-351.449,0,0,-0.172519,0,43985.2,3081.97
3.435,0,0,0.0119144,4372.1,-352.414,0,0,-0.172993,0,43888.9,3074.97
3.436,0,0,0.0117412,4364.22,-353.364,0,0,-0.17346,0,43792.7,3067.97
3.437,0,0,0.0115675,4356.35,-354.301,0,0,-0.17392,0,43696.6,3060.97
3.438,0,0,0.0113934,4348.52,-355.223,0,0,-0.174373,0,43600.5,3053.98
3.439,0,0,0.0112188,4340.7,-356.132,0,0,-0.174819,0,43504.5,3046.99
3.44,0,0,0.0110437,4332.91,-357.026,0,0,-0.175259,0,43408.5,3040.01
3.441,0,0,0.0108683,4325.15,-357.907,0,0,-0.175691,0,43312.6,3033.04
3.442,0,0,0.0106924,4317.41,-358.773,0,0,-0.176117,0,43216.7,3026.07
3.443,0,0,0.010516,4309.7,-359.625,0,0,-0.176535,0,43121,3019.1
3.444,0,0,0.0103393,4302.01,-360.463,0,0,-0.176947,0,43025.3,3012.14
3.445,0,0,0.0101621,4294.35,-361.287,0,0,-0.177352,0,42929.7,3005.19
3.446,0,0,0.00998459,4286.71,-362.096,0,0,-0.17775,0,42834.2,2998.25
3.447,0,0,0.00980664,4279.11,-362.891,0,0,-0.17814,0,42738.8,2991.31
3.448,0,0,0.00962831,4271.52,-363.672,0,0,-0.178524,0,42643.5,2984.38
3.449,0,0,0.0094496,4263.97,-364.439,0,0,-0.1789,0,42548.4,2977.46
3.45,0,0,0.00927051,4256.44,-365.191,0,0,-0.17927,0,42453.3,2970.55
3.451,0,0,0.00909106,4248.94,-365.929,0,0,-0.179632,0,42358.3,2963.65
3.452,0,0,0.00891125,4241.46,-366.652,0,0,-0.179988,0,42263.4,2956.75
3.453,0,0,0.00873109,4234.02,-367.361,0,0,-0.180336,0,42168.7,2949.87
3.454,0,0,0.00855058,4226.6,-368.055,0,0,-0.180677,0,42074.1,2942.99
3.455,0,0,0.00836973,4219.21,-368.735,0,0,-0.181011,0,41979.6,2936.12
3.456,0,0,0.00818856,4211.84,-369.401,0,0,-0.181338,0,41885.3,2929.27
3.457,0,0,0.00800706,4204.51,-370.051,0,0,-0.181658,0,41791.1,2922.42
3.458,0,0,0.00782525,4197.2,-370.687,0,0,-0.18197,0,41697,2915.59
3.459,0,0,0.00764312,4189.92,-371.309,0,0,-0.182275,0,41603.1,2908.77
3.46,0,0,0.0074607,4182.67,-371.916,0,0,-0.182574,0,41509.4,2901.95
3.461,0,0,0.00727798,4175.45,-372.508,0,0,-0.182865,0,41415.8,2895.15
3.462,0,0,0.00709497,4168.26,-373.086,0,0,-0.183148,0,41322.3,2888.37
3.463,0,0,0.00691168,4161.1,-373.648,0,0,-0.183425,0,41229,2881.59
3.464,0,0,0.00672812,4153.96,-374.196,0,0,-0.183694,0,41135.9,2874.83
3.465,0,0,0.0065443,4146.86,-374.73,0,0,-0.183956,0,41043,2868.07
3.466,0,0,0.00636021,4139.78,-375.248,0,0,-0.184211,0,40950.2,2861.34
3.467,0,0,0.00617588,4132.74,-375.752,0,0,-0.184458,0,40857.6,2854.61
3.468,0,0,0.0059913,4125.72,-376.241,0,0,-0.184698,0,40765.2,2847.9
3.469,0,0,0.00580648,4118.74,-376.715,0,0,-0.184931,0,40672.9,2841.2
3.47,0,0,0.00562144,4111.78,-377.174,0,0,-0.185157,0,40580.9,2834.52
3.471,0,0,0.00543617,4104.86,-377.618,0,0,-0.185375,0,40489,2827.85
3.472,0,0,0.00525069,4097.96,-378.048,0,0,-0.185586,0,40397.4,2821.2
3.473,0,0,0.005065,4091.1,-378.462,0,0,-0.18579,0,40305.9,2814.56
3.474,0,0,0.00487911,4084.27,-378.862,0,0,-0.185986,0,40214.7,2807.93
3.475,0,0,0.00469303,4077.46,-379.246,0,0,-0.186175,0,40123.6,2801.32
3.476,0,0,0.00450677,4070.69,-379.616,0,0,-0.186356,0,40032.8,2794.73
3.477,0,0,0.00432032,4063.95,-379.971,0,0,-0.186531,0,39942.1,2788.15
3.478,0,0,0.00413371,4057.24,-380.31,0,0,-0.186698,0,39851.7,2781.59
3.479,0,0,0.00394693,4050.56,-380.635,0,0,-0.186857,0,39761.5,2775.04
3.48,0,0,0.00376,4043.91,-380.945,0,0,-0.187009,0,39671.5,2768.51
3.481,0,0,0.00357291,4037.3,-381.239,0,0,-0.187154,0,39581.7,2762
3.482,0,0,0.00338569,4030.71,-381.519,0,0,-0.187291,0,39492.2,2755.51
3.483,0,0,0.00319833,4024.16,-381.783,0,0,-0.187421,0,39402.9,2749.03
3.484,0,0,0.00301085,4017.63,-382.033,0,0,-0.187544,0,39313.8,2742.56
3.485,0,0,0.00282325,4011.14,-382.267,0,0,-0.187659,0,39225,2736.12
3.486,0,0,0.00263554,4004.68,-382.487,0,0,-0.187767,0,39136.4,2729.69
3.487,0,0,0.00244772,3998.26,-382.691,0,0,-0.187867,0,39048,2723.28
3.488,0,0,0.0022598,3991.86,-382.88,0,0,-0.18796,0,38959.9,2716.89
3.489,0,0,0.0020718,3985.5,-383.054,0,0,-0.188046,0,38872,2710.52
3.49,0,0,0.00188372,3979.17,-383.213,0,0,-0.188124,0,38784.4,2704.17
3.491,0,0,0.00169556,3972.87,-383.357,0,0,-0.188194,0,38697,2697.83
3.492,0,0,0.00150733,3966.6,-383.486,0,0,-0.188257,0,38609.9,2691.51
3.493,0,0,0.00131904,3960.37,-383.599,0,0,-0.188313,0,38523,2685.22
3.494,0,0,0.00113071,3954.17,-383.698,0,0,-0.188362,0,38436.4,2678.94
3.495,0,0,0.000942323,3948,-383.781,0,0,-0.188403,0,38350.1,2672.68
3.496,0,0,0.000753903,3941.86,-383.849,0,0,-0.188436,0,38264,2666.44
3.497,0,0,0.000565453,3935.76,-383.902,0,0,-0.188462,0,38178.1,2660.22
3.498,0,0,0.000376981,3929.69,-383.94,0,0,-0.188481,0,38092.6,2654.02
3.499,0,0,0.000188494,3923.65,-383.963,0,0,-0.188492,0,38007.3,2647.84
3.5,0,0,5.17177e-14,3917.65,-383.97,0,0,-0.188496,0,37922.3,2641.68
3.501,0,0,-0.000188494,3911.67,-383.963,0,0,-0.188492,0,37837.6,2635.54
3.502,0,0,-0.000376981,3905.73,-383.94,0,0,-0.188481,0,37753.1,2629.42
3.503,0,0,-0.000565453,3899.83,-383.902,0,0,-0.188462,0,37668.9,2623.32
3.504,0,0,-0.000753903,3893.95,-383.849,0,0,-0.188436,0,37585,2617.24
3.505,0,0,-0.000942323,3888.11,-383.781,0,0,-0.188403,0,37501.4,2611.18
3.506,0,0,-0.00113071,3882.31,-383.698,0,0,-0.188362,0,37418.1,2605.15
3.507,0,0,-0.00131904,3876.53,-383.599,0,0,-0.188313,0,37335.1,2599.13
3.508,0,0,-0.00150733,3870.79,-383.486,0,0,-0.188257,0,37252.3,2593.14
3.509,0,0,-0.00169556,3865.08,-383.357,0,0,-0.188194,0,37169.9,2587.17
3.51,0,0,-0.00188372,3859.41,-383.213,0,0,-0.188124,0,37087.7,2581.22
3.511,0,0,-0.0020718,3853.77,-383.054,0,0,-0.188046,0,37005.8,2575.29
3.512,0,0,-0.0022598,3848.16,-382.88,0,0,-0.18796,0,36924.2,2569.38
3.513,0,0,-0.00244772,3842.59,-382.691,0,0,-0.187867,0,36843,2563.5
3.514,0,0,-0.00263554,3837.05,-382.487,0,0,-0.187767,0,36762,2557.63
3.515,0,0,-0.00282325,3831.54,-382.267,0,0,-0.187659,0,36681.3,2551.79
3.516,0,0,-0.00301085,3826.07,-382.033,0,0,-0.187544,0,36600.9,2545.97
3.517,0,0,-0.00319833,3820.63,-381.783,0,0,-0.187421,0,36520.9,2540.18
3.518,0,0,-0.00338569,3815.22,-381.519,0,0,-0.187291,0,36441.1,2534.41
3.519,0,0,-0.00357291,3809.85,-381.239,0,0,-0.187154,0,36361.7,2528.65
3.52,0,0,-0.00376,3804.51,-380.945,0,0,-0.187009,0,36282.5,2522.93
3.521,0,0,-0.00394693,3799.21,-380.635,0,0,-0.186857,0,36203.7,2517.22
3.522,0,0,-0.00413371,3793.94,-380.31,0,0,-0.186698,0,36125.2,2511.54
3.523,0,0,-0.00432032,3788.7,-379.971,0,0,-0.186531,0,36047,2505.88
3.524,0,0,-0.00450677,3783.5,-379.616,0,0,-0.186356,0,35969.1,2500.25
3.525,0,0,-0.00469303,3778.33,-379.246,0,0,-0.186175,0,35891.5,2494.63
3.526,0,0,-0.00487911,3773.19,-378.862,0,0,-0.185986,0,35814.3,2489.05
3.527,0,0,-0.005065,3768.09,-378.462,0,0,-0.18579,0,35737.3,2483.48
3.528,0,0,-0.00525069,3763.02,-378.048,0,0,-0.185586,0,35660.7,2477.94
3.529,0,0,-0.00543617,3757.99,-377.618,0,0,-0.185375,0,35584.4,2472.42
3.53,0,0,-0.00562144,3752.99,-377.174,0,0,-0.185157,0,35508.5,2466.93
3.531,0,0,-0.00580648,3748.03,-376.715,0,0,-0.184931,0,35432.8,2461.46
3.532,0,0,-0.0059913,3743.09,-376.241,0,0,-0.184698,0,35357.5,2456.01
3.533,0,0,-0.00617588,3738.2,-375.752,0,0,-0.184458,0,35282.5,2450.59
3.534,0,0,-0.00636021,3733.33,-375.248,0,0,-0.184211,0,35207.9,2445.19
3.535,0,0,-0.0065443,3728.5,-374.73,0,0,-0.183956,0,35133.5,2439.81
3.536,0,0,-0.00672812,3723.71,-374.196,0,0,-0.183694,0,35059.5,2434.46
3.537,0,0,-0.00691168,3718.95,-373.648,0,0,-0.183425,0,34985.9,2429.14
3.538,0,0,-0.00709497,3714.22,-373.086,0,0,-0.183148,0,34912.5,2423.84
3.539,0,0,-0.00727798,3709.52,-372.508,0,0,-0.182865,0,34839.5,2418.56
3.54,0,0,-0.0074607,3704.87,-371.916,0,0,-0.182574,0,34766.9,2413.31
3.541,0,0,-0.00764312,3700.24,-371.309,0,0,-0.182275,0,34694.5,2408.08
3.542,0,0,-0.00782525,3695.65,-370.687,0,0,-0.18197,0,34622.6,2402.88
3.543,0,0,-0.00800706,3691.09,-370.051,0,0,-0.181658,0,34550.9,2397.7
3.544,0,0,-0.00818856,3686.57,-369.401,0,0,-0.181338,0,34479.6,2392.55
3.545,0,0,-0.00836973,3682.08,-368.735,0,0,-0.181011,0,34408.6,2387.42
3.546,0,0,-0.00855058,3677.62,-368.055,0,0,-0.180677,0,34338,2382.31
3.547,0,0,-0.00873109,3673.2,-367.361,0,0,-0.180336,0,34267.7,2377.23
3.548,0,0,-0.00891125,3668.82,-366.652,0,0,-0.179988,0,34197.7,2372.18
3.549,0,0,-0.00909106,3664.46,-365.929,0,0,-0.179632,0,34128.1,2367.15
3.55,0,0,-0.00927051,3660.15,-365.191,0,0,-0.17927,0,34058.8,2362.15
3.551,0,0,-0.0094496,3655.86,-364.439,0,0,-0.1789,0,33989.9,2357.17
3.552,0,0,-0.00962831,3651.61,-363.672,0,0,-0.178524,0,33921.3,2352.22
3.553,0,0,-0.00980664,3647.4,-362.891,0,0,-0.17814,0,33853.1,2347.29
3.554,0,0,-0.00998459,3643.21,-362.096,0,0,-0.17775,0,33785.2,2342.39
3.555,0,0,-0.0101621,3639.07,-361.287,0,0,-0.177352,0,33717.7,2337.51
3.556,0,0,-0.0103393,3634.95,-360.463,0,0,-0.176947,0,33650.5,2332.66
3.557,0,0,-0.010516,3630.87,-359.625,0,0,-0.176535,0,33583.6,2327.83
3.558,0,0,-0.0106924,3626.83,-358.773,0,0,-0.176117,0,33517.1,2323.03
3.559,0,0,-0.0108683,3622.81,-357.907,0,0,-0.175691,0,33451,2318.25
3.56,0,0,-0.0110437,3618.84,-357.026,0,0,-0.175259,0,33385.2,2313.5
3.561,0,0,-0.0112188,3614.89,-356.132,0,0,-0.174819,0,33319.7,2308.78
3.562,0,0,-0.0113934,3610.98,-355.223,0,0,-0.174373,0,33254.6,2304.08
3.563,0,0,-0.0115675,3607.11,-354.301,0,0,-0.17392,0,33189.9,2299.4
3.564,0,0,-0.0117412,3603.27,-353.364,0,0,-0.17346,0,33125.5,2294.76
3.565,0,0,-0.0119144,3599.46,-352.414,0,0,-0.172993,0,33061.4,2290.13
3.566,0,0,-0.0120872,3595.69,-351.449,0,0,-0.172519,0,32997.7,2285.54
3.567,0,0,-0.0122595,3591.95,-350.471,0,0,-0.172038,0,32934.4,2280.97
3.568,0,0,-0.0124313,3588.24,-349.479,0,0,-0.171551,0,32871.4,2276.42
3.569,0,0,-0.0126026,3584.57,-348.473,0,0,-0.171057,0,32808.8,2271.9
3.57,0,0,-0.0127734,3580.93,-347.453,0,0,-0.170556,0,32746.5,2267.41
3.571,0,0,-0.0129437,3577.33,-346.42,0,0,-0.170048,0,32684.5,2262.94
3.572,0,0,-0.0131135,3573.76,-345.373,0,0,-0.169534,0,32623,2258.5
3.573,0,0,-0.0132827,3570.22,-344.312,0,0,-0.169013,0,32561.8,2254.08
3.574,0,0,-0.0134515,3566.72,-343.238,0,0,-0.168485,0,32500.9,2249.69
3.575,0,0,-0.0136197,3563.25,-342.151,0,0,-0.167951,0,32440.4,2245.33
3.576,0,0,-0.0137874,3559.82,-341.049,0,0,-0.16741,0,32380.2,2240.99
3.577,0,0,-0.0139545,3556.42,-339.935,0,0,-0.166862,0,32320.4,2236.68
3.578,0,0,-0.0141211,3553.05,-338.807,0,0,-0.166308,0,32261,2232.39
3.579,0,0,-0.0142871,3549.72,-337.665,0,0,-0.165747,0,32201.9,2228.13
3.58,0,0,-0.0144526,3546.42,-336.51,0,0,-0.16518,0,32143.2,2223.89
3.581,0,0,-0.0146175,3543.15,-335.342,0,0,-0.164606,0,32084.8,2219.68
3.582,0,0,-0.0147818,3539.92,-334.161,0,0,-0.164026,0,32026.8,2215.5
3.583,0,0,-0.0149456,3536.72,-332.967,0,0,-0.163439,0,31969.1,2211.35
3.584,0,0,-0.0151087,3533.56,-331.759,0,0,-0.162846,0,31911.8,2207.21
3.585,0,0,-0.0152712,3530.43,-330.538,0,0,-0.162246,0,31854.9,2203.11
3.586,0,0,-0.0154332,3527.33,-329.305,0,0,-0.16164,0,31798.3,2199.03
3.587,0,0,-0.0155945,3524.27,-328.058,0,0,-0.161028,0,31742.1,2194.98
3.588,0,0,-0.0157552,3521.24,-326.798,0,0,-0.160409,0,31686.2,2190.95
3.589,0,0,-0.0159153,3518.25,-325.526,0,0,-0.159784,0,31630.7,2186.95
3.59,0,0,-0.0160748,3515.29,-324.241,0,0,-0.159152,0,31575.5,2182.97
3.591,0,0,-0.0162336,3512.36,-322.942,0,0,-0.158514,0,31520.7,2179.02
3.592,0,0,-0.0163918,3509.46,-321.631,0,0,-0.15787,0,31466.3,2175.1
3.593,0,0,-0.0165494,3506.6,-320.308,0,0,-0.15722,0,31412.2,2171.2
3.594,0,0,-0.0167063,3503.77,-318.972,0,0,-0.156564,0,31358.5,2167.33
3.595,0,0,-0.0168625,3500.98,-317.623,0,0,-0.155901,0,31305.1,2163.49
3.596,0,0,-0.0170181,3498.22,-316.262,0,0,-0.155232,0,31252.1,2159.67
3.597,0,0,-0.017173,3495.49,-314.888,0,0,-0.154557,0,31199.4,2155.88
3.598,0,0,-0.0173272,3492.8,-313.502,0,0,-0.153876,0,31147.1,2152.11
3.599,0,0,-0.0174807,3490.14,-312.103,0,0,-0.153189,0,31095.2,2148.37
3.6,0,0,-0.0176336,3487.51,-310.692,0,0,-0.152496,0,31043.6,2144.65
3.601,0,0,-0.0177857,3484.92,-309.269,0,0,-0.151797,0,30992.4,2140.96
3.602,0,0,-0.0179371,3482.36,-307.834,0,0,-0.151092,0,30941.5,2137.3
3.603,0,0,-0.0180879,3479.83,-306.386,0,0,-0.150381,0,30891,2133.66
3.604,0,0,-0.0182379,3477.34,-304.927,0,0,-0.149664,0,30840.9,2130.05
3.605,0,0,-0.0183872,3474.88,-303.455,0,0,-0.148941,0,30791.1,2126.47
3.606,0,0,-0.0185358,3472.46,-301.971,0,0,-0.148212,0,30741.7,2122.91
3.607,0,0,-0.0186836,3470.06,-300.476,0,0,-0.147477,0,30692.6,2119.37
3.608,0,0,-0.0188307,3467.7,-298.969,0,0,-0.146737,0,30643.9,2115.87
3.609,0,0,-0.0189771,3465.38,-297.45,0,0,-0.14599,0,30595.5,2112.38
3.61,0,0,-0.0191227,3463.08,-295.919,0,0,-0.145238,0,30547.5,2108.93
3.611,0,0,-0.0192676,3460.82,-294.376,0,0,-0.144481,0,30499.9,2105.5
3.612,0,0,-0.0194117,3458.6,-292.822,0,0,-0.143717,0,30452.6,2102.09
3.613,0,0,-0.019555,3456.4,-291.256,0,0,-0.142948,0,30405.6,2098.71
3.614,0,0,-0.0196976,3454.24,-289.679,0,0,-0.142173,0,30359.1,2095.36
3.615,0,0,-0.0198394,3452.11,-288.091,0,0,-0.141393,0,30312.8,2092.04
3.616,0,0,-0.0199804,3450.02,-286.491,0,0,-0.140607,0,30267,2088.73
3.617,0,0,-0.0201206,3447.96,-284.879,0,0,-0.139815,0,30221.5,2085.46
3.618,0,0,-0.02026,3445.93,-283.257,0,0,-0.139018,0,30176.3,2082.21
3.619,0,0,-0.0203986,3443.93,-281.623,0,0,-0.138215,0,30131.5,2078.99
3.62,0,0,-0.0205364,3441.97,-279.978,0,0,-0.137407,0,30087.1,2075.79
3.621,0,0,-0.0206734,3440.04,-278.323,0,0,-0.136594,0,30043,2072.62
3.622,0,0,-0.0208096,3438.15,-276.656,0,0,-0.135775,0,29999.3,2069.47
3.623,0,0,-0.020945,3436.28,-274.978,0,0,-0.134951,0,29955.9,2066.35
3.624,0,0,-0.0210795,3434.45,-273.29,0,0,-0.134121,0,29912.9,2063.25
3.625,0,0,-0.0212132,3432.66,-271.59,0,0,-0.133286,0,29870.2,2060.18
3.626,0,0,-0.0213461,3430.89,-269.88,0,0,-0.132446,0,29827.9,2057.14
3.627,0,0,-0.0214781,3429.16,-268.16,0,0,-0.131601,0,29785.9,2054.12
3.628,0,0,-0.0216093,3427.46,-266.428,0,0,-0.130751,0,29744.3,2051.13
3.629,0,0,-0.0217396,3425.79,-264.687,0,0,-0.129895,0,29703.1,2048.16
3.63,0,0,-0.0218691,3424.16,-262.934,0,0,-0.129034,0,29662.2,2045.22
3.631,0,0,-0.0219977,3422.56,-261.172,0,0,-0.128168,0,29621.6,2042.31
3.632,0,0,-0.0221254,3420.99,-259.399,0,0,-0.127297,0,29581.4,2039.41
3.633,0,0,-0.0222523,3419.46,-257.616,0,0,-0.126421,0,29541.6,2036.55
3.634,0,0,-0.0223782,3417.96,-255.823,0,0,-0.12554,0,29502.1,2033.71
3.635,0,0,-0.0225033,3416.49,-254.019,0,0,-0.124654,0,29463,2030.9
3.636,0,0,-0.0226275,3415.05,-252.206,0,0,-0.123763,0,29424.2,2028.11
3.637,0,0,-0.0227509,3413.65,-250.383,0,0,-0.122868,0,29385.8,2025.34
3.638,0,0,-0.0228733,3412.27,-248.55,0,0,-0.121967,0,29347.7,2022.61
3.639,0,0,-0.0229948,3410.94,-246.707,0,0,-0.121062,0,29310,2019.89
3.64,0,0,-0.0231154,3409.63,-244.854,0,0,-0.120152,0,29272.6,2017.21
3.641,0,0,-0.0232351,3408.36,-242.992,0,0,-0.119237,0,29235.6,2014.55
3.642,0,0,-0.0233539,3407.11,-241.12,0,0,-0.118317,0,29198.9,2011.91
3.643,0,0,-0.0234717,3405.91,-239.238,0,0,-0.117393,0,29162.6,2009.3
3.644,0,0,-0.0235887,3404.73,-237.347,0,0,-0.116464,0,29126.6,2006.71
3.645,0,0,-0.0237047,3403.59,-235.447,0,0,-0.11553,0,29091,2004.15
3.646,0,0,-0.0238197,3402.48,-233.537,0,0,-0.114592,0,29055.7,2001.62
3.647,0,0,-0.0239338,3401.4,-231.619,0,0,-0.11365,0,29020.8,1999.11
3.648,0,0,-0.024047,3400.35,-229.691,0,0,-0.112702,0,28986.2,1996.62
3.649,0,0,-0.0241592,3399.34,-227.754,0,0,-0.111751,0,28952,1994.16
3.65,0,0,-0.0242705,3398.36,-225.808,0,0,-0.110795,0,28918.1,1991.73
3.651,0,0,-0.0243808,3397.41,-223.853,0,0,-0.109835,0,28884.6,1989.32
3.652,0,0,-0.0244902,3396.49,-221.89,0,0,-0.10887,0,28851.4,1986.93
3.653,0,0,-0.0245986,3395.61,-219.917,0,0,-0.107901,0,28818.6,1984.58
3.654,0,0,-0.024706,3394.76,-217.936,0,0,-0.106928,0,28786.1,1982.24
3.655,0,0,-0.0248124,3393.94,-215.947,0,0,-0.10595,0,28754,1979.93
3.656,0,0,-0.0249179,3393.15,-213.948,0,0,-0.104969,0,28722.2,1977.65
3.657,0,0,-0.0250224,3392.39,-211.942,0,0,-0.103983,0,28690.7,1975.39
3.658,0,0,-0.0251258,3391.67,-209.927,0,0,-0.102993,0,28659.6,1973.15
3.659,0,0,-0.0252283,3390.98,-207.904,0,0,-0.101999,0,28628.9,1970.95
3.66,0,0,-0.0253298,3390.32,-205.872,0,0,-0.101001,0,28598.5,1968.76
3.661,0,0,-0.0254303,3389.7,-203.833,0,0,-0.099999,0,28568.4,1966.6
3.662,0,0,-0.0255298,3389.1,-201.785,0,0,-0.0989931,0,28538.7,1964.47
3.663,0,0,-0.0256283,3388.54,-199.73,0,0,-0.0979833,0,28509.3,1962.36
3.664,0,0,-0.0257258,3388.01,-197.666,0,0,-0.0969696,0,28480.3,1960.27
3.665,0,0,-0.0258223,3387.52,-195.595,0,0,-0.095952,0,28451.6,1958.21
3.666,0,0,-0.0259177,3387.05,-193.516,0,0,-0.0949307,0,28423.3,1956.18
3.667,0,0,-0.0260121,3386.62,-191.43,0,0,-0.0939057,0,28395.3,1954.17
3.668,0,0,-0.0261055,3386.22,-189.335,0,0,-0.0928769,0,28367.7,1952.18
3.669,0,0,-0.0261979,3385.85,-187.234,0,0,-0.0918445,0,28340.4,1950.22
3.67,0,0,-0.0262892,3385.52,-185.125,0,0,-0.0908084,0,28313.4,1948.28
3.671,0,0,-0.0263795,3385.21,-183.009,0,0,-0.0897688,0,28286.8,1946.37
3.672,0,0,-0.0264687,3384.94,-180.885,0,0,-0.0887256,0,28260.5,1944.49
3.673,0,0,-0.0265569,3384.7,-178.755,0,0,-0.0876789,0,28234.6,1942.62
3.674,0,0,-0.0266441,3384.49,-176.617,0,0,-0.0866288,0,28209,1940.79
3.675,0,0,-0.0267302,3384.32,-174.473,0,0,-0.0855752,0,28183.7,1938.97
3.676,0,0,-0.0268152,3384.17,-172.321,0,0,-0.0845182,0,28158.8,1937.18
3.677,0,0,-0.0268992,3384.06,-170.163,0,0,-0.083458,0,28134.3,1935.42
3.678,0,0,-0.0269822,3383.98,-167.998,0,0,-0.0823944,0,28110,1933.68
3.679,0,0,-0.027064,3383.93,-165.826,0,0,-0.0813275,0,28086.1,1931.97
3.68,0,0,-0.0271448,3383.92,-163.648,0,0,-0.0802575,0,28062.6,1930.27
3.681,0,0,-0.0272245,3383.93,-161.464,0,0,-0.0791843,0,28039.4,1928.61
3.682,0,0,-0.0273032,3383.98,-159.273,0,0,-0.078108,0,28016.5,1926.97
3.683,0,0,-0.0273807,3384.06,-157.076,0,0,-0.0770285,0,27994,1925.35
3.684,0,0,-0.0274572,3384.17,-154.872,0,0,-0.0759461,0,27971.8,1923.76
3.685,0,0,-0.0275326,3384.31,-152.663,0,0,-0.0748606,0,27950,1922.19
3.686,0,0,-0.027607,3384.49,-150.447,0,0,-0.0737722,0,27928.5,1920.65
3.687,0,0,-0.0276802,3384.7,-148.226,0,0,-0.0726809,0,27907.3,1919.13
3.688,0,0,-0.0277523,3384.94,-145.998,0,0,-0.0715867,0,27886.5,1917.63
3.689,0,0,-0.0278234,3385.21,-143.765,0,0,-0.0704896,0,27866,1916.16
3.69,0,0,-0.0278933,3385.51,-141.527,0,0,-0.0693898,0,27845.8,1914.71
3.691,0,0,-0.0279621,3385.85,-139.283,0,0,-0.0682873,0,27826,1913.29
3.692,0,0,-0.0280299,3386.21,-137.033,0,0,-0.0671821,0,27806.5,1911.89
3.693,0,0,-0.0280965,3386.61,-134.778,0,0,-0.0660742,0,27787.4,1910.52
3.694,0,0,-0.028162,3387.04,-132.517,0,0,-0.0649637,0,27768.6,1909.17
3.695,0,0,-0.0282264,3387.5,-130.251,0,0,-0.0638506,0,27750.1,1907.84
3.696,0,0,-0.0282897,3388,-127.981,0,0,-0.062735,0,27732,1906.54
3.697,0,0,-0.0283519,3388.52,-125.705,0,0,-0.0616169,0,27714.2,1905.27
3.698,0,0,-0.0284129,3389.08,-123.424,0,0,-0.0604964,0,27696.8,1904.01
3.699,0,0,-0.0284729,3389.67,-121.138,0,0,-0.0593736,0,27679.6,1902.79
3.7,0,0,-0.0285317,3390.29,-118.848,0,0,-0.0582483,0,27662.9,1901.58
3.701,0,0,-0.0285894,3390.94,-116.553,0,0,-0.0571208,0,27646.4,1900.4
3.702,0,0,-0.0286459,3391.63,-114.253,0,0,-0.055991,0,27630.3,1899.24
3.703,0,0,-0.0287014,3392.35,-111.949,0,0,-0.054859,0,27614.5,1898.11
3.704,0,0,-0.0287557,3393.09,-109.64,0,0,-0.0537249,0,27599.1,1897
3.705,0,0,-0.0288088,3393.87,-107.327,0,0,-0.0525886,0,27584,1895.92
3.706,0,0,-0.0288608,3394.68,-105.01,0,0,-0.0514502,0,27569.2,1894.86
3.707,0,0,-0.0289117,3395.53,-102.689,0,0,-0.0503098,0,27554.8,1893.82
3.708,0,0,-0.0289614,3396.4,-100.363,0,0,-0.0491675,0,27540.7,1892.81
3.709,0,0,-0.02901,3397.31,-98.0342,0,0,-0.0480232,0,27526.9,1891.82
3.71,0,0,-0.0290575,3398.25,-95.7011,0,0,-0.0468769,0,27513.5,1890.86
3.711,0,0,-0.0291038,3399.22,-93.3641,0,0,-0.0457289,0,27500.4,1889.92
3.712,0,0,-0.029149,3400.22,-91.0236,0,0,-0.044579,0,27487.6,1889
3.713,0,0,-0.029193,3401.25,-88.6794,0,0,-0.0434274,0,27475.2,1888.11
3.714,0,0,-0.0292358,3402.32,-86.3317,0,0,-0.042274,0,27463.1,1887.24
3.715,0,0,-0.0292775,3403.41,-83.9807,0,0,-0.041119,0,27451.3,1886.4
3.716,0,0,-0.029318,3404.54,-81.6263,0,0,-0.0399624,0,27439.9,1885.58
3.717,0,0,-0.0293574,3405.7,-79.2687,0,0,-0.0388042,0,27428.8,1884.78
3.718,0,0,-0.0293957,3406.89,-76.908,0,0,-0.0376444,0,27418,1884.01
3.719,0,0,-0.0294327,3408.12,-74.5443,0,0,-0.0364832,0,27407.5,1883.26
3.72,0,0,-0.0294686,3409.37,-72.1777,0,0,-0.0353205,0,27397.4,1882.54
3.721,0,0,-0.0295034,3410.66,-69.8082,0,0,-0.0341565,0,27387.7,1881.84
3.722,0,0,-0.0295369,3411.97,-67.4359,0,0,-0.0329911,0,27378.2,1881.16
3.723,0,0,-0.0295693,3413.32,-65.0611,0,0,-0.0318244,0,27369.1,1880.51
3.724,0,0,-0.0296006,3414.71,-62.6836,0,0,-0.0306564,0,27360.4,1879.88
3.725,0,0,-0.0296307,3416.12,-60.3037,0,0,-0.0294872,0,27351.9,1879.27
3.726,0,0,-0.0296596,3417.56,-57.9214,0,0,-0.0283169,0,27343.8,1878.69
3.727,0,0,-0.0296873,3419.04,-55.5369,0,0,-0.0271454,0,27336,1878.13
3.728,0,0,-0.0297138,3420.55,-53.1502,0,0,-0.0259729,0,27328.6,1877.6
3.729,0,0,-0.0297392,3422.08,-50.7613,0,0,-0.0247993,0,27321.5,1877.09
3.73,0,0,-0.0297634,3423.66,-48.3705,0,0,-0.0236248,0,27314.7,1876.6
3.731,0,0,-0.0297865,3425.26,-45.9778,0,0,-0.0224493,0,27308.2,1876.14
3.732,0,0,-0.0298083,3426.89,-43.5833,0,0,-0.0212729,0,27302.1,1875.7
3.733,0,0,-0.029829,3428.56,-41.1871,0,0,-0.0200957,0,27296.3,1875.28
3.734,0,0,-0.0298485,3430.25,-38.7892,0,0,-0.0189177,0,27290.9,1874.89
3.735,0,0,-0.0298669,3431.98,-36.3899,0,0,-0.017739,0,27285.8,1874.53
3.736,0,0,-0.029884,3433.74,-33.9891,0,0,-0.0165596,0,27281,1874.18
3.737,0,0,-0.0299,3435.53,-31.587,0,0,-0.0153795,0,27276.5,1873.86
3.738,0,0,-0.0299148,3437.36,-29.1836,0,0,-0.0141988,0,27272.4,1873.56
3.739,0,0,-0.0299284,3439.21,-26.7791,0,0,-0.0130175,0,27268.6,1873.29
3.74,0,0,-0.0299408,3441.1,-24.3736,0,0,-0.0118357,0,27265.1,1873.04
3.741,0,0,-0.029952,3443.01,-21.9671,0,0,-0.0106535,0,27261.9,1872.82
3.742,0,0,-0.0299621,3444.96,-19.5598,0,0,-0.00947083,0,27259.1,1872.62
3.743,0,0,-0.029971,3446.94,-17.1517,0,0,-0.0082878,0,27256.7,1872.44
3.744,0,0,-0.0299787,3448.96,-14.7429,0,0,-0.00710443,0,27254.5,1872.28
3.745,0,0,-0.0299852,3451,-12.3335,0,0,-0.00592079,0,27252.7,1872.15
3.746,0,0,-0.0299905,3453.07,-9.92373,0,0,-0.00473691,0,27251.2,1872.05
3.747,0,0,-0.0299947,3455.18,-7.51353,0,0,-0.00355285,0,27250,1871.96
3.748,0,0,-0.0299976,3457.32,-5.10305,0,0,-0.00236864,0,27249.2,1871.91
3.749,0,0,-0.0299994,3459.49,-2.69237,0,0,-0.00118434,0,27248.7,1871.87
3.75,0,0,-0.03,3461.69,-7.28948e-10,0,0,-3.58112e-13,0,27248.6,1871.86
3.751,0,0,-0.0299994,3463.92,2.69237,0,0,0.00118434,0,27248.7,1871.87
3.752,0,0,-0.0299976,3466.19,5.10305,0,0,0.00236864,0,27249.2,1871.91
3.753,0,0,-0.0299947,3468.48,7.51353,0,0,0.00355285,0,27250,1871.96
3.754,0,0,-0.0299905,3470.81,9.92373,0,0,0.00473691,0,27251.2,1872.05
3.755,0,0,-0.0299852,3473.17,12.3335,0,0,0.00592079,0,27252.7,1872.15
3.756,0,0,-0.0299787,3475.56,14.7429,0,0,0.00710443,0,27254.5,1872.28
3.757,0,0,-0.029971,3477.98,17.1517,0,0,0.0082878,0,27256.7,1872.44
3.758,0,0,-0.0299621,3480.43,19.5598,0,0,0.00947083,0,27259.1,1872.62
3.759,0,0,-0.029952,3482.92,21.9671,0,0,0.0106535,0,27261.9,1872.82
3.76,0,0,-0.0299408,3485.43,24.3736,0,0,0.0118357,0,27265.1,1873.04
3.761,0,0,-0.0299284,3487.98,26.7791,0,0,0.0130175,0,27268.6,1873.29
3.762,0,0,-0.0299148,3490.56,29.1836,0,0,0.0141988,0,27272.4,1873.56
3.763,0,0,-0.0299,3493.17,31.587,0,0,0.0153795,0,27276.5,1873.86
3.764,0,0,-0.029884,3495.81,33.9891,0,0,0.0165596,0,27281,1874.18
3.765,0,0,-0.0298669,3498.49,36.3899,0,0,0.017739,0,27285.8,1874.53
3.766,0,0,-0.0298485,3501.19,38.7892,0,0,0.0189177,0,27290.9,1874.89
3.767,0,0,-0.029829,3503.93,41.1871,0,0,0.0200957,0,27296.3,1875.28
3.768,0,0,-0.0298083,3506.69,43.5833,0,0,0.0212729,0,27302.1,1875.7
3.769,0,0,-0.0297865,3509.49,45.9778,0,0,0.0224493,0,27308.2,1876.14
3.77,0,0,-0.0297634,3512.32,48.3705,0,0,0.0236248,0,27314.7,1876.6
3.771,0,0,-0.0297392,3515.19,50.7613,0,0,0.0247993,0,27321.5,1877.09
3.772,0,0,-0.0297138,3518.08,53.1502,0,0,0.0259729,0,27328.6,1877.6
3.773,0,0,-0.0296873,3521,55.5369,0,0,0.0271454,0,27336,1878.13
3.774,0,0,-0.0296596,3523.96,57.9214,0,0,0.0283169,0,27343.8,1878.69
3.775,0,0,-0.0296307,3526.95,60.3037,0,0,0.0294872,0,27351.9,1879.27
3.776,0,0,-0.0296006,3529.97,62.6836,0,0,0.0306564,0,27360.4,1879.88
3.777,0,0,-0.0295693,3533.02,65.0611,0,0,0.0318244,0,27369.1,1880.51
3.778,0,0,-0.0295369,3536.1,67.4359,0,0,0.0329911,0,27378.2,1881.16
3.779,0,0,-0.0295034,3539.21,69.8082,0,0,0.0341565,0,27387.7,1881.84
3.78,0,0,-0.0294686,3542.36,72.1777,0,0,0.0353205,0,27397.4,1882.54
3.781,0,0,-0.0294327,3545.53,74.5443,0,0,0.0364832,0,27407.5,1883.26
3.782,0,0,-0.0293957,3548.74,76.908,0,0,0.0376444,0,27418,1884.01
3.783,0,0,-0.0293574,3551.98,79.2687,0,0,0.0388042,0,27428.8,1884.78
3.784,0,0,-0.029318,3555.25,81.6263,0,0,0.0399624,0,27439.9,1885.58
3.785,0,0,-0.0292775,3558.55,83.9807,0,0,0.041119,0,27451.3,1886.4
3.786,0,0,-0.0292358,3561.88,86.3317,0,0,0.042274,0,27463.1,1887.24
3.787,0,0,-0.029193,3565.24,88.6794,0,0,0.0434274,0,27475.2,1888.11
3.788,0,0,-0.029149,3568.64,91.0236,0,0,0.044579,0,27487.6,1889
3.789,0,0,-0.0291038,3572.07,93.3641,0,0,0.0457289,0,27500.4,1889.92
3.79,0,0,-0.0290575,3575.52,95.7011,0,0,0.0468769,0,27513.5,1890.86
3.791,0,0,-0.02901,3579.01,98.0342,0,0,0.0480232,0,27526.9,1891.82
3.792,0,0,-0.0289614,3582.53,100.363,0,0,0.0491675,0,27540.7,1892.81
3.793,0,0,-0.0289117,3586.08,102.689,0,0,0.0503098,0,27554.8,1893.82
3.794,0,0,-0.0288608,3589.67,105.01,0,0,0.0514502,0,27569.2,1894.86
3.795,0,0,-0.0288088,3593.28,107.327,0,0,0.0525886,0,27584,1895.92
3.796,0,0,-0.0287557,3596.93,109.64,0,0,0.0537249,0,27599.1,1897
3.797,0,0,-0.0287014,3600.6,111.949,0,0,0.054859,0,27614.5,1898.11
3.798,0,0,-0.0286459,3604.31,114.253,0,0,0.055991,0,27630.3,1899.24
3.799,0,0,-0.0285894,3608.05,116.553,0,0,0.0571208,0,27646.4,1900.4
3.8,0,0,-0.0285317,3611.82,118.848,0,0,0.0582483,0,27662.9,1901.58
3.801,0,0,-0.0284729,3615.62,121.138,0,0,0.0593736,0,27679.6,1902.79
3.802,0,0,-0.0284129,3619.45,123.424,0,0,0.0604964,0,27696.8,1904.01
3.803,0,0,-0.0283519,3623.32,125.705,0,0,0.0616169,0,27714.2,1905.27
3.804,0,0,-0.0282897,3627.21,127.981,0,0,0.062735,0,27732,1906.54
3.805,0,0,-0.0282264,3631.14,130.251,0,0,0.0638506,0,27750.1,1907.84
3.806,0,0,-0.028162,3635.1,132.517,0,0,0.0649637,0,27768.6,1909.17
3.807,0,0,-0.0280965,3639.08,134.778,0,0,0.0660742,0,27787.4,1910.52
3.808,0,0,-0.0280299,3643.1,137.033,0,0,0.0671821,0,27806.5,1911.89
3.809,0,0,-0.0279621,3647.15,139.283,0,0,0.0682873,0,27826,1913.29
3.81,0,0,-0.0278933,3651.23,141.527,0,0,0.0693898,0,27845.8,1914.71
3.811,0,0,-0.0278234,3655.35,143.765,0,0,0.0704896,0,27866,1916.16
3.812,0,0,-0.0277523,3659.49,145.998,0,0,0.0715867,0,27886.5,1917.63
3.813,0,0,-0.0276802,3663.67,148.226,0,0,0.0726809,0,27907.3,1919.13
3.814,0,0,-0.027607,3667.87,150.447,0,0,0.0737722,0,27928.5,1920.65
3.815,0,0,-0.0275326,3672.11,152.663,0,0,0.0748606,0,27950,1922.19
3.816,0,0,-0.0274572,3676.37,154.872,0,0,0.0759461,0,27971.8,1923.76
3.817,0,0,-0.0273807,3680.67,157.076,0,0,0.0770285,0,27994,1925.35
3.818,0,0,-0.0273032,3685,159.273,0,0,0.078108,0,28016.5,1926.97
3.819,0,0,-0.0272245,3689.36,161.464,0,0,0.0791843,0,28039.4,1928.61
3.82,0,0,-0.0271448,3693.75,163.648,0,0,0.0802575,0,28062.6,1930.27
3.821,0,0,-0.027064,3698.18,165.826,0,0,0.0813275,0,28086.1,1931.97
3.822,0,0,-0.0269822,3702.63,167.998,0,0,0.0823944,0,28110,1933.68
3.823,0,0,-0.0268992,3707.11,170.163,0,0,0.083458,0,28134.3,1935.42
3.824,0,0,-0.0268152,3711.63,172.321,0,0,0.0845182,0,28158.8,1937.18
3.825,0,0,-0.0267302,3716.17,174.473,0,0,0.0855752,0,28183.7,1938.97
3.826,0,0,-0.0266441,3720.75,176.617,0,0,0.0866288,0,28209,1940.79
3.827,0,0,-0.0265569,3725.35,178.755,0,0,0.0876789,0,28234.6,1942.62
3.828,0,0,-0.0264687,3729.99,180.885,0,0,0.0887256,0,28260.5,1944.49
3.829,0,0,-0.0263795,3734.66,183.009,0,0,0.0897688,0,28286.8,1946.37
3.83,0,0,-0.0262892,3739.36,185.125,0,0,0.0908084,0,28313.4,1948.28
3.831,0,0,-0.0261979,3744.09,187.234,0,0,0.0918445,0,28340.4,1950.22
3.832,0,0,-0.0261055,3748.84,189.335,0,0,0.0928769,0,28367.7,1952.18
3.833,0,0,-0.0260121,3753.63,191.43,0,0,0.0939057,0,28395.3,1954.17
3.834,0,0,-0.0259177,3758.46,193.516,0,0,0.0949307,0,28423.3,1956.18
3.835,0,0,-0.0258223,3763.31,195.595,0,0,0.095952,0,28451.6,1958.21
3.836,0,0,-0.0257258,3768.19,197.666,0,0,0.0969696,0,28480.3,1960.27
3.837,0,0,-0.0256283,3773.1,199.73,0,0,0.0979833,0,28509.3,1962.36
3.838,0,0,-0.0255298,3778.04,201.785,0,0,0.0989931,0,28538.7,1964.47
3.839,0,0,-0.0254303,3783.01,203.833,0,0,0.099999,0,28568.4,1966.6
3.84,0,0,-0.0253298,3788.02,205.872,0,0,0.101001,0,28598.5,1968.76
3.841,0,0,-0.0252283,3793.05,207.904,0,0,0.101999,0,28628.9,1970.95
3.842,0,0,-0.0251258,3798.11,209.927,0,0,0.102993,0,28659.6,1973.15
3.843,0,0,-0.0250224,3803.21,211.942,0,0,0.103983,0,28690.7,1975.39
3.844,0,0,-0.0249179,3808.33,213.948,0,0,0.104969,0,28722.2,1977.65
3.845,0,0,-0.0248124,3813.48,215.947,0,0,0.10595,0,28754,1979.93
3.846,0,0,-0.024706,3818.67,217.936,0,0,0.106928,0,28786.1,1982.24
3.847,0,0,-0.0245986,3823.88,219.917,0,0,0.107901,0,28818.6,1984.58
3.848,0,0,-0.0244902,3829.13,221.89,0,0,0.10887,0,28851.4,1986.93
3.849,0,0,-0.0243808,3834.4,223.853,0,0,0.109835,0,28884.6,1989.32
3.85,0,0,-0.0242705,3839.7,225.808,0,0,0.110795,0,28918.1,1991.73
3.851,0,0,-0.0241592,3845.04,227.754,0,0,0.111751,0,28952,1994.16
3.852,0,0,-0.024047,3850.4,229.691,0,0,0.112702,0,28986.2,1996.62
3.853,0,0,-0.0239338,3855.79,231.619,0,0,0.11365,0,29020.8,1999.11
3.854,0,0,-0.0238197,3861.21,233.537,0,0,0.114592,0,29055.7,2001.62
3.855,0,0,-0.0237047,3866.67,235.447,0,0,0.11553,0,29091,2004.15
3.856,0,0,-0.0235887,3872.15,237.347,0,0,0.116464,0,29126.6,2006.71
3.857,0,0,-0.0234717,3877.66,239.238,0,0,0.117393,0,29162.6,2009.3
3.858,0,0,-0.0233539,3883.2,241.12,0,0,0.118317,0,29198.9,2011.91
3.859,0,0,-0.0232351,3888.77,242.992,0,0,0.119237,0,29235.6,2014.55
3.86,0,0,-0.0231154,3894.37,244.854,0,0,0.120152,0,29272.6,2017.21
3.861,0,0,-0.0229948,3900,246.707,0,0,0.121062,0,29310,2019.89
3.862,0,0,-0.0228733,3905.66,248.55,0,0,0.121967,0,29347.7,2022.61
3.863,0,0,-0.0227509,3911.34,250.383,0,0,0.122868,0,29385.8,2025.34
3.864,0,0,-0.0226275,3917.06,252.206,0,0,0.123763,0,29424.2,2028.11
3.865,0,0,-0.0225033,3922.81,254.019,0,0,0.124654,0,29463,2030.9
3.866,0,0,-0.0223782,3928.58,255.823,0,0,0.12554,0,29502.1,2033.71
3.867,0,0,-0.0222523,3934.38,257.616,0,0,0.126421,0,29541.6,2036.55
3.868,0,0,-0.0221254,3940.22,259.399,0,0,0.127297,0,29581.4,2039.41
3.869,0,0,-0.0219977,3946.08,261.172,0,0,0.128168,0,29621.6,2042.31
3.87,0,0,-0.0218691,3951.97,262.934,0,0,0.129034,0,29662.2,2045.22
3.871,0,0,-0.0217396,3957.89,264.687,0,0,0.129895,0,29703.1,2048.16
3.872,0,0,-0.0216093,3963.83,266.428,0,0,0.130751,0,29744.3,2051.13
3.873,0,0,-0.0214781,3969.81,268.16,0,0,0.131601,0,29785.9,2054.12
3.874,0,0,-0.0213461,3975.81,269.88,0,0,0.132446,0,29827.9,2057.14
3.875,0,0,-0.0212132,3981.84,271.59,0,0,0.133286,0,29870.2,2060.18
3.876,0,0,-0.0210795,3987.91,273.29,0,0,0.134121,0,29912.9,2063.25
3.877,0,0,-0.020945,3993.99,274.978,0,0,0.134951,0,29955.9,2066.35
3.878,0,0,-0.0208096,4000.11,276.656,0,0,0.135775,0,29999.3,2069.47
3.879,0,0,-0.0206734,4006.26,278.323,0,0,0.136594,0,30043,2072.62
3.88,0,0,-0.0205364,4012.43,279.978,0,0,0.137407,0,30087.1,2075.79
3.881,0,0,-0.0203986,4018.63,281.623,0,0,0.138215,0,30131.5,2078.99
3.882,0,0,-0.02026,4024.86,283.257,0,0,0.139018,0,30176.3,2082.21
3.883,0,0,-0.0201206,4031.11,284.879,0,0,0.139815,0,30221.5,2085.46
3.884,0,0,-0.0199804,4037.4,286.491,0,0,0.140607,0,30267,2088.73
3.885,0,0,-0.0198394,4043.71,288.091,0,0,0.141393,0,30312.8,2092.04
3.886,0,0,-0.0196976,4050.05,289.679,0,0,0.142173,0,30359.1,2095.36
3.887,0,0,-0.019555,4056.42,291.256,0,0,0.142948,0,30405.6,2098.71
3.888,0,0,-0.0194117,4062.81,292.822,0,0,0.143717,0,30452.6,2102.09
3.889,0,0,-0.0192676,4069.23,294.376,0,0,0.144481,0,30499.9,2105.5
3.89,0,0,-0.0191227,4075.68,295.919,0,0,0.145238,0,30547.5,2108.93
3.891,0,0,-0.0189771,4082.15,297.45,0,0,0.14599,0,30595.5,2112.38
3.892,0,0,-0.0188307,4088.65,298.969,0,0,0.146737,0,30643.9,2115.87
3.893,0,0,-0.0186836,4095.18,300.476,0,0,0.147477,0,30692.6,2119.37
3.894,0,0,-0.0185358,4101.74,301.971,0,0,0.148212,0,30741.7,2122.91
3.895,0,0,-0.0183872,4108.32,303.455,0,0,0.148941,0,30791.1,2126.47
3.896,0,0,-0.0182379,4114.92,304.927,0,0,0.149664,0,30840.9,2130.05
3.897,0,0,-0.0180879,4121.56,306.386,0,0,0.150381,0,30891,2133.66
3.898,0,0,-0.0179371,4128.22,307.834,0,0,0.151092,0,30941.5,2137.3
3.899,0,0,-0.0177857,4134.9,309.269,0,0,0.151797,0,30992.4,2140.96
3.9,0,0,-0.0176336,4141.62,310.692,0,0,0.152496,0,31043.6,2144.65
3.901,0,0,-0.0174807,4148.35,312.103,0,0,0.153189,0,31095.2,2148.37
3.902,0,0,-0.0173272,4155.12,313.502,0,0,0.153876,0,31147.1,2152.11
3.903,0,0,-0.017173,4161.91,314.888,0,0,0.154557,0,31199.4,2155.88
3.904,0,0,-0.0170181,4168.72,316.262,0,0,0.155232,0,31252.1,2159.67
3.905,0,0,-0.0168625,4175.56,317.623,0,0,0.155901,0,31305.1,2163.49
3.906,0,0,-0.0167063,4182.43,318.972,0,0,0.156564,0,31358.5,2167.33
3.907,0,0,-0.0165494,4189.32,320.308,0,0,0.15722,0,31412.2,2171.2
3.908,0,0,-0.0163918,4196.23,321.631,0,0,0.15787,0,31466.3,2175.1
3.909,0,0,-0.0162336,4203.17,322.942,0,0,0.158514,0,31520.7,2179.02
3.91,0,0,-0.0160748,4210.14,324.241,0,0,0.159152,0,31575.5,2182.97
3.911,0,0,-0.0159153,4217.12,325.526,0,0,0.159784,0,31630.7,2186.95
3.912,0,0,-0.0157552,4224.14,326.798,0,0,0.160409,0,31686.2,2190.95
3.913,0,0,-0.0155945,4231.18,328.058,0,0,0.161028,0,31742.1,2194.98
3.914,0,0,-0.0154332,4238.24,329.305,0,0,0.16164,0,31798.3,2199.03
3.915,0,0,-0.0152712,4245.32,330.538,0,0,0.162246,0,31854.9,2203.11
3.916,0,0,-0.0151087,4252.43,331.759,0,0,0.162846,0,31911.8,2207.21
3.917,0,0,-0.0149456,4259.56,332.967,0,0,0.163439,0,31969.1,2211.35
3.918,0,0,-0.0147818,4266.72,334.161,0,0,0.164026,0,32026.8,2215.5
3.919,0,0,-0.0146175,4273.9,335.342,0,0,0.164606,0,32084.8,2219.68
3.92,0,0,-0.0144526,4281.1,336.51,0,0,0.16518,0,32143.2,2223.89
3.921,0,0,-0.0142871,4288.33,337.665,0,0,0.165747,0,32201.9,2228.13
3.922,0,0,-0.0141211,4295.58,338.807,0,0,0.166308,0,32261,2232.39
3.923,0,0,-0.0139545,4302.85,339.935,0,0,0.166862,0,32320.4,2236.68
3.924,0,0,-0.0137874,4310.14,341.049,0,0,0.16741,0,32380.2,2240.99
3.925,0,0,-0.0136197,4317.46,342.151,0,0,0.167951,0,32440.4,2245.33
3.926,0,0,-0.0134515,4324.8,343.238,0,0,0.168485,0,32500.9,2249.69
3.927,0,0,-0.0132827,4332.16,344.312,0,0,0.169013,0,32561.8,2254.08
3.928,0,0,-0.0131135,4339.54,345.373,0,0,0.169534,0,32623,2258.5
3.929,0,0,-0.0129437,4346.95,346.42,0,0,0.170048,0,32684.5,2262.94
3.93,0,0,-0.0127734,4354.37,347.453,0,0,0.170556,0,32746.5,2267.41
3.931,0,0,-0.0126026,4361.82,348.473,0,0,0.171057,0,32808.8,2271.9
3.932,0,0,-0.0124313,4369.28,349.479,0,0,0.171551,0,32871.4,2276.42
3.933,0,0,-0.0122595,4376.77,350.471,0,0,0.172038,0,32934.4,2280.97
3.934,0,0,-0.0120872,4384.28,351.449,0,0,0.172519,0,32997.7,2285.54
3.935,0,0,-0.0119144,4391.81,352.414,0,0,0.172993,0,33061.4,2290.13
3.936,0,0,-0.0117412,4399.36,353.364,0,0,0.17346,0,33125.5,2294.76
3.937,0,0,-0.0115675,4406.93,354.301,0,0,0.17392,0,33189.9,2299.4
3.938,0,0,-0.0113934,4414.52,355.223,0,0,0.174373,0,33254.6,2304.08
3.939,0,0,-0.0112188,4422.13,356.132,0,0,0.174819,0,33319.7,2308.78
3.94,0,0,-0.0110437,4429.76,357.026,0,0,0.175259,0,33385.2,2313.5
3.941,0,0,-0.0108683,4437.41,357.907,0,0,0.175691,0,33451,2318.25
3.942,0,0,-0.0106924,4445.07,358.773,0,0,0.176117,0,33517.1,2323.03
3.943,0,0,-0.010516,4452.76,359.625,0,0,0.176535,0,33583.6,2327.83
3.944,0,0,-0.0103393,4460.46,360.463,0,0,0.176947,0,33650.5,2332.66
3.945,0,0,-0.0101621,4468.19,361.287,0,0,0.177352,0,33717.7,2337.51
3.946,0,0,-0.00998459,4475.93,362.096,0,0,0.17775,0,33785.2,2342.39
3.947,0,0,-0.00980664,4483.69,362.891,0,0,0.17814,0,33853.1,2347.29
3.948,0,0,-0.00962831,4491.46,363.672,0,0,0.178524,0,33921.3,2352.22
3.949,0,0,-0.0094496,4499.26,364.439,0,0,0.1789,0,33989.9,2357.17
3.95,0,0,-0.00927051,4507.07,365.191,0,0,0.17927,0,34058.8,2362.15
3.951,0,0,-0.00909106,4514.9,365.929,0,0,0.179632,0,34128.1,2367.15
3.952,0,0,-0.00891125,4522.74,366.652,0,0,0.179988,0,34197.7,2372.18
3.953,0,0,-0.00873109,4530.61,367.361,0,0,0.180336,0,34267.7,2377.23
3.954,0,0,-0.00855058,4538.48,368.055,0,0,0.180677,0,34338,2382.31
3.955,0,0,-0.00836973,4546.38,368.735,0,0,0.181011,0,34408.6,2387.42
3.956,0,0,-0.00818856,4554.29,369.401,0,0,0.181338,0,34479.6,2392.55
3.957,0,0,-0.00800706,4562.21,370.051,0,0,0.181658,0,34550.9,2397.7
3.958,0,0,-0.00782525,4570.15,370.687,0,0,0.18197,0,34622.6,2402.88
3.959,0,0,-0.00764312,4578.11,371.309,0,0,0.182275,0,34694.5,2408.08
3.96,0,0,-0.0074607,4586.08,371.916,0,0,0.182574,0,34766.9,2413.31
3.961,0,0,-0.00727798,4594.06,372.508,0,0,0.182865,0,34839.5,2418.56
3.962,0,0,-0.00709497,4602.06,373.086,0,0,0.183148,0,34912.5,2423.84
3.963,0,0,-0.00691168,4610.07,373.648,0,0,0.183425,0,34985.9,2429.14
3.964,0,0,-0.00672812,4618.1,374.196,0,0,0.183694,0,35059.5,2434.46
3.965,0,0,-0.0065443,4626.14,374.73,0,0,0.183956,0,35133.5,2439.81
3.966,0,0,-0.00636021,4634.19,375.248,0,0,0.184211,0,35207.9,2445.19
3.967,0,0,-0.00617588,4642.26,375.752,0,0,0.184458,0,35282.5,2450.59
3.968,0,0,-0.0059913,4650.34,376.241,0,0,0.184698,0,35357.5,2456.01
3.969,0,0,-0.00580648,4658.43,376.715,0,0,0.184931,0,35432.8,2461.46
3.97,0,0,-0.00562144,4666.53,377.174,0,0,0.185157,0,35508.5,2466.93
3.971,0,0,-0.00543617,4674.64,377.618,0,0,0.185375,0,35584.4,2472.42
3.972,0,0,-0.00525069,4682.77,378.048,0,0,0.185586,0,35660.7,2477.94
3.973,0,0,-0.005065,4690.9,378.462,0,0,0.18579,0,35737.3,2483.48
3.974,0,0,-0.00487911,4699.05,378.862,0,0,0.185986,0,35814.3,2489.05
3.975,0,0,-0.00469303,4707.21,379.246,0,0,0.186175,0,35891.5,2494.63
3.976,0,0,-0.00450677,4715.37,379.616,0,0,0.186356,0,35969.1,2500.25
3.977,0,0,-0.00432032,4723.55,379.971,0,0,0.186531,0,36047,2505.88
3.978,0,0,-0.00413371,4731.74,380.31,0,0,0.186698,0,36125.2,2511.54
3.979,0,0,-0.00394693,4739.93,380.635,0,0,0.186857,0,36203.7,2517.22
3.98,0,0,-0.00376,4748.14,380.945,0,0,0.187009,0,36282.5,2522.93
3.981,0,0,-0.00357291,4756.35,381.239,0,0,0.187154,0,36361.7,2528.65
3.982,0,0,-0.00338569,4764.57,381.519,0,0,0.187291,0,36441.1,2534.41
3.983,0,0,-0.00319833,4772.8,381.783,0,0,0.187421,0,36520.9,2540.18
3.984,0,0,-0.00301085,4781.03,382.033,0,0,0.187544,0,36600.9,2545.97
3.985,0,0,-0.00282325,4789.28,382.267,0,0,0.187659,0,36681.3,2551.79
3.986,0,0,-0.00263554,4797.53,382.487,0,0,0.187767,0,36762,2557.63
3.987,0,0,-0.00244772,4805.78,382.691,0,0,0.187867,0,36843,2563.5
3.988,0,0,-0.0022598,4814.04,382.88,0,0,0.18796,0,36924.2,2569.38
3.989,0,0,-0.0020718,4822.31,383.054,0,0,0.188046,0,37005.8,2575.29
3.99,0,0,-0.00188372,4830.59,383.213,0,0,0.188124,0,37087.7,2581.22
3.991,0,0,-0.00169556,4838.86,383.357,0,0,0.188194,0,37169.9,2587.17
3.992,0,0,-0.00150733,4847.15,383.486,0,0,0.188257,0,37252.3,2593.14
3.993,0,0,-0.00131904,4855.44,383.599,0,0,0.188313,0,37335.1,2599.13
3.994,0,0,-0.00113071,4863.73,383.698,0,0,0.188362,0,37418.1,2605.15
3.995,0,0,-0.000942323,4872.02,383.781,0,0,0.188403,0,37501.4,2611.18
3.996,0,0,-0.000753903,4880.32,383.849,0,0,0.188436,0,37585,2617.24
3.997,0,0,-0.000565453,4888.62,383.902,0,0,0.188462,0,37668.9,2623.32
3.998,0,0,-0.000376981,4896.92,383.94,0,0,0.188481,0,37753.1,2629.42
3.999,0,0,-0.000188494,4905.23,383.963,0,0,0.188492,0,37837.6,2635.54
4,0,0,-6.21664e-14,4913.53,383.97,0,0,0.188496,0,37922.3,2641.68
4.001,0,0,0.000188494,4921.84,383.963,0,0,0.188492,0,38007.3,2647.84
4.002,0,0,0.000376981,4930.15,383.94,0,0,0.188481,0,38092.6,2654.02
4.003,0,0,0.000565453,4938.46,383.902,0,0,0.188462,0,38178.1,2660.22
4.004,0,0,0.000753903,4946.77,383.849,0,0,0.188436,0,38264,2666.44
4.005,0,0,0.000942323,4955.08,383.781,0,0,0.188403,0,38350.1,2672.68
4.006,0,0,0.00113071,4963.39,383.698,0,0,0.188362,0,38436.4,2678.94
4.007,0,0,0.00131904,4971.69,383.599,0,0,0.188313,0,38523,2685.22
4.008,0,0,0.00150733,4980,383.486,0,0,0.188257,0,38609.9,2691.51
4.009,0,0,0.00169556,4988.3,383.357,0,0,0.188194,0,38697,2697.83
4.01,0,0,0.00188372,4996.6,383.213,0,0,0.188124,0,38784.4,2704.17
4.011,0,0,0.0020718,5004.9,383.054,0,0,0.188046,0,38872,2710.52
4.012,0,0,0.0022598,5013.2,382.88,0,0,0.18796,0,38959.9,2716.89
4.013,0,0,0.00244772,5021.49,382.691,0,0,0.187867,0,39048,2723.28
4.014,0,0,0.00263554,5029.78,382.487,0,0,0.187767,0,39136.4,2729.69
4.015,0,0,0.00282325,5038.06,382.267,0,0,0.187659,0,39225,2736.12
4.016,0,0,0.00301085,5046.34,382.033,0,0,0.187544,0,39313.8,2742.56
4.017,0,0,0.00319833,5054.61,381.783,0,0,0.187421,0,39402.9,2749.03
4.018,0,0,0.00338569,5062.87,381.519,0,0,0.187291,0,39492.2,2755.51
4.019,0,0,0.00357291,5071.13,381.239,0,0,0.187154,0,39581.7,2762
4.02,0,0,0.00376,5079.39,380.945,0,0,0.187009,0,39671.5,2768.51
4.021,0,0,0.00394693,5087.63,380.635,0,0,0.186857,0,39761.5,2775.04
4.022,0,0,0.00413371,5095.87,380.31,0,0,0.186698,0,39851.7,2781.59
4.023,0,0,0.00432032,5104.1,379.971,0,0,0.186531,0,39942.1,2788.15
4.024,0,0,0.00450677,5112.32,379.616,0,0,0.186356,0,40032.8,2794.73
4.025,0,0,0.00469303,5120.54,379.246,0,0,0.186175,0,40123.6,2801.32
4.026,0,0,0.00487911,5128.74,378.862,0,0,0.185986,0,40214.7,2807.93
4.027,0,0,0.005065,5136.93,378.462,0,0,0.18579,0,40305.9,2814.56
4.028,0,0,0.00525069,5145.11,378.048,0,0,0.185586,0,40397.4,2821.2
4.029,0,0,0.00543617,5153.29,377.618,0,0,0.185375,0,40489,2827.85
4.03,0,0,0.00562144,5161.45,377.174,0,0,0.185157,0,40580.9,2834.52
4.031,0,0,0.00580648,5169.59,376.715,0,0,0.184931,0,40672.9,2841.2
4.032,0,0,0.0059913,5177.73,376.241,0,0,0.184698,0,40765.2,2847.9
4.033,0,0,0.00617588,5185.85,375.752,0,0,0.184458,0,40857.6,2854.61
4.034,0,0,0.00636021,5193.96,375.248,0,0,0.184211,0,40950.2,2861.34
4.035,0,0,0.0065443,5202.06,374.73,0,0,0.183956,0,41043,2868.07
4.036,0,0,0.00672812,5210.14,374.196,0,0,0.183694,0,41135.9,2874.83
4.037,0,0,0.00691168,5218.21,373.648,0,0,0.183425,0,41229,2881.59
4.038,0,0,0.00709497,5226.26,373.086,0,0,0.183148,0,41322.3,2888.37
4.039,0,0,0.00727798,5234.29,372.508,0,0,0.182865,0,41415.8,2895.15
4.04,0,0,0.0074607,5242.31,371.916,0,0,0.182574,0,41509.4,2901.95
4.041,0,0,0.00764312,5250.32,371.309,0,0,0.182275,0,41603.1,2908.77
4.042,0,0,0.00782525,5258.3,370.687,0,0,0.18197,0,41697,2915.59
4.043,0,0,0.00800706,5266.27,370.051,0,0,0.181658,0,41791.1,2922.42
4.044,0,0,0.00818856,5274.22,369.401,0,0,0.181338,0,41885.3,2929.27
4.045,0,0,0.00836973,5282.15,368.735,0,0,0.181011,0,41979.6,2936.12
4.046,0,0,0.00855058,5290.06,368.055,0,0,0.180677,0,42074.1,2942.99
4.047,0,0,0.00873109,5297.95,367.361,0,0,0.180336,0,42168.7,2949.87
4.048,0,0,0.00891125,5305.82,366.652,0,0,0.179988,0,42263.4,2956.75
4.049,0,0,0.00909106,5313.67,365.929,0,0,0.179632,0,42358.3,2963.65
4.05,0,0,0.00927051,5321.5,365.191,0,0,0.17927,0,42453.3,2970.55
4.051,0,0,0.0094496,5329.31,364.439,0,0,0.1789,0,42548.4,2977.46
4.052,0,0,0.00962831,5337.09,363.672,0,0,0.178524,0,42643.5,2984.38
4.053,0,0,0.00980664,5344.85,362.891,0,0,0.17814,0,42738.8,2991.31
4.054,0,0,0.00998459,5352.59,362.096,0,0,0.17775,0,42834.2,2998.25
4.055,0,0,0.0101621,5360.3,361.287,0,0,0.177352,0,42929.7,3005.19
4.056,0,0,0.0103393,5367.99,360.463,0,0,0.176947,0,43025.3,3012.14
4.057,0,0,0.010516,5375.65,359.625,0,0,0.176535,0,43121,3019.1
4.058,0,0,0.0106924,5383.29,358.773,0,0,0.176117,0,43216.7,3026.07
4.059,0,0,0.0108683,5390.91,357.907,0,0,0.175691,0,43312.6,3033.04
4.06,0,0,0.0110437,5398.49,357.026,0,0,0.175259,0,43408.5,3040.01
4.061,0,0,0.0112188,5406.05,356.132,0,0,0.174819,0,43504.5,3046.99
4.062,0,0,0.0113934,5413.58,355.223,0,0,0.174373,0,43600.5,3053.98
4.063,0,0,0.0115675,5421.08,354.301,0,0,0.17392,0,43696.6,3060.97
4.064,0,0,0.0117412,5428.55,353.364,0,0,0.17346,0,43792.7,3067.97
4.065,0,0,0.0119144,5436,352.414,0,0,0.172993,0,43888.9,3074.97
4.066,0,0,0.0120872,5443.41,351.449,0,0,0.172519,0,43985.2,3081.97
4.067,0,0,0.0122595,5450.79,350.471,0,0,0.172038,0,44081.4,3088.98
4.068,0,0,0.0124313,5458.15,349.479,0,0,0.171551,0,44177.8,3095.98
4.069,0,0,0.0126026,5465.47,348.473,0,0,0.171057,0,44274.1,3103
4.07,0,0,0.0127734,5472.75,347.453,0,0,0.170556,0,44370.4,3110.01
4.071,0,0,0.0129437,5480.01,346.42,0,0,0.170048,0,44466.8,3117.02
4.072,0,0,0.0131135,5487.23,345.373,0,0,0.169534,0,44563.2,3124.04
4.073,0,0,0.0132827,5494.42,344.312,0,0,0.169013,0,44659.6,3131.06
4.074,0,0,0.0134515,5501.57,343.238,0,0,0.168485,0,44756,3138.08
4.075,0,0,0.0136197,5508.69,342.151,0,0,0.167951,0,44852.4,3145.09
4.076,0,0,0.0137874,5515.78,341.049,0,0,0.16741,0,44948.8,3152.11
4.077,0,0,0.0139545,5522.82,339.935,0,0,0.166862,0,45045.2,3159.13
4.078,0,0,0.0141211,5529.84,338.807,0,0,0.166308,0,45141.5,3166.15
4.079,0,0,0.0142871,5536.81,337.665,0,0,0.165747,0,45237.8,3173.16
4.08,0,0,0.0144526,5543.75,336.51,0,0,0.16518,0,45334.1,3180.17
4.081,0,0,0.0146175,5550.64,335.342,0,0,0.164606,0,45430.4,3187.18
4.082,0,0,0.0147818,5557.5,334.161,0,0,0.164026,0,45526.6,3194.19
4.083,0,0,0.0149456,5564.32,332.967,0,0,0.163439,0,45622.8,3201.2
4.084,0,0,0.0151087,5571.1,331.759,0,0,0.162846,0,45718.9,3208.2
4.085,0,0,0.0152712,5577.84,330.538,0,0,0.162246,0,45815,3215.19
4.086,0,0,0.0154332,5584.54,329.305,0,0,0.16164,0,45910.9,3222.19
4.087,0,0,0.0155945,5591.2,328.058,0,0,0.161028,0,46006.9,3229.18
4.088,0,0,0.0157552,5597.81,326.798,0,0,0.160409,0,46102.7,3236.16
4.089,0,0,0.0159153,5604.39,325.526,0,0,0.159784,0,46198.4,3243.13
4.09,0,0,0.0160748,5610.92,324.241,0,0,0.159152,0,46294.1,3250.11
4.091,0,0,0.0162336,5617.4,322.942,0,0,0.158514,0,46389.7,3257.07
4.092,0,0,0.0163918,5623.84,321.631,0,0,0.15787,0,46485.1,3264.03
4.093,0,0,0.0165494,5630.24,320.308,0,0,0.15722,0,46580.5,3270.98
4.094,0,0,0.0167063,5636.59,318.972,0,0,0.156564,0,46675.7,3277.92
4.095,0,0,0.0168625,5642.89,317.623,0,0,0.155901,0,46770.9,3284.85
4.096,0,0,0.0170181,5649.15,316.262,0,0,0.155232,0,46865.9,3291.78
4.097,0,0,0.017173,5655.36,314.888,0,0,0.154557,0,46960.7,3298.69
4.098,0,0,0.0173272,5661.53,313.502,0,0,0.153876,0,47055.5,3305.6
4.099,0,0,0.0174807,5667.64,312.103,0,0,0.153189,0,47150,3312.49
4.1,0,0,0.0176336,5673.71,310.692,0,0,0.152496,0,47244.5,3319.38
4.101,0,0,0.0177857,5679.73,309.269,0,0,0.151797,0,47338.7,3326.25
4.102,0,0,0.0179371,5685.7,307.834,0,0,0.151092,0,47432.8,3333.11
4.103,0,0,0.0180879,5691.62,306.386,0,0,0.150381,0,47526.8,3339.96
4.104,0,0,0.0182379,5697.48,304.927,0,0,0.149664,0,47620.5,3346.8
4.105,0,0,0.0183872,5703.3,303.455,0,0,0.148941,0,47714.1,3353.62
4.106,0,0,0.0185358,5709.06,301.971,0,0,0.148212,0,47807.5,3360.43
4.107,0,0,0.0186836,5714.78,300.476,0,0,0.147477,0,47900.7,3367.23
4.108,0,0,0.0188307,5720.44,298.969,0,0,0.146737,0,47993.6,3374.01
4.109,0,0,0.0189771,5726.04,297.45,0,0,0.14599,0,48086.4,3380.77
4.11,0,0,0.0191227,5731.59,295.919,0,0,0.145238,0,48179,3387.53
4.111,0,0,0.0192676,5737.09,294.376,0,0,0.144481,0,48271.3,3394.26
4.112,0,0,0.0194117,5742.53,292.822,0,0,0.143717,0,48363.4,3400.98
4.113,0,0,0.019555,5747.92,291.256,0,0,0.142948,0,48455.2,3407.68
4.114,0,0,0.0196976,5753.25,289.679,0,0,0.142173,0,48546.8,3414.37
4.115,0,0,0.0198394,5758.53,288.091,0,0,0.141393,0,48638.2,3421.03
4.116,0,0,0.0199804,5763.74,286.491,0,0,0.140607,0,48729.3,3427.68
4.117,0,0,0.0201206,5768.9,284.879,0,0,0.139815,0,48820.1,3434.31
4.118,0,0,0.02026,5774.01,283.257,0,0,0.139018,0,48910.7,3440.92
4.119,0,0,0.0203986,5779.05,281.623,0,0,0.138215,0,49001,3447.51
4.12,0,0,0.0205364,5784.03,279.978,0,0,0.137407,0,49091,3454.07
4.121,0,0,0.0206734,5788.96,278.323,0,0,0.136594,0,49180.7,3460.62
4.122,0,0,0.0208096,5793.82,276.656,0,0,0.135775,0,49270.1,3467.15
4.123,0,0,0.020945,5798.63,274.978,0,0,0.134951,0,49359.2,3473.65
4.124,0,0,0.0210795,5803.37,273.29,0,0,0.134121,0,49448,3480.13
4.125,0,0,0.0212132,5808.06,271.59,0,0,0.133286,0,49536.5,3486.59
4.126,0,0,0.0213461,5812.68,269.88,0,0,0.132446,0,49624.6,3493.03
4.127,0,0,0.0214781,5817.24,268.16,0,0,0.131601,0,49712.4,3499.44
4.128,0,0,0.0216093,5821.73,266.428,0,0,0.130751,0,49799.9,3505.82
4.129,0,0,0.0217396,5826.17,264.687,0,0,0.129895,0,49887,3512.18
4.13,0,0,0.0218691,5830.53,262.934,0,0,0.129034,0,49973.8,3518.52
4.131,0,0,0.0219977,5834.84,261.172,0,0,0.128168,0,50060.2,3524.83
4.132,0,0,0.0221254,5839.08,259.399,0,0,0.127297,0,50146.2,3531.11
4.133,0,0,0.0222523,5843.26,257.616,0,0,0.126421,0,50231.9,3537.36
4.134,0,0,0.0223782,5847.37,255.823,0,0,0.12554,0,50317.2,3543.59
4.135,0,0,0.0225033,5851.41,254.019,0,0,0.124654,0,50402,3549.79
4.136,0,0,0.0226275,5855.39,252.206,0,0,0.123763,0,50486.5,3555.96
4.137,0,0,0.0227509,5859.3,250.383,0,0,0.122868,0,50570.6,3562.1
4.138,0,0,0.0228733,5863.14,248.55,0,0,0.121967,0,50654.3,3568.21
4.139,0,0,0.0229948,5866.92,246.707,0,0,0.121062,0,50737.5,3574.29
4.14,0,0,0.0231154,5870.63,244.854,0,0,0.120152,0,50820.3,3580.34
4.141,0,0,0.0232351,5874.27,242.992,0,0,0.119237,0,50902.7,3586.36
4.142,0,0,0.0233539,5877.84,241.12,0,0,0.118317,0,50984.7,3592.35
4.143,0,0,0.0234717,5881.34,239.238,0,0,0.117393,0,51066.2,3598.3
4.144,0,0,0.0235887,5884.78,237.347,0,0,0.116464,0,51147.2,3604.22
4.145,0,0,0.0237047,5888.14,235.447,0,0,0.11553,0,51227.8,3610.11
4.146,0,0,0.0238197,5891.43,233.537,0,0,0.114592,0,51307.9,3615.96
4.147,0,0,0.0239338,5894.66,231.619,0,0,0.11365,0,51387.5,3621.78
4.148,0,0,0.024047,5897.81,229.691,0,0,0.112702,0,51466.7,3627.57
4.149,0,0,0.0241592,5900.89,227.754,0,0,0.111751,0,51545.4,3633.31
4.15,0,0,0.0242705,5903.9,225.808,0,0,0.110795,0,51623.5,3639.03
4.151,0,0,0.0243808,5906.83,223.853,0,0,0.109835,0,51701.2,3644.7
4.152,0,0,0.0244902,5909.7,221.89,0,0,0.10887,0,51778.3,3650.34
4.153,0,0,0.0245986,5912.49,219.917,0,0,0.107901,0,51855,3655.94
4.154,0,0,0.024706,5915.21,217.936,0,0,0.106928,0,51931.1,3661.5
4.155,0,0,0.0248124,5917.85,215.947,0,0,0.10595,0,52006.7,3667.03
4.156,0,0,0.0249179,5920.43,213.948,0,0,0.104969,0,52081.7,3672.51
4.157,0,0,0.0250224,5922.92,211.942,0,0,0.103983,0,52156.2,3677.96
4.158,0,0,0.0251258,5925.35,209.927,0,0,0.102993,0,52230.1,3683.36
4.159,0,0,0.0252283,5927.7,207.904,0,0,0.101999,0,52303.5,3688.73
4.16,0,0,0.0253298,5929.97,205.872,0,0,0.101001,0,52376.3,3694.05
4.161,0,0,0.0254303,5932.17,203.833,0,0,0.099999,0,52448.6,3699.33
4.162,0,0,0.0255298,5934.29,201.785,0,0,0.0989931,0,52520.3,3704.57
4.163,0,0,0.0256283,5936.34,199.73,0,0,0.0979833,0,52591.3,3709.77
4.164,0,0,0.0257258,5938.31,197.666,0,0,0.0969696,0,52661.8,3714.92
4.165,0,0,0.0258223,5940.21,195.595,0,0,0.095952,0,52731.7,3720.03
4.166,0,0,0.0259177,5942.03,193.516,0,0,0.0949307,0,52801,3725.1
4.167,0,0,0.0260121,5943.77,191.43,0,0,0.0939057,0,52869.6,3730.12
4.168,0,0,0.0261055,5945.44,189.335,0,0,0.0928769,0,52937.7,3735.09
4.169,0,0,0.0261979,5947.03,187.234,0,0,0.0918445,0,53005.1,3740.02
4.17,0,0,0.0262892,5948.54,185.125,0,0,0.0908084,0,53071.9,3744.91
4.171,0,0,0.0263795,5949.98,183.009,0,0,0.0897688,0,53138,3749.74
4.172,0,0,0.0264687,5951.33,180.885,0,0,0.0887256,0,53203.5,3754.53
4.173,0,0,0.0265569,5952.61,178.755,0,0,0.0876789,0,53268.4,3759.28
4.174,0,0,0.0266441,5953.81,176.617,0,0,0.0866288,0,53332.6,3763.97
4.175,0,0,0.0267302,5954.94,174.473,0,0,0.0855752,0,53396.1,3768.62
4.176,0,0,0.0268152,5955.98,172.321,0,0,0.0845182,0,53459,3773.22
4.177,0,0,0.0268992,5956.95,170.163,0,0,0.083458,0,53521.1,3777.76
4.178,0,0,0.0269822,5957.84,167.998,0,0,0.0823944,0,53582.6,3782.26
4.179,0,0,0.027064,5958.64,165.826,0,0,0.0813275,0,53643.4,3786.71
4.18,0,0,0.0271448,5959.37,163.648,0,0,0.0802575,0,53703.5,3791.11
4.181,0,0,0.0272245,5960.02,161.464,0,0,0.0791843,0,53762.9,3795.45
4.182,0,0,0.0273032,5960.59,159.273,0,0,0.078108,0,53821.6,3799.75
4.183,0,0,0.0273807,5961.09,157.076,0,0,0.0770285,0,53879.6,3803.99
4.184,0,0,0.0274572,5961.5,154.872,0,0,0.0759461,0,53936.9,3808.18
4.185,0,0,0.0275326,5961.83,152.663,0,0,0.0748606,0,53993.4,3812.31
4.186,0,0,0.027607,5962.09,150.447,0,0,0.0737722,0,54049.2,3816.4
4.187,0,0,0.0276802,5962.26,148.226,0,0,0.0726809,0,54104.3,3820.43
4.188,0,0,0.0277523,5962.35,145.998,0,0,0.0715867,0,54158.6,3824.4
4.189,0,0,0.0278234,5962.37,143.765,0,0,0.0704896,0,54212.2,3828.32
4.19,0,0,0.0278933,5962.3,141.527,0,0,0.0693898,0,54265,3832.19
4.191,0,0,0.0279621,5962.16,139.283,0,0,0.0682873,0,54317.1,3836
4.192,0,0,0.0280299,5961.93,137.033,0,0,0.0671821,0,54368.4,3839.75
4.193,0,0,0.0280965,5961.62,134.778,0,0,0.0660742,0,54418.9,3843.45
4.194,0,0,0.028162,5961.24,132.517,0,0,0.0649637,0,54468.7,3847.09
4.195,0,0,0.0282264,5960.77,130.251,0,0,0.0638506,0,54517.7,3850.67
4.196,0,0,0.0282897,5960.23,127.981,0,0,0.062735,0,54565.9,3854.2
4.197,0,0,0.0283519,5959.6,125.705,0,0,0.0616169,0,54613.3,3857.67
4.198,0,0,0.0284129,5958.89,123.424,0,0,0.0604964,0,54659.9,3861.08
4.199,0,0,0.0284729,5958.11,121.138,0,0,0.0593736,0,54705.7,3864.43
4.2,0,0,0.0285317,5957.24,118.848,0,0,0.0582483,0,54750.7,3867.72
4.201,0,0,0.0285894,5956.3,116.553,0,0,0.0571208,0,54794.9,3870.96
4.202,0,0,0.0286459,5955.27,114.253,0,0,0.055991,0,54838.2,3874.13
4.203,0,0,0.0287014,5954.16,111.949,0,0,0.054859,0,54880.8,3877.25
4.204,0,0,0.0287557,5952.98,109.64,0,0,0.0537249,0,54922.5,3880.3
4.205,0,0,0.0288088,5951.71,107.327,0,0,0.0525886,0,54963.4,3883.3
4.206,0,0,0.0288608,5950.37,105.01,0,0,0.0514502,0,55003.5,3886.23
4.207,0,0,0.0289117,5948.94,102.689,0,0,0.0503098,0,55042.7,3889.1
4.208,0,0,0.0289614,5947.44,100.363,0,0,0.0491675,0,55081.1,3891.91
4.209,0,0,0.02901,5945.86,98.0342,0,0,0.0480232,0,55118.7,3894.66
4.21,0,0,0.0290575,5944.2,95.7011,0,0,0.0468769,0,55155.4,3897.35
4.211,0,0,0.0291038,5942.45,93.3641,0,0,0.0457289,0,55191.2,3899.97
4.212,0,0,0.029149,5940.63,91.0236,0,0,0.044579,0,55226.2,3902.53
4.213,0,0,0.029193,5938.73,88.6794,0,0,0.0434274,0,55260.4,3905.03
4.214,0,0,0.0292358,5936.76,86.3317,0,0,0.042274,0,55293.6,3907.47
4.215,0,0,0.0292775,5934.7,83.9807,0,0,0.041119,0,55326,3909.84
4.216,0,0,0.029318,5932.56,81.6263,0,0,0.0399624,0,55357.5,3912.15
4.217,0,0,0.0293574,5930.35,79.2687,0,0,0.0388042,0,55388.2,3914.39
4.218,0,0,0.0293957,5928.06,76.908,0,0,0.0376444,0,55418,3916.57
4.219,0,0,0.0294327,5925.69,74.5443,0,0,0.0364832,0,55446.8,3918.68
4.22,0,0,0.0294686,5923.25,72.1777,0,0,0.0353205,0,55474.9,3920.73
4.221,0,0,0.0295034,5920.72,69.8082,0,0,0.0341565,0,55502,3922.72
4.222,0,0,0.0295369,5918.12,67.4359,0,0,0.0329911,0,55528.2,3924.64
4.223,0,0,0.0295693,5915.44,65.0611,0,0,0.0318244,0,55553.5,3926.49
4.224,0,0,0.0296006,5912.69,62.6836,0,0,0.0306564,0,55578,3928.28
4.225,0,0,0.0296307,5909.85,60.3037,0,0,0.0294872,0,55601.5,3930.01
4.226,0,0,0.0296596,5906.95,57.9214,0,0,0.0283169,0,55624.1,3931.66
4.227,0,0,0.0296873,5903.96,55.5369,0,0,0.0271454,0,55645.9,3933.25
4.228,0,0,0.0297138,5900.9,53.1502,0,0,0.0259729,0,55666.7,3934.78
4.229,0,0,0.0297392,5897.77,50.7613,0,0,0.0247993,0,55686.6,3936.24
4.23,0,0,0.0297634,5894.56,48.3705,0,0,0.0236248,0,55705.6,3937.63
4.231,0,0,0.0297865,5891.27,45.9778,0,0,0.0224493,0,55723.7,3938.95
4.232,0,0,0.0298083,5887.91,43.5833,0,0,0.0212729,0,55740.9,3940.21
4.233,0,0,0.029829,5884.48,41.1871,0,0,0.0200957,0,55757.1,3941.4
4.234,0,0,0.0298485,5880.97,38.7892,0,0,0.0189177,0,55772.4,3942.52
4.235,0,0,0.0298669,5877.39,36.3899,0,0,0.017739,0,55786.9,3943.58
4.236,0,0,0.029884,5873.73,33.9891,0,0,0.0165596,0,55800.4,3944.57
4.237,0,0,0.0299,5870,31.587,0,0,0.0153795,0,55812.9,3945.49
4.238,0,0,0.0299148,5866.2,29.1836,0,0,0.0141988,0,55824.6,3946.34
4.239,0,0,0.0299284,5862.33,26.7791,0,0,0.0130175,0,55835.3,3947.12
4.24,0,0,0.0299408,5858.38,24.3736,0,0,0.0118357,0,55845.1,3947.84
4.241,0,0,0.029952,5854.36,21.9671,0,0,0.0106535,0,55853.9,3948.49
4.242,0,0,0.0299621,5850.27,19.5598,0,0,0.00947083,0,55861.9,3949.07
4.243,0,0,0.029971,5846.12,17.1517,0,0,0.0082878,0,55868.9,3949.58
4.244,0,0,0.0299787,5841.88,14.7429,0,0,0.00710443,0,55874.9,3950.03
4.245,0,0,0.0299852,5837.58,12.3335,0,0,0.00592079,0,55880.1,3950.4
4.246,0,0,0.0299905,5833.21,9.92373,0,0,0.00473691,0,55884.3,3950.71
4.247,0,0,0.0299947,5828.77,7.51353,0,0,0.00355285,0,55887.5,3950.95
4.248,0,0,0.0299976,5824.26,5.10305,0,0,0.00236864,0,55889.9,3951.12
4.249,0,0,0.0299994,5819.69,2.69237,0,0,0.00118434,0,55891.3,3951.22
4.25,0,0,0.03,5815.04,5.94045e-10,0,0,2.91838e-13,0,55891.7,3951.26
4.251,0,0,0.0299994,5810.33,-2.69237,0,0,-0.00118434,0,55891.3,3951.22
4.252,0,0,0.0299976,5805.55,-5.10305,0,0,-0.00236864,0,55889.9,3951.12
4.253,0,0,0.0299947,5800.7,-7.51353,0,0,-0.00355285,0,55887.5,3950.95
4.254,0,0,0.0299905,5795.78,-9.92373,0,0,-0.00473691,0,55884.3,3950.71
4.255,0,0,0.0299852,5790.8,-12.3335,0,0,-0.00592079,0,55880.1,3950.4
4.256,0,0,0.0299787,5785.76,-14.7429,0,0,-0.00710443,0,55874.9,3950.03
4.257,0,0,0.029971,5780.65,-17.1517,0,0,-0.0082878,0,55868.9,3949.58
4.258,0,0,0.0299621,5775.47,-19.5598,0,0,-0.00947083,0,55861.9,3949.07
4.259,0,0,0.029952,5770.23,-21.9671,0,0,-0.0106535,0,55853.9,3948.49
4.26,0,0,0.0299408,5764.93,-24.3736,0,0,-0.0118357,0,55845.1,3947.84
4.261,0,0,0.0299284,5759.56,-26.7791,0,0,-0.0130175,0,55835.3,3947.12
4.262,0,0,0.0299148,5754.14,-29.1836,0,0,-0.0141988,0,55824.6,3946.34
4.263,0,0,0.0299,5748.64,-31.587,0,0,-0.0153795,0,55812.9,3945.49
4.264,0,0,0.029884,5743.09,-33.9891,0,0,-0.0165596,0,55800.4,3944.57
4.265,0,0,0.0298669,5737.48,-36.3899,0,0,-0.017739,0,55786.9,3943.58
4.266,0,0,0.0298485,5731.8,-38.7892,0,0,-0.0189177,0,55772.4,3942.52
4.267,0,0,0.029829,5726.07,-41.1871,0,0,-0.0200957,0,55757.1,3941.4
4.268,0,0,0.0298083,5720.27,-43.5833,0,0,-0.0212729,0,55740.9,3940.21
4.269,0,0,0.0297865,5714.42,-45.9778,0,0,-0.0224493,0,55723.7,3938.95
4.27,0,0,0.0297634,5708.51,-48.3705,0,0,-0.0236248,0,55705.6,3937.63
4.271,0,0,0.0297392,5702.54,-50.7613,0,0,-0.0247993,0,55686.6,3936.24
4.272,0,0,0.0297138,5696.51,-53.1502,0,0,-0.0259729,0,55666.7,3934.78
4.273,0,0,0.0296873,5690.42,-55.5369,0,0,-0.0271454,0,55645.9,3933.25
4.274,0,0,0.0296596,5684.28,-57.9214,0,0,-0.0283169,0,55624.1,3931.66
4.275,0,0,0.0296307,5678.09,-60.3037,0,0,-0.0294872,0,55601.5,3930.01
4.276,0,0,0.0296006,5671.83,-62.6836,0,0,-0.0306564,0,55578,3928.28
4.277,0,0,0.0295693,5665.53,-65.0611,0,0,-0.0318244,0,55553.5,3926.49
4.278,0,0,0.0295369,5659.16,-67.4359,0,0,-0.0329911,0,55528.2,3924.64
4.279,0,0,0.0295034,5652.75,-69.8082,0,0,-0.0341565,0,55502,3922.72
4.28,0,0,0.0294686,5646.28,-72.1777,0,0,-0.0353205,0,55474.9,3920.73
4.281,0,0,0.0294327,5639.76,-74.5443,0,0,-0.0364832,0,55446.8,3918.68
4.282,0,0,0.0293957,5633.19,-76.908,0,0,-0.0376444,0,55418,3916.57
4.283,0,0,0.0293574,5626.56,-79.2687,0,0,-0.0388042,0,55388.2,3914.39
4.284,0,0,0.029318,5619.89,-81.6263,0,0,-0.0399624,0,55357.5,3912.15
4.285,0,0,0.0292775,5613.16,-83.9807,0,0,-0.041119,0,55326,3909.84
4.286,0,0,0.0292358,5606.39,-86.3317,0,0,-0.042274,0,55293.6,3907.47
4.287,0,0,0.029193,5599.56,-88.6794,0,0,-0.0434274,0,55260.4,3905.03
4.288,0,0,0.029149,5592.69,-91.0236,0,0,-0.044579,0,55226.2,3902.53
4.289,0,0,0.0291038,5585.77,-93.3641,0,0,-0.0457289,0,55191.2,3899.97
4.29,0,0,0.0290575,5578.8,-95.7011,0,0,-0.0468769,0,55155.4,3897.35
4.291,0,0,0.02901,5571.79,-98.0342,0,0,-0.0480232,0,55118.7,3894.66
4.292,0,0,0.0289614,5564.73,-100.363,0,0,-0.0491675,0,55081.1,3891.91
4.293,0,0,0.0289117,5557.62,-102.689,0,0,-0.0503098,0,55042.7,3889.1
4.294,0,0,0.0288608,5550.47,-105.01,0,0,-0.0514502,0,55003.5,3886.23
4.295,0,0,0.0288088,5543.28,-107.327,0,0,-0.0525886,0,54963.4,3883.3
4.296,0,0,0.0287557,5536.04,-109.64,0,0,-0.0537249,0,54922.5,3880.3
4.297,0,0,0.0287014,5528.76,-111.949,0,0,-0.054859,0,54880.8,3877.25
4.298,0,0,0.0286459,5521.44,-114.253,0,0,-0.055991,0,54838.2,3874.13
4.299,0,0,0.0285894,5514.07,-116.553,0,0,-0.0571208,0,54794.9,3870.96
4.3,0,0,0.0285317,5506.67,-118.848,0,0,-0.0582483,0,54750.7,3867.72
4.301,0,0,0.0284729,5499.22,-121.138,0,0,-0.0593736,0,54705.7,3864.43
4.302,0,0,0.0284129,5491.73,-123.424,0,0,-0.0604964,0,54659.9,3861.08
4.303,0,0,0.0283519,5484.2,-125.705,0,0,-0.0616169,0,54613.3,3857.67
4.304,0,0,0.0282897,5476.64,-127.981,0,0,-0.062735,0,54565.9,3854.2
4.305,0,0,0.0282264,5469.04,-130.251,0,0,-0.0638506,0,54517.7,3850.67
4.306,0,0,0.028162,5461.4,-132.517,0,0,-0.0649637,0,54468.7,3847.09
4.307,0,0,0.0280965,5453.72,-134.778,0,0,-0.0660742,0,54418.9,3843.45
4.308,0,0,0.0280299,5446,-137.033,0,0,-0.0671821,0,54368.4,3839.75
4.309,0,0,0.0279621,5438.26,-139.283,0,0,-0.0682873,0,54317.1,3836
4.31,0,0,0.0278933,5430.47,-141.527,0,0,-0.0693898,0,54265,3832.19
4.311,0,0,0.0278234,5422.65,-143.765,0,0,-0.0704896,0,54212.2,3828.32
4.312,0,0,0.0277523,5414.8,-145.998,0,0,-0.0715867,0,54158.6,3824.4
4.313,0,0,0.0276802,5406.92,-148.226,0,0,-0.0726809,0,54104.3,3820.43
4.314,0,0,0.027607,5399,-150.447,0,0,-0.0737722,0,54049.2,3816.4
4.315,0,0,0.0275326,5391.05,-152.663,0,0,-0.0748606,0,53993.4,3812.31
4.316,0,0,0.0274572,5383.07,-154.872,0,0,-0.0759461,0,53936.9,3808.18
4.317,0,0,0.0273807,5375.06,-157.076,0,0,-0.0770285,0,53879.6,3803.99
4.318,0,0,0.0273032,5367.01,-159.273,0,0,-0.078108,0,53821.6,3799.75
4.319,0,0,0.0272245,5358.94,-161.464,0,0,-0.0791843,0,53762.9,3795.45
4.32,0,0,0.0271448,5350.84,-163.648,0,0,-0.0802575,0,53703.5,3791.11
4.321,0,0,0.027064,5342.72,-165.826,0,0,-0.0813275,0,53643.4,3786.71
4.322,0,0,0.0269822,5334.56,-167.998,0,0,-0.0823944,0,53582.6,3782.26
4.323,0,0,0.0268992,5326.38,-170.163,0,0,-0.083458,0,53521.1,3777.76
4.324,0,0,0.0268152,5318.17,-172.321,0,0,-0.0845182,0,53459,3773.22
4.325,0,0,0.0267302,5309.94,-174.473,0,0,-0.0855752,0,53396.1,3768.62
4.326,0,0,0.0266441,5301.68,-176.617,0,0,-0.0866288,0,53332.6,3763.97
4.327,0,0,0.0265569,5293.39,-178.755,0,0,-0.0876789,0,53268.4,3759.28
4.328,0,0,0.0264687,5285.09,-180.885,0,0,-0.0887256,0,53203.5,3754.53
4.329,0,0,0.0263795,5276.76,-183.009,0,0,-0.0897688,0,53138,3749.74
4.33,0,0,0.0262892,5268.4,-185.125,0,0,-0.0908084,0,53071.9,3744.91
4.331,0,0,0.0261979,5260.03,-187.234,0,0,-0.0918445,0,53005.1,3740.02
4.332,0,0,0.0261055,5251.63,-189.335,0,0,-0.0928769,0,52937.7,3735.09
4.333,0,0,0.0260121,5243.22,-191.43,0,0,-0.0939057,0,52869.6,3730.12
4.334,0,0,0.0259177,5234.78,-193.516,0,0,-0.0949307,0,52801,3725.1
4.335,0,0,0.0258223,5226.32,-195.595,0,0,-0.095952,0,52731.7,3720.03
4.336,0,0,0.0257258,5217.85,-197.666,0,0,-0.0969696,0,52661.8,3714.92
4.337,0,0,0.0256283,5209.35,-199.73,0,0,-0.0979833,0,52591.3,3709.77
4.338,0,0,0.0255298,5200.84,-201.785,0,0,-0.0989931,0,52520.3,3704.57
4.339,0,0,0.0254303,5192.31,-203.833,0,0,-0.099999,0,52448.6,3699.33
4.34,0,0,0.0253298,5183.77,-205.872,0,0,-0.101001,0,52376.3,3694.05
4.341,0,0,0.0252283,5175.2,-207.904,0,0,-0.101999,0,52303.5,3688.73
4.342,0,0,0.0251258,5166.63,-209.927,0,0,-0.102993,0,52230.1,3683.36
4.343,0,0,0.0250224,5158.03,-211.942,0,0,-0.103983,0,52156.2,3677.96
4.344,0,0,0.0249179,5149.43,-213.948,0,0,-0.104969,0,52081.7,3672.51
4.345,0,0,0.0248124,5140.81,-215.947,0,0,-0.10595,0,52006.7,3667.03
4.346,0,0,0.024706,5132.18,-217.936,0,0,-0.106928,0,51931.1,3661.5
4.347,0,0,0.0245986,5123.53,-219.917,0,0,-0.107901,0,51855,3655.94
4.348,0,0,0.0244902,5114.87,-221.89,0,0,-0.10887,0,51778.3,3650.34
4.349,0,0,0.0243808,5106.21,-223.853,0,0,-0.109835,0,51701.2,3644.7
4.35,0,0,0.0242705,5097.53,-225.808,0,0,-0.110795,0,51623.5,3639.03
4.351,0,0,0.0241592,5088.84,-227.754,0,0,-0.111751,0,51545.4,3633.31
4.352,0,0,0.024047,5080.14,-229.691,0,0,-0.112702,0,51466.7,3627.57
4.353,0,0,0.0239338,5071.43,-231.619,0,0,-0.11365,0,51387.5,3621.78
4.354,0,0,0.0238197,5062.71,-233.537,0,0,-0.114592,0,51307.9,3615.96
4.355,0,0,0.0237047,5053.99,-235.447,0,0,-0.11553,0,51227.8,3610.11
4.356,0,0,0.0235887,5045.25,-237.347,0,0,-0.116464,0,51147.2,3604.22
4.357,0,0,0.0234717,5036.52,-239.238,0,0,-0.117393,0,51066.2,3598.3
4.358,0,0,0.0233539,5027.77,-241.12,0,0,-0.118317,0,50984.7,3592.35
4.359,0,0,0.0232351,5019.02,-242.992,0,0,-0.119237,0,50902.7,3586.36
4.36,0,0,0.0231154,5010.26,-244.854,0,0,-0.120152,0,50820.3,3580.34
4.361,0,0,0.0229948,5001.5,-246.707,0,0,-0.121062,0,50737.5,3574.29
4.362,0,0,0.0228733,4992.73,-248.55,0,0,-0.121967,0,50654.3,3568.21
4.363,0,0,0.0227509,4983.96,-250.383,0,0,-0.122868,0,50570.6,3562.1
4.364,0,0,0.0226275,4975.19,-252.206,0,0,-0.123763,0,50486.5,3555.96
4.365,0,0,0.0225033,4966.42,-254.019,0,0,-0.124654,0,50402,3549.79
4.366,0,0,0.0223782,4957.64,-255.823,0,0,-0.12554,0,50317.2,3543.59
4.367,0,0,0.0222523,4948.86,-257.616,0,0,-0.126421,0,50231.9,3537.36
4.368,0,0,0.0221254,4940.08,-259.399,0,0,-0.127297,0,50146.2,3531.11
4.369,0,0,0.0219977,4931.3,-261.172,0,0,-0.128168,0,50060.2,3524.83
4.37,0,0,0.0218691,4922.52,-262.934,0,0,-0.129034,0,49973.8,3518.52
4.371,0,0,0.0217396,4913.74,-264.687,0,0,-0.129895,0,49887,3512.18
4.372,0,0,0.0216093,4904.96,-266.428,0,0,-0.130751,0,49799.9,3505.82
4.373,0,0,0.0214781,4896.18,-268.16,0,0,-0.131601,0,49712.4,3499.44
4.374,0,0,0.0213461,4887.4,-269.88,0,0,-0.132446,0,49624.6,3493.03
4.375,0,0,0.0212132,4878.63,-271.59,0,0,-0.133286,0,49536.5,3486.59
4.376,0,0,0.0210795,4869.85,-273.29,0,0,-0.134121,0,49448,3480.13
4.377,0,0,0.020945,4861.09,-274.978,0,0,-0.134951,0,49359.2,3473.65
4.378,0,0,0.0208096,4852.32,-276.656,0,0,-0.135775,0,49270.1,3467.15
4.379,0,0,0.0206734,4843.56,-278.323,0,0,-0.136594,0,49180.7,3460.62
4.38,0,0,0.0205364,4834.8,-279.978,0,0,-0.137407,0,49091,3454.07
4.381,0,0,0.0203986,4826.05,-281.623,0,0,-0.138215,0,49001,3447.51
4.382,0,0,0.02026,4817.31,-283.257,0,0,-0.139018,0,48910.7,3440.92
4.383,0,0,0.0201206,4808.57,-284.879,0,0,-0.139815,0,48820.1,3434.31
4.384,0,0,0.0199804,4799.83,-286.491,0,0,-0.140607,0,48729.3,3427.68
4.385,0,0,0.0198394,4791.11,-288.091,0,0,-0.141393,0,48638.2,3421.03
4.386,0,0,0.0196976,4782.39,-289.679,0,0,-0.142173,0,48546.8,3414.37
4.387,0,0,0.019555,4773.68,-291.256,0,0,-0.142948,0,48455.2,3407.68
4.388,0,0,0.0194117,4764.98,-292.822,0,0,-0.143717,0,48363.4,3400.98
4.389,0,0,0.0192676,4756.28,-294.376,0,0,-0.144481,0,48271.3,3394.26
4.39,0,0,0.0191227,4747.6,-295.919,0,0,-0.145238,0,48179,3387.53
4.391,0,0,0.0189771,4738.92,-297.45,0,0,-0.14599,0,48086.4,3380.77
4.392,0,0,0.0188307,4730.25,-298.969,0,0,-0.146737,0,47993.6,3374.01
4.393,0,0,0.0186836,4721.6,-300.476,0,0,-0.147477,0,47900.7,3367.23
4.394,0,0,0.0185358,4712.95,-301.971,0,0,-0.148212,0,47807.5,3360.43
4.395,0,0,0.0183872,4704.32,-303.455,0,0,-0.148941,0,47714.1,3353.62
4.396,0,0,0.0182379,4695.7,-304.927,0,0,-0.149664,0,47620.5,3346.8
4.397,0,0,0.0180879,4687.09,-306.386,0,0,-0.150381,0,47526.8,3339.96
4.398,0,0,0.0179371,4678.49,-307.834,0,0,-0.151092,0,47432.8,3333.11
4.399,0,0,0.0177857,4669.9,-309.269,0,0,-0.151797,0,47338.7,3326.25
4.4,0,0,0.0176336,4661.33,-310.692,0,0,-0.152496,0,47244.5,3319.38
4.401,0,0,0.0174807,4652.77,-312.103,0,0,-0.153189,0,47150,3312.49
4.402,0,0,0.0173272,4644.22,-313.502,0,0,-0.153876,0,47055.5,3305.6
4.403,0,0,0.017173,4635.69,-314.888,0,0,-0.154557,0,46960.7,3298.69
4.404,0,0,0.0170181,4627.17,-316.262,0,0,-0.155232,0,46865.9,3291.78
4.405,0,0,0.0168625,4618.67,-317.623,0,0,-0.155901,0,46770.9,3284.85
4.406,0,0,0.0167063,4610.18,-318.972,0,0,-0.156564,0,46675.7,3277.92
4.407,0,0,0.0165494,4601.71,-320.308,0,0,-0.15722,0,46580.5,3270.98
4.408,0,0,0.0163918,4593.26,-321.631,0,0,-0.15787,0,46485.1,3264.03
4.409,0,0,0.0162336,4584.82,-322.942,0,0,-0.158514,0,46389.7,3257.07
4.41,0,0,0.0160748,4576.39,-324.241,0,0,-0.159152,0,46294.1,3250.11
4.411,0,0,0.0159153,4567.99,-325.526,0,0,-0.159784,0,46198.4,3243.13
4.412,0,0,0.0157552,4559.6,-326.798,0,0,-0.160409,0,46102.7,3236.16
4.413,0,0,0.0155945,4551.23,-328.058,0,0,-0.161028,0,46006.9,3229.18
4.414,0,0,0.0154332,4542.87,-329.305,0,0,-0.16164,0,45910.9,3222.19
4.415,0,0,0.0152712,4534.54,-330.538,0,0,-0.162246,0,45815,3215.19
4.416,0,0,0.0151087,4526.22,-331.759,0,0,-0.162846,0,45718.9,3208.2
4.417,0,0,0.0149456,4517.92,-332.967,0,0,-0.163439,0,45622.8,3201.2
4.418,0,0,0.0147818,4509.64,-334.161,0,0,-0.164026,0,45526.6,3194.19
4.419,0,0,0.0146175,4501.38,-335.342,0,0,-0.164606,0,45430.4,3187.18
4.42,0,0,0.0144526,4493.14,-336.51,0,0,-0.16518,0,45334.1,3180.17
4.421,0,0,0.0142871,4484.92,-337.665,0,0,-0.165747,0,45237.8,3173.16
4.422,0,0,0.0141211,4476.72,-338.807,0,0,-0.166308,0,45141.5,3166.15
4.423,0,0,0.0139545,4468.55,-339.935,0,0,-0.166862,0,45045.2,3159.13
4.424,0,0,0.0137874,4460.39,-341.049,0,0,-0.16741,0,44948.8,3152.11
4.425,0,0,0.0136197,4452.25,-342.151,0,0,-0.167951,0,44852.4,3145.09
4.426,0,0,0.0134515,4444.14,-343.238,0,0,-0.168485,0,44756,3138.08
4.427,0,0,0.0132827,4436.04,-344.312,0,0,-0.169013,0,44659.6,3131.06
4.428,0,0,0.0131135,4427.97,-345.373,0,0,-0.169534,0,44563.2,3124.04
4.429,0,0,0.0129437,4419.92,-346.42,0,0,-0.170048,0,44466.8,3117.02
4.43,0,0,0.0127734,4411.89,-347.453,0,0,-0.170556,0,44370.4,3110.01
4.431,0,0,0.0126026,4403.89,-348.473,0,0,-0.171057,0,44274.1,3103
4.432,0,0,0.0124313,4395.91,-349.479,0,0,-0.171551,0,44177.8,3095.98
4.433,0,0,0.0122595,4387.95,-350.471,0,0,-0.172038,0,44081.4,3088.98
4.434,0,0,0.0120872,4380.01,-351.449,0,0,-0.172519,0,43985.2,3081.97
4.435,0,0,0.0119144,4372.1,-352.414,0,0,-0.172993,0,43888.9,3074.97
4.436,0,0,0.0117412,4364.22,-353.364,0,0,-0.17346,0,43792.7,3067.97
4.437,0,0,0.0115675,4356.35,-354.301,0,0,-0.17392,0,43696.6,3060.97
4.438,0,0,0.0113934,4348.52,-355.223,0,0,-0.174373,0,43600.5,3053.98
4.439,0,0,0.0112188,4340.7,-356.132,0,0,-0.174819,0,43504.5,3046.99
4.44,0,0,0.0110437,4332.91,-357.026,0,0,-0.175259,0,43408.5,3040.01
4.441,0,0,0.0108683,4325.15,-357.907,0,0,-0.175691,0,43312.6,3033.04
4.442,0,0,0.0106924,4317.41,-358.773,0,0,-0.176117,0,43216.7,3026.07
4.443,0,0,0.010516,4309.7,-359.625,0,0,-0.176535,0,43121,3019.1
4.444,0,0,0.0103393,4302.01,-360.463,0,0,-0.176947,0,43025.3,3012.14
4.445,0,0,0.0101621,4294.35,-361.287,0,0,-0.177352,0,42929.7,3005.19
4.446,0,0,0.00998459,4286.71,-362.096,0,0,-0.17775,0,42834.2,2998.25
4.447,0,0,0.00980664,4279.11,-362.891,0,0,-0.17814,0,42738.8,2991.31
4.448,0,0,0.00962831,4271.52,-363.672,0,0,-0.178524,0,42643.5,2984.38
4.449,0,0,0.0094496,4263.97,-364.439,0,0,-0.1789,0,42548.4,2977.46
4.45,0,0,0.00927051,4256.44,-365.191,0,0,-0.17927,0,42453.3,2970.55
4.451,0,0,0.00909106,4248.94,-365.929,0,0,-0.179632,0,42358.3,2963.65
4.452,0,0,0.00891125,4241.46,-366.652,0,0,-0.179988,0,42263.4,2956.75
4.453,0,0,0.00873109,4234.02,-367.361,0,0,-0.180336,0,42168.7,2949.87
4.454,0,0,0.00855058,4226.6,-368.055,0,0,-0.180677,0,42074.1,2942.99
4.455,0,0,0.00836973,4219.21,-368.735,0,0,-0.181011,0,41979.6,2936.12
4.456,0,0,0.00818856,4211.84,-369.401,0,0,-0.181338,0,41885.3,2929.27
4.457,0,0,0.00800706,4204.51,-370.051,0,0,-0.181658,0,41791.1,2922.42
4.458,0,0,0.00782525,4197.2,-370.687,0,0,-0.18197,0,41697,2915.59
4.459,0,0,0.00764312,4189.92,-371.309,0,0,-0.182275,0,41603.1,2908.77
4.46,0,0,0.0074607,4182.67,-371.916,0,0,-0.182574,0,41509.4,2901.95
4.461,0,0,0.00727798,4175.45,-372.508,0,0,-0.182865,0,41415.8,2895.15
4.462,0,0,0.00709497,4168.26,-373.086,0,0,-0.183148,0,41322.3,2888.37
4.463,0,0,0.00691168,4161.1,-373.648,0,0,-0.183425,0,41229,2881.59
4.464,0,0,0.00672812,4153.96,-374.196,0,0,-0.183694,0,41135.9,2874.83
4.465,0,0,0.0065443,4146.86,-374.73,0,0,-0.183956,0,41043,2868.07
4.466,0,0,0.00636021,4139.78,-375.248,0,0,-0.184211,0,40950.2,2861.34
4.467,0,0,0.00617588,4132.74,-375.752,0,0,-0.184458,0,40857.6,2854.61
4.468,0,0,0.0059913,4125.72,-376.241,0,0,-0.184698,0,40765.2,2847.9
4.469,0,0,0.00580648,4118.74,-376.715,0,0,-0.184931,0,40672.9,2841.2
4.47,0,0,0.00562144,4111.78,-377.174,0,0,-0.185157,0,40580.9,2834.52
4.471,0,0,0.00543617,4104.86,-377.618,0,0,-0.185375,0,40489,2827.85
4.472,0,0,0.00525069,4097.96,-378.048,0,0,-0.185586,0,40397.4,2821.2
4.473,0,0,0.005065,4091.1,-378.462,0,0,-0.18579,0,40305.9,2814.56
4.474,0,0,0.00487911,4084.27,-378.862,0,0,-0.185986,0,40214.7,2807.93
4.475,0,0,0.00469303,4077.46,-379.246,0,0,-0.186175,0,40123.6,2801.32
4.476,0,0,0.00450677,4070.69,-379.616,0,0,-0.186356,0,40032.8,2794.73
4.477,0,0,0.00432032,4063.95,-379.971,0,0,-0.186531,0,39942.1,2788.15
4.478,0,0,0.00413371,4057.24,-380.31,0,0,-0.186698,0,39851.7,2781.59
4.479,0,0,0.00394693,4050.56,-380.635,0,0,-0.186857,0,39761.5,2775.04
4.48,0,0,0.00376,4043.91,-380.945,0,0,-0.187009,0,39671.5,2768.51
4.481,0,0,0.00357291,4037.3,-381.239,0,0,-0.187154,0,39581.7,2762
4.482,0,0,0.00338569,4030.71,-381.519,0,0,-0.187291,0,39492.2,2755.51
4.483,0,0,0.00319833,4024.16,-381.783,0,0,-0.187421,0,39402.9,2749.03
4.484,0,0,0.00301085,4017.63,-382.033,0,0,-0.187544,0,39313.8,2742.56
4.485,0,0,0.00282325,4011.14,-382.267,0,0,-0.187659,0,39225,2736.12
4.486,0,0,0.00263554,4004.68,-382.487,0,0,-0.187767,0,39136.4,2729.69
4.487,0,0,0.00244772,3998.26,-382.691,0,0,-0.187867,0,39048,2723.28
4.488,0,0,0.0022598,3991.86,-382.88,0,0,-0.18796,0,38959.9,2716.89
4.489,0,0,0.0020718,3985.5,-383.054,0,0,-0.188046,0,38872,2710.52
4.49,0,0,0.00188372,3979.17,-383.213,0,0,-0.188124,0,38784.4,2704.17
4.491,0,0,0.00169556,3972.87,-383.357,0,0,-0.188194,0,38697,2697.83
4.492,0,0,0.00150733,3966.6,-383.486,0,0,-0.188257,0,38609.9,2691.51
4.493,0,0,0.00131904,3960.37,-383.599,0,0,-0.188313,0,38523,2685.22
4.494,0,0,0.00113071,3954.17,-383.698,0,0,-0.188362,0,38436.4,2678.94
4.495,0,0,0.000942323,3948,-383.781,0,0,-0.188403,0,38350.1,2672.68
4.496,0,0,0.000753903,3941.86,-383.849,0,0,-0.188436,0,38264,2666.44
4.497,0,0,0.000565453,3935.76,-383.902,0,0,-0.188462,0,38178.1,2660.22
4.498,0,0,0.000376981,3929.69,-383.94,0,0,-0.188481,0,38092.6,2654.02
4.499,0,0,0.000188494,3923.65,-383.963,0,0,-0.188492,0,38007.3,2647.84
4.5,0,0,3.06219e-14,3917.65,-383.97,0,0,-0.188496,0,37922.3,2641.68
4.501,0,0,-0.000188494,3911.67,-383.963,0,0,-0.188492,0,37837.6,2635.54
4.502,0,0,-0.000376981,3905.73,-383.94,0,0,-0.188481,0,37753.1,2629.42
4.503,0,0,-0.000565453,3899.83,-383.902,0,0,-0.188462,0,37668.9,2623.32
4.504,0,0,-0.000753903,3893.95,-383.849,0,0,-0.188436,0,37585,2617.24
4.505,0,0,-0.000942323,3888.11,-383.781,0,0,-0.188403,0,37501.4,2611.18
4.506,0,0,-0.00113071,3882.31,-383.698,0,0,-0.188362,0,37418.1,2605.15
4.507,0,0,-0.00131904,3876.53,-383.599,0,0,-0.188313,0,37335.1,2599.13
4.508,0,0,-0.00150733,3870.79,-383.486,0,0,-0.188257,0,37252.3,2593.14
4.509,0,0,-0.00169556,3865.08,-383.357,0,0,-0.188194,0,37169.9,2587.17
4.51,0,0,-0.00188372,3859.41,-383.213,0,0,-0.188124,0,37087.7,2581.22
4.511,0,0,-0.0020718,3853.77,-383.054,0,0,-0.188046,0,37005.8,2575.29
4.512,0,0,-0.0022598,3848.16,-382.88,0,0,-0.18796,0,36924.2,2569.38
4.513,0,0,-0.00244772,3842.59,-382.691,0,0,-0.187867,0,36843,2563.5
4.514,0,0,-0.00263554,3837.05,-382.487,0,0,-0.187767,0,36762,2557.63
4.515,0,0,-0.00282325,3831.54,-382.267,0,0,-0.187659,0,36681.3,2551.79
4.516,0,0,-0.00301085,3826.07,-382.033,0,0,-0.187544,0,36600.9,2545.97
4.517,0,0,-0.00319833,3820.63,-381.783,0,0,-0.187421,0,36520.9,2540.18
4.518,0,0,-0.00338569,3815.22,-381.519,0,0,-0.187291,0,36441.1,2534.41
4.519,0,0,-0.00357291,3809.85,-381.239,0,0,-0.187154,0,36361.7,2528.65
4.52,0,0,-0.00376,3804.51,-380.945,0,0,-0.187009,0,36282.5,2522.93
4.521,0,0,-0.00394693,3799.21,-380.635,0,0,-0.186857,0,36203.7,2517.22
4.522,0,0,-0.00413371,3793.94,-380.31,0,0,-0.186698,0,36125.2,2511.54
4.523,0,0,-0.00432032,3788.7,-379.971,0,0,-0.186531,0,36047,2505.88
4.524,0,0,-0.00450677,3783.5,-379.616,0,0,-0.186356,0,35969.1,2500.25
4.525,0,0,-0.00469303,3778.33,-379.246,0,0,-0.186175,0,35891.5,2494.63
4.526,0,0,-0.00487911,3773.19,-378.862,0,0,-0.185986,0,35814.3,2489.05
4.527,0,0,-0.005065,3768.09,-378.462,0,0,-0.18579,0,35737.3,2483.48
4.528,0,0,-0.00525069,3763.02,-378.048,0,0,-0.185586,0,35660.7,2477.94
4.529,0,0,-0.00543617,3757.99,-377.618,0,0,-0.185375,0,35584.4,2472.42
4.53,0,0,-0.00562144,3752.99,-377.174,0,0,-0.185157,0,35508.5,2466.93
4.531,0,0,-0.00580648,3748.03,-376.715,0,0,-0.184931,0,35432.8,2461.46
4.532,0,0,-0.0059913,3743.09,-376.241,0,0,-0.184698,0,35357.5,2456.01
4.533,0,0,-0.00617588,3738.2,-375.752,0,0,-0.184458,0,35282.5,2450.59
4.534,0,0,-0.00636021,3733.33,-375.248,0,0,-0.184211,0,35207.9,2445.19
4.535,0,0,-0.0065443,3728.5,-374.73,0,0,-0.183956,0,35133.5,2439.81
4.536,0,0,-0.00672812,3723.71,-374.196,0,0,-0.183694,0,35059.5,2434.46
4.537,0,0,-0.00691168,3718.95,-373.648,0,0,-0.183425,0,34985.9,2429.14
4.538,0,0,-0.00709497,3714.22,-373.086,0,0,-0.183148,0,34912.5,2423.84
4.539,0,0,-0.00727798,3709.52,-372.508,0,0,-0.182865,0,34839.5,2418.56
4.54,0,0,-0.0074607,3704.87,-371.916,0,0,-0.182574,0,34766.9,2413.31
4.541,0,0,-0.00764312,3700.24,-371.309,0,0,-0.182275,0,34694.5,2408.08
4.542,0,0,-0.00782525,3695.65,-370.687,0,0,-0.18197,0,34622.6,2402.88
4.543,0,0,-0.00800706,3691.09,-370.051,0,0,-0.181658,0,34550.9,2397.7
4.544,0,0,-0.00818856,3686.57,-369.401,0,0,-0.181338,0,34479.6,2392.55
4.545,0,0,-0.00836973,3682.08,-368.735,0,0,-0.181011,0,34408.6,2387.42
4.546,0,0,-0.00855058,3677.62,-368.055,0,0,-0.180677,0,34338,2382.31
4.547,0,0,-0.00873109,3673.2,-367.361,0,0,-0.180336,0,34267.7,2377.23
4.548,0,0,-0.00891125,3668.82,-366.652,0,0,-0.179988,0,34197.7,2372.18
4.549,0,0,-0.00909106,3664.46,-365.929,0,0,-0.179632,0,34128.1,2367.15
4.55,0,0,-0.00927051,3660.15,-365.191,0,0,-0.17927,0,34058.8,2362.15
4.551,0,0,-0.0094496,3655.86,-364.439,0,0,-0.1789,0,33989.9,2357.17
4.552,0,0,-0.00962831,3651.61,-363.672,0,0,-0.178524,0,33921.3,2352.22
4.553,0,0,-0.00980664,3647.4,-362.891,0,0,-0.17814,0,33853.1,2347.29
4.554,0,0,-0.00998459,3643.21,-362.096,0,0,-0.17775,0,33785.2,2342.39
4.555,0,0,-0.0101621,3639.07,-361.287,0,0,-0.177352,0,33717.7,2337.51
4.556,0,0,-0.0103393,3634.95,-360.463,0,0,-0.176947,0,33650.5,2332.66
4.557,0,0,-0.010516,3630.87,-359.625,0,0,-0.176535,0,33583.6,2327.83
4.558,0,0,-0.0106924,3626.83,-358.773,0,0,-0.176117,0,33517.1,2323.03
4.559,0,0,-0.0108683,3622.81,-357.907,0,0,-0.175691,0,33451,2318.25
4.56,0,0,-0.0110437,3618.84,-357.026,0,0,-0.175259,0,33385.2,2313.5
4.561,0,0,-0.0112188,3614.89,-356.132,0,0,-0.174819,0,33319.7,2308.78
4.562,0,0,-0.0113934,3610.98,-355.223,0,0,-0.174373,0,33254.6,2304.08
4.563,0,0,-0.0115675,3607.11,-354.301,0,0,-0.17392,0,33189.9,2299.4
4.564,0,0,-0.0117412,3603.27,-353.364,0,0,-0.17346,0,33125.5,2294.76
4.565,0,0,-0.0119144,3599.46,-352.414,0,0,-0.172993,0,33061.4,2290.13
4.566,0,0,-0.0120872,3595.69,-351.449,0,0,-0.172519,0,32997.7,2285.54
4.567,0,0,-0.0122595,3591.95,-350.471,0,0,-0.172038,0,32934.4,2280.97
4.568,0,0,-0.0124313,3588.24,-349.479,0,0,-0.171551,0,32871.4,2276.42
4.569,0,0,-0.0126026,3584.57,-348.473,0,0,-0.171057,0,32808.8,2271.9
4.57,0,0,-0.0127734,3580.93,-347.453,0,0,-0.170556,0,32746.5,2267.41
4.571,0,0,-0.0129437,3577.33,-346.42,0,0,-0.170048,0,32684.5,2262.94
4.572,0,0,-0.0131135,3573.76,-345.373,0,0,-0.169534,0,32623,2258.5
4.573,0,0,-0.0132827,3570.22,-344.312,0,0,-0.169013,0,32561.8,2254.08
4.574,0,0,-0.0134515,3566.72,-343.238,0,0,-0.168485,0,32500.9,2249.69
4.575,0,0,-0.0136197,3563.25,-342.151,0,0,-0.167951,0,32440.4,2245.33
4.576,0,0,-0.0137874,3559.82,-341.049,0,0,-0.16741,0,32380.2,2240.99
4.577,0,0,-0.0139545,3556.42,-339.935,0,0,-0.166862,0,32320.4,2236.68
4.578,0,0,-0.0141211,3553.05,-338.807,0,0,-0.166308,0,32261,2232.39
4.579,0,0,-0.0142871,3549.72,-337.665,0,0,-0.165747,0,32201.9,2228.13
4.58,0,0,-0.0144526,3546.42,-336.51,0,0,-0.16518,0,32143.2,2223.89
4.581,0,0,-0.0146175,3543.15,-335.342,0,0,-0.164606,0,32084.8,2219.68
4.582,0,0,-0.0147818,3539.92,-334.161,0,0,-0.164026,0,32026.8,2215.5
4.583,0,0,-0.0149456,3536.72,-332.967,0,0,-0.163439,0,31969.1,2211.35
4.584,0,0,-0.0151087,3533.56,-331.759,0,0,-0.162846,0,31911.8,2207.21
4.585,0,0,-0.0152712,3530.43,-330.538,0,0,-0.162246,0,31854.9,2203.11
4.586,0,0,-0.0154332,3527.33,-329.305,0,0,-0.16164,0,31798.3,2199.03
4.587,0,0,-0.0155945,3524.27,-328.058,0,0,-0.161028,0,31742.1,2194.98
4.588,0,0,-0.0157552,3521.24,-326.798,0,0,-0.160409,0,31686.2,2190.95
4.589,0,0,-0.0159153,3518.25,-325.526,0,0,-0.159784,0,31630.7,2186.95
4.59,0,0,-0.0160748,3515.29,-324.241,0,0,-0.159152,0,31575.5,2182.97
4.591,0,0,-0.0162336,3512.36,-322.942,0,0,-0.158514,0,31520.7,2179.02
4.592,0,0,-0.0163918,3509.46,-321.631,0,0,-0.15787,0,31466.3,2175.1
4.593,0,0,-0.0165494,3506.6,-320.308,0,0,-0.15722,0,31412.2,2171.2
4.594,0,0,-0.0167063,3503.77,-318.972,0,0,-0.156564,0,31358.5,2167.33
4.595,0,0,-0.0168625,3500.98,-317.623,0,0,-0.155901,0,31305.1,2163.49
4.596,0,0,-0.0170181,3498.22,-316.262,0,0,-0.155232,0,31252.1,2159.67
4.597,0,0,-0.017173,3495.49,-314.888,0,0,-0.154557,0,31199.4,2155.88
4.598,0,0,-0.0173272,3492.8,-313.502,0,0,-0.153876,0,31147.1,2152.11
4.599,0,0,-0.0174807,3490.14,-312.103,0,0,-0.153189,0,31095.2,2148.37
4.6,0,0,-0.0176336,3487.51,-310.692,0,0,-0.152496,0,31043.6,2144.65
4.601,0,0,-0.0177857,3484.92,-309.269,0,0,-0.151797,0,30992.4,2140.96
4.602,0,0,-0.0179371,3482.36,-307.834,0,0,-0.151092,0,30941.5,2137.3
4.603,0,0,-0.0180879,3479.83,-306.386,0,0,-0.150381,0,30891,2133.66
4.604,0,0,-0.0182379,3477.34,-304.927,0,0,-0.149664,0,30840.9,2130.05
4.605,0,0,-0.0183872,3474.88,-303.455,0,0,-0.148941,0,30791.1,2126.47
4.606,0,0,-0.0185358,3472.46,-301.971,0,0,-0.148212,0,30741.7,2122.91
4.607,0,0,-0.0186836,3470.06,-300.476,0,0,-0.147477,0,30692.6,2119.37
4.608,0,0,-0.0188307,3467.7,-298.969,0,0,-0.146737,0,30643.9,2115.87
4.609,0,0,-0.0189771,3465.38,-297.45,0,0,-0.14599,0,30595.5,2112.38
4.61,0,0,-0.0191227,3463.08,-295.919,0,0,-0.145238,0,30547.5,2108.93
4.611,0,0,-0.0192676,3460.82,-294.376,0,0,-0.144481,0,30499.9,2105.5
4.612,0,0,-0.0194117,3458.6,-292.822,0,0,-0.143717,0,30452.6,2102.09
4.613,0,0,-0.019555,3456.4,-291.256,0,0,-0.142948,0,30405.6,2098.71
4.614,0,0,-0.0196976,3454.24,-289.679,0,0,-0.142173,0,30359.1,2095.36
4.615,0,0,-0.0198394,3452.11,-288.091,0,0,-0.141393,0,30312.8,2092.04
4.616,0,0,-0.0199804,3450.02,-286.491,0,0,-0.140607,0,30267,2088.73
4.617,0,0,-0.0201206,3447.96,-284.879,0,0,-0.139815,0,30221.5,2085.46
4.618,0,0,-0.02026,3445.93,-283.257,0,0,-0.139018,0,30176.3,2082.21
4.619,0,0,-0.0203986,3443.93,-281.623,0,0,-0.138215,0,30131.5,2078.99
4.62,0,0,-0.0205364,3441.97,-279.978,0,0,-0.137407,0,30087.1,2075.79
4.621,0,0,-0.0206734,3440.04,-278.323,0,0,-0.136594,0,30043,2072.62
4.622,0,0,-0.0208096,3438.15,-276.656,0,0,-0.135775,0,29999.3,2069.47
4.623,0,0,-0.020945,3436.28,-274.978,0,0,-0.134951,0,29955.9,2066.35
4.624,0,0,-0.0210795,3434.45,-273.29,0,0,-0.134121,0,29912.9,2063.25
4.625,0,0,-0.0212132,3432.66,-271.59,0,0,-0.133286,0,29870.2,2060.18
4.626,0,0,-0.0213461,3430.89,-269.88,0,0,-0.132446,0,29827.9,2057.14
4.627,0,0,-0.0214781,3429.16,-268.16,0,0,-0.131601,0,29785.9,2054.12
4.628,0,0,-0.0216093,3427.46,-266.428,0,0,-0.130751,0,29744.3,2051.13
4.629,0,0,-0.0217396,3425.79,-264.687,0,0,-0.129895,0,29703.1,2048.16
4.63,0,0,-0.0218691,3424.16,-262.934,0,0,-0.129034,0,29662.2,2045.22
4.631,0,0,-0.0219977,3422.56,-261.172,0,0,-0.128168,0,29621.6,2042.31
4.632,0,0,-0.0221254,3420.99,-259.399,0,0,-0.127297,0,29581.4,2039.41
4.633,0,0,-0.0222523,3419.46,-257.616,0,0,-0.126421,0,29541.6,2036.55
4.634,0,0,-0.0223782,3417.96,-255.823,0,0,-0.12554,0,29502.1,2033.71
4.635,0,0,-0.0225033,3416.49,-254.019,0,0,-0.124654,0,29463,2030.9
4.636,0,0,-0.0226275,3415.05,-252.206,0,0,-0.123763,0,29424.2,2028.11
4.637,0,0,-0.0227509,3413.65,-250.383,0,0,-0.122868,0,29385.8,2025.34
4.638,0,0,-0.0228733,3412.27,-248.55,0,0,-0.121967,0,29347.7,2022.61
4.639,0,0,-0.0229948,3410.94,-246.707,0,0,-0.121062,0,29310,2019.89
4.64,0,0,-0.0231154,3409.63,-244.854,0,0,-0.120152,0,29272.6,2017.21
4.641,0,0,-0.0232351,3408.36,-242.992,0,0,-0.119237,0,29235.6,2014.55
4.642,0,0,-0.0233539,3407.11,-241.12,0,0,-0.118317,0,29198.9,2011.91
4.643,0,0,-0.0234717,3405.91,-239.238,0,0,-0.117393,0,29162.6,2009.3
4.644,0,0,-0.0235887,3404.73,-237.347,0,0,-0.116464,0,29126.6,2006.71
4.645,0,0,-0.0237047,3403.59,-235.447,0,0,-0.11553,0,29091,2004.15
4.646,0,0,-0.0238197,3402.48,-233.537,0,0,-0.114592,0,29055.7,2001.62
4.647,0,0,-0.0239338,3401.4,-231.619,0,0,-0.11365,0,29020.8,1999.11
4.648,0,0,-0.024047,3400.35,-229.691,0,0,-0.112702,0,28986.2,1996.62
4.649,0,0,-0.0241592,3399.34,-227.754,0,0,-0.111751,0,28952,1994.16
4.65,0,0,-0.0242705,3398.36,-225.808,0,0,-0.110795,0,28918.1,1991.73
4.651,0,0,-0.0243808,3397.41,-223.853,0,0,-0.109835,0,28884.6,1989.32
4.652,0,0,-0.0244902,3396.49,-221.89,0,0,-0.10887,0,28851.4,1986.93
4.653,0,0,-0.0245986,3395.61,-219.917,0,0,-0.107901,0,28818.6,1984.58
4.654,0,0,-0.024706,3394.76,-217.936,0,0,-0.106928,0,28786.1,1982.24
4.655,0,0,-0.0248124,3393.94,-215.947,0,0,-0.10595,0,28754,1979.93
4.656,0,0,-0.0249179,3393.15,-213.948,0,0,-0.104969,0,28722.2,1977.65
4.657,0,0,-0.0250224,3392.39,-211.942,0,0,-0.103983,0,28690.7,1975.39
4.658,0,0,-0.0251258,3391.67,-209.927,0,0,-0.102993,0,28659.6,1973.15
4.659,0,0,-0.0252283,3390.98,-207.904,0,0,-0.101999,0,28628.9,1970.95
4.66,0,0,-0.0253298,3390.32,-205.872,0,0,-0.101001,0,28598.5,1968.76
4.661,0,0,-0.0254303,3389.7,-203.833,0,0,-0.099999,0,28568.4,1966.6
4.662,0,0,-0.0255298,3389.1,-201.785,0,0,-0.0989931,0,28538.7,1964.47
4.663,0,0,-0.0256283,3388.54,-199.73,0,0,-0.0979833,0,28509.3,1962.36
4.664,0,0,-0.0257258,3388.01,-197.666,0,0,-0.0969696,0,28480.3,1960.27
4.665,0,0,-0.0258223,3387.52,-195.595,0,0,-0.095952,0,28451.6,1958.21
4.666,0,0,-0.0259177,3387.05,-193.516,0,0,-0.0949307,0,28423.3,1956.18
4.667,0,0,-0.0260121,3386.62,-191.43,0,0,-0.0939057,0,28395.3,1954.17
4.668,0,0,-0.0261055,3386.22,-189.335,0,0,-0.0928769,0,28367.7,1952.18
4.669,0,0,-0.0261979,3385.85,-187.234,0,0,-0.0918445,0,28340.4,1950.22
4.67,0,0,-0.0262892,3385.52,-185.125,0,0,-0.0908084,0,28313.4,1948.28
4.671,0,0,-0.0263795,3385.21,-183.009,0,0,-0.0897688,0,28286.8,1946.37
4.672,0,0,-0.0264687,3384.94,-180.885,0,0,-0.0887256,0,28260.5,1944.49
4.673,0,0,-0.0265569,3384.7,-178.755,0,0,-0.0876789,0,28234.6,1942.62
4.674,0,0,-0.0266441,3384.49,-176.617,0,0,-0.0866288,0,28209,1940.79
4.675,0,0,-0.0267302,3384.32,-174.473,0,0,-0.0855752,0,28183.7,1938.97
4.676,0,0,-0.0268152,3384.17,-172.321,0,0,-0.0845182,0,28158.8,1937.18
4.677,0,0,-0.0268992,3384.06,-170.163,0,0,-0.083458,0,28134.3,1935.42
4.678,0,0,-0.0269822,3383.98,-167.998,0,0,-0.0823944,0,28110,1933.68
4.679,0,0,-0.027064,3383.93,-165.826,0,0,-0.0813275,0,28086.1,1931.97
4.68,0,0,-0.0271448,3383.92,-163.648,0,0,-0.0802575,0,28062.6,1930.27
4.681,0,0,-0.0272245,3383.93,-161.464,0,0,-0.0791843,0,28039.4,1928.61
4.682,0,0,-0.0273032,3383.98,-159.273,0,0,-0.078108,0,28016.5,1926.97
4.683,0,0,-0.0273807,3384.06,-157.076,0,0,-0.0770285,0,27994,1925.35
4.684,0,0,-0.0274572,3384.17,-154.872,0,0,-0.0759461,0,27971.8,1923.76
4.685,0,0,-0.0275326,3384.31,-152.663,0,0,-0.0748606,0,27950,1922.19
4.686,0,0,-0.027607,3384.49,-150.447,0,0,-0.0737722,0,27928.5,1920.65
4.687,0,0,-0.0276802,3384.7,-148.226,0,0,-0.0726809,0,27907.3,1919.13
4.688,0,0,-0.0277523,3384.94,-145.998,0,0,-0.0715867,0,27886.5,1917.63
4.689,0,0,-0.0278234,3385.21,-143.765,0,0,-0.0704896,0,27866,1916.16
4.69,0,0,-0.0278933,3385.51,-141.527,0,0,-0.0693898,0,27845.8,1914.71
4.691,0,0,-0.0279621,3385.85,-139.283,0,0,-0.0682873,0,27826,1913.29
4.692,0,0,-0.0280299,3386.21,-137.033,0,0,-0.0671821,0,27806.5,1911.89
4.693,0,0,-0.0280965,3386.61,-134.778,0,0,-0.0660742,0,27787.4,1910.52
4.694,0,0,-0.028162,3387.04,-132.517,0,0,-0.0649637,0,27768.6,1909.17
4.695,0,0,-0.0282264,3387.5,-130.251,0,0,-0.0638506,0,27750.1,1907.84
4.696,0,0,-0.0282897,3388,-127.981,0,0,-0.062735,0,27732,1906.54
4.697,0,0,-0.0283519,3388.52,-125.705,0,0,-0.0616169,0,27714.2,1905.27
4.698,0,0,-0.0284129,3389.08,-123.424,0,0,-0.0604964,0,27696.8,1904.01
4.699,0,0,-0.0284729,3389.67,-121.138,0,0,-0.0593736,0,27679.6,1902.79
4.7,0,0,-0.0285317,3390.29,-118.848,0,0,-0.0582483,0,27662.9,1901.58
4.701,0,0,-0.0285894,3390.94,-116.553,0,0,-0.0571208,0,27646.4,1900.4
4.702,0,0,-0.0286459,3391.63,-114.253,0,0,-0.055991,0,27630.3,1899.24
4.703,0,0,-0.0287014,3392.35,-111.949,0,0,-0.054859,0,27614.5,1898.11
4.704,0,0,-0.0287557,3393.09,-109.64,0,0,-0.0537249,0,27599.1,1897
4.705,0,0,-0.0288088,3393.87,-107.327,0,0,-0.0525886,0,27584,1895.92
4.706,0,0,-0.0288608,3394.68,-105.01,0,0,-0.0514502,0,27569.2,1894.86
4.707,0,0,-0.0289117,3395.53,-102.689,0,0,-0.0503098,0,27554.8,1893.82
4.708,0,0,-0.0289614,3396.4,-100.363,0,0,-0.0491675,0,27540.7,1892.81
4.709,0,0,-0.02901,3397.31,-98.0342,0,0,-0.0480232,0,27526.9,1891.82
4.71,0,0,-0.0290575,3398.25,-95.7011,0,0,-0.0468769,0,27513.5,1890.86
4.711,0,0,-0.0291038,3399.22,-93.3641,0,0,-0.0457289,0,27500.4,1889.92
4.712,0,0,-0.029149,3400.22,-91.0236,0,0,-0.044579,0,27487.6,1889
4.713,0,0,-0.029193,3401.25,-88.6794,0,0,-0.0434274,0,27475.2,1888.11
4.714,0,0,-0.0292358,3402.32,-86.3317,0,0,-0.042274,0,27463.1,1887.24
4.715,0,0,-0.0292775,3403.41,-83.9807,0,0,-0.041119,0,27451.3,1886.4
4.716,0,0,-0.029318,3404.54,-81.6263,0,0,-0.0399624,0,27439.9,1885.58
4.717,0,0,-0.0293574,3405.7,-79.2687,0,0,-0.0388042,0,27428.8,1884.78
4.718,0,0,-0.0293957,3406.89,-76.908,0,0,-0.0376444,0,27418,1884.01
4.719,0,0,-0.0294327,3408.12,-74.5443,0,0,-0.0364832,0,27407.5,1883.26
4.72,0,0,-0.0294686,3409.37,-72.1777,0,0,-0.0353205,0,27397.4,1882.54
4.721,0,0,-0.0295034,3410.66,-69.8082,0,0,-0.0341565,0,27387.7,1881.84
4.722,0,0,-0.0295369,3411.97,-67.4359,0,0,-0.0329911,0,27378.2,1881.16
4.723,0,0,-0.0295693,3413.32,-65.0611,0,0,-0.0318244,0,27369.1,1880.51
4.724,0,0,-0.0296006,3414.71,-62.6836,0,0,-0.0306564,0,27360.4,1879.88
4.725,0,0,-0.0296307,3416.12,-60.3037,0,0,-0.0294872,0,27351.9,1879.27
4.726,0,0,-0.0296596,3417.56,-57.9214,0,0,-0.0283169,0,27343.8,1878.69
4.727,0,0,-0.0296873,3419.04,-55.5369,0,0,-0.0271454,0,27336,1878.13
4.728,0,0,-0.0297138,3420.55,-53.1502,0,0,-0.0259729,0,27328.6,1877.6
4.729,0,0,-0.0297392,3422.08,-50.7613,0,0,-0.0247993,0,27321.5,1877.09
4.73,0,0,-0.0297634,3423.66,-48.3705,0,0,-0.0236248,0,27314.7,1876.6
4.731,0,0,-0.0297865,3425.26,-45.9778,0,0,-0.0224493,0,27308.2,1876.14
4.732,0,0,-0.0298083,3426.89,-43.5833,0,0,-0.0212729,0,27302.1,1875.7
4.733,0,0,-0.029829,3428.56,-41.1871,0,0,-0.0200957,0,27296.3,1875.28
4.734,0,0,-0.0298485,3430.25,-38.7892,0,0,-0.0189177,0,27290.9,1874.89
4.735,0,0,-0.0298669,3431.98,-36.3899,0,0,-0.017739,0,27285.8,1874.53
4.736,0,0,-0.029884,3433.74,-33.9891,0,0,-0.0165596,0,27281,1874.18
4.737,0,0,-0.0299,3435.53,-31.587,0,0,-0.0153795,0,27276.5,1873.86
4.738,0,0,-0.0299148,3437.36,-29.1836,0,0,-0.0141988,0,27272.4,1873.56
4.739,0,0,-0.0299284,3439.21,-26.7791,0,0,-0.0130175,0,27268.6,1873.29
4.74,0,0,-0.0299408,3441.1,-24.3736,0,0,-0.0118357,0,27265.1,1873.04
4.741,0,0,-0.029952,3443.01,-21.9671,0,0,-0.0106535,0,27261.9,1872.82
4.742,0,0,-0.0299621,3444.96,-19.5598,0,0,-0.00947083,0,27259.1,1872.62
4.743,0,0,-0.029971,3446.94,-17.1517,0,0,-0.0082878,0,27256.7,1872.44
4.744,0,0,-0.0299787,3448.96,-14.7429,0,0,-0.00710443,0,27254.5,1872.28
4.745,0,0,-0.0299852,3451,-12.3335,0,0,-0.00592079,0,27252.7,1872.15
4.746,0,0,-0.0299905,3453.07,-9.92373,0,0,-0.00473691,0,27251.2,1872.05
4.747,0,0,-0.0299947,3455.18,-7.51353,0,0,-0.00355285,0,27250,1871.96
4.748,0,0,-0.0299976,3457.32,-5.10305,0,0,-0.00236864,0,27249.2,1871.91
4.749,0,0,-0.0299994,3459.49,-2.69237,0,0,-0.00118434,0,27248.7,1871.87
4.75,0,0,-0.03,3461.69,-1.90604e-10,0,0,-9.36384e-14,0,27248.6,1871.86
4.751,0,0,-0.0299994,3463.92,2.69237,0,0,0.00118434,0,27248.7,1871.87
4.752,0,0,-0.0299976,3466.19,5.10305,0,0,0.00236864,0,27249.2,1871.91
4.753,0,0,-0.0299947,3468.48,7.51353,0,0,0.00355285,0,27250,1871.96
4.754,0,0,-0.0299905,3470.81,9.92373,0,0,0.00473691,0,27251.2,1872.05
4.755,0,0,-0.0299852,3473.17,12.3335,0,0,0.00592079,0,27252.7,1872.15
4.756,0,0,-0.0299787,3475.56,14.7429,0,0,0.00710443,0,27254.5,1872.28
4.757,0,0,-0.029971,3477.98,17.1517,0,0,0.0082878,0,27256.7,1872.44
4.758,0,0,-0.0299621,3480.43,19.5598,0,0,0.00947083,0,27259.1,1872.62
4.759,0,0,-0.029952,3482.92,21.9671,0,0,0.0106535,0,27261.9,1872.82
4.76,0,0,-0.0299408,3485.43,24.3736,0,0,0.0118357,0,27265.1,1873.04
4.761,0,0,-0.0299284,3487.98,26.7791,0,0,0.0130175,0,27268.6,1873.29
4.762,0,0,-0.0299148,3490.56,29.1836,0,0,0.0141988,0,27272.4,1873.56
4.763,0,0,-0.0299,3493.17,31.587,0,0,0.0153795,0,27276.5,1873.86
4.764,0,0,-0.029884,3495.81,33.9891,0,0,0.0165596,0,27281,1874.18
4.765,0,0,-0.0298669,3498.49,36.3899,0,0,0.017739,0,27285.8,1874.53
4.766,0,0,-0.0298485,3501.19,38.7892,0,0,0.0189177,0,27290.9,1874.89
4.767,0,0,-0.029829,3503.93,41.1871,0,0,0.0200957,0,27296.3,1875.28
4.768,0,0,-0.0298083,3506.69,43.5833,0,0,0.0212729,0,27302.1,1875.7
4.769,0,0,-0.0297865,3509.49,45.9778,0,0,0.0224493,0,27308.2,1876.14
4.77,0,0,-0.0297634,3512.32,48.3705,0,0,0.0236248,0,27314.7,1876.6
4.771,0,0,-0.0297392,3515.19,50.7613,0,0,0.0247993,0,27321.5,1877.09
4.772,0,0,-0.0297138,3518.08,53.1502,0,0,0.0259729,0,27328.6,1877.6
4.773,0,0,-0.0296873,3521,55.5369,0,0,0.0271454,0,27336,1878.13
4.774,0,0,-0.0296596,3523.96,57.9214,0,0,0.0283169,0,27343.8,1878.69
4.775,0,0,-0.0296307,3526.95,60.3037,0,0,0.0294872,0,27351.9,1879.27
4.776,0,0,-0.0296006,3529.97,62.6836,0,0,0.0306564,0,27360.4,1879.88
4.777,0,0,-0.0295693,3533.02,65.0611,0,0,0.0318244,0,27369.1,1880.51
4.778,0,0,-0.0295369,3536.1,67.4359,0,0,0.0329911,0,27378.2,1881.16
4.779,0,0,-0.0295034,3539.21,69.8082,0,0,0.0341565,0,27387.7,1881.84
4.78,0,0,-0.0294686,3542.36,72.1777,0,0,0.0353205,0,27397.4,1882.54
4.781,0,0,-0.0294327,3545.53,74.5443,0,0,0.0364832,0,27407.5,1883.26
4.782,0,0,-0.0293957,3548.74,76.908,0,0,0.0376444,0,27418,1884.01
4.783,0,0,-0.0293574,3551.98,79.2687,0,0,0.0388042,0,27428.8,1884.78
4.784,0,0,-0.029318,3555.25,81.6263,0,0,0.0399624,0,27439.9,1885.58
4.785,0,0,-0.0292775,3558.55,83.9807,0,0,0.041119,0,27451.3,1886.4
4.786,0,0,-0.0292358,3561.88,86.3317,0,0,0.042274,0,27463.1,1887.24
4.787,0,0,-0.029193,3565.24,88.6794,0,0,0.0434274,0,27475.2,1888.11
4.788,0,0,-0.029149,3568.64,91.0236,0,0,0.044579,0,27487.6,1889
4.789,0,0,-0.0291038,3572.07,93.3641,0,0,0.0457289,0,27500.4,1889.92
4.79,0,0,-0.0290575,3575.52,95.7011,0,0,0.0468769,0,27513.5,1890.86
4.791,0,0,-0.02901,3579.01,98.0342,0,0,0.0480232,0,27526.9,1891.82
4.792,0,0,-0.0289614,3582.53,100.363,0,0,0.0491675,0,27540.7,1892.81
4.793,0,0,-0.0289117,3586.08,102.689,0,0,0.0503098,0,27554.8,1893.82
4.794,0,0,-0.0288608,3589.67,105.01,0,0,0.0514502,0,27569.2,1894.86
4.795,0,0,-0.0288088,3593.28,107.327,0,0,0.0525886,0,27584,1895.92
4.796,0,0,-0.0287557,3596.93,109.64,0,0,0.0537249,0,27599.1,1897
4.797,0,0,-0.0287014,3600.6,111.949,0,0,0.054859,0,27614.5,1898.11
4.798,0,0,-0.0286459,3604.31,114.253,0,0,0.055991,0,27630.3,1899.24
4.799,0,0,-0.0285894,3608.05,116.553,0,0,0.0571208,0,27646.4,1900.4
4.8,0,0,-0.0285317,3611.82,118.848,0,0,0.0582483,0,27662.9,1901.58
4.801,0,0,-0.0284729,3615.62,121.138,0,0,0.0593736,0,27679.6,1902.79
4.802,0,0,-0.0284129,3619.45,123.424,0,0,0.0604964,0,27696.8,1904.01
4.803,0,0,-0.0283519,3623.32,125.705,0,0,0.0616169,0,27714.2,1905.27
4.804,0,0,-0.0282897,3627.21,127.981,0,0,0.062735,0,27732,1906.54
4.805,0,0,-0.0282264,3631.14,130.251,0,0,0.0638506,0,27750.1,1907.84
4.806,0,0,-0.028162,3635.1,132.517,0,0,0.0649637,0,27768.6,1909.17
4.807,0,0,-0.0280965,3639.08,134.778,0,0,0.0660742,0,27787.4,1910.52
4.808,0,0,-0.0280299,3643.1,137.033,0,0,0.0671821,0,27806.5,1911.89
4.809,0,0,-0.0279621,3647.15,139.283,0,0,0.0682873,0,27826,1913.29
4.81,0,0,-0.0278933,3651.23,141.527,0,0,0.0693898,0,27845.8,1914.71
4.811,0,0,-0.0278234,3655.35,143.765,0,0,0.0704896,0,27866,1916.16
4.812,0,0,-0.0277523,3659.49,145.998,0,0,0.0715867,0,27886.5,1917.63
4.813,0,0,-0.0276802,3663.67,148.226,0,0,0.0726809,0,27907.3,1919.13
4.814,0,0,-0.027607,3667.87,150.447,0,0,0.0737722,0,27928.5,1920.65
4.815,0,0,-0.0275326,3672.11,152.663,0,0,0.0748606,0,27950,1922.19
4.816,0,0,-0.0274572,3676.37,154.872,0,0,0.0759461,0,27971.8,1923.76
4.817,0,0,-0.0273807,3680.67,157.076,0,0,0.0770285,0,27994,1925.35
4.818,0,0,-0.0273032,3685,159.273,0,0,0.078108,0,28016.5,1926.97
4.819,0,0,-0.0272245,3689.36,161.464,0,0,0.0791843,0,28039.4,1928.61
4.82,0,0,-0.0271448,3693.75,163.648,0,0,0.0802575,0,28062.6,1930.27
4.821,0,0,-0.027064,3698.18,165.826,0,0,0.0813275,0,28086.1,1931.97
4.822,0,0,-0.0269822,3702.63,167.998,0,0,0.0823944,0,28110,1933.68
4.823,0,0,-0.0268992,3707.11,170.163,0,0,0.083458,0,28134.3,1935.42
4.824,0,0,-0.0268152,3711.63,172.321,0,0,0.0845182,0,28158.8,1937.18
4.825,0,0,-0.0267302,3716.17,174.473,0,0,0.0855752,0,28183.7,1938.97
4.826,0,0,-0.0266441,3720.75,176.617,0,0,0.0866288,0,28209,1940.79
4.827,0,0,-0.0265569,3725.35,178.755,0,0,0.0876789,0,28234.6,1942.62
4.828,0,0,-0.0264687,3729.99,180.885,0,0,0.0887256,0,28260.5,1944.49
4.829,0,0,-0.0263795,3734.66,183.009,0,0,0.0897688,0,28286.8,1946.37
4.83,0,0,-0.0262892,3739.36,185.125,0,0,0.0908084,0,28313.4,1948.28
4.831,0,0,-0.0261979,3744.09,187.234,0,0,0.0918445,0,28340.4,1950.22
4.832,0,0,-0.0261055,3748.84,189.335,0,0,0.0928769,0,28367.7,1952.18
4.833,0,0,-0.0260121,3753.63,191.43,0,0,0.0939057,0,28395.3,1954.17
4.834,0,0,-0.0259177,3758.46,193.516,0,0,0.0949307,0,28423.3,1956.18
4.835,0,0,-0.0258223,3763.31,195.595,0,0,0.095952,0,28451.6,1958.21
4.836,0,0,-0.0257258,3768.19,197.666,0,0,0.0969696,0,28480.3,1960.27
4.837,0,0,-0.0256283,3773.1,199.73,0,0,0.0979833,0,28509.3,1962.36
4.838,0,0,-0.0255298,3778.04,201.785,0,0,0.0989931,0,28538.7,1964.47
4.839,0,0,-0.0254303,3783.01,203.833,0,0,0.099999,0,28568.4,1966.6
4.84,0,0,-0.0253298,3788.02,205.872,0,0,0.101001,0,28598.5,1968.76
4.841,0,0,-0.0252283,3793.05,207.904,0,0,0.101999,0,28628.9,1970.95
4.842,0,0,-0.0251258,3798.11,209.927,0,0,0.102993,0,28659.6,1973.15
4.843,0,0,-0.0250224,3803.21,211.942,0,0,0.103983,0,28690.7,1975.39
4.844,0,0,-0.0249179,3808.33,213.948,0,0,0.104969,0,28722.2,1977.65
4.845,0,0,-0.0248124,3813.48,215.947,0,0,0.10595,0,28754,1979.93
4.846,0,0,-0.024706,3818.67,217.936,0,0,0.106928,0,28786.1,1982.24
4.847,0,0,-0.0245986,3823.88,219.917,0,0,0.107901,0,28818.6,1984.58
4.848,0,0,-0.0244902,3829.13,221.89,0,0,0.10887,0,28851.4,1986.93
4.849,0,0,-0.0243808,3834.4,223.853,0,0,0.109835,0,28884.6,1989.32
4.85,0,0,-0.0242705,3839.7,225.808,0,0,0.110795,0,28918.1,1991.73
4.851,0,0,-0.0241592,3845.04,227.754,0,0,0.111751,0,28952,1994.16
4.852,0,0,-0.024047,3850.4,229.691,0,0,0.112702,0,28986.2,1996.62
4.853,0,0,-0.0239338,3855.79,231.619,0,0,0.11365,0,29020.8,1999.11
4.854,0,0,-0.0238197,3861.21,233.537,0,0,0.114592,0,29055.7,2001.62
4.855,0,0,-0.0237047,3866.67,235.447,0,0,0.11553,0,29091,2004.15
4.856,0,0,-0.0235887,3872.15,237.347,0,0,0.116464,0,29126.6,2006.71
4.857,0,0,-0.0234717,3877.66,239.238,0,0,0.117393,0,29162.6,2009.3
4.858,0,0,-0.0233539,3883.2,241.12,0,0,0.118317,0,29198.9,2011.91
4.859,0,0,-0.0232351,3888.77,242.992,0,0,0.119237,0,29235.6,2014.55
4.86,0,0,-0.0231154,3894.37,244.854,0,0,0.120152,0,29272.6,2017.21
4.861,0,0,-0.0229948,3900,246.707,0,0,0.121062,0,29310,2019.89
4.862,0,0,-0.0228733,3905.66,248.55,0,0,0.121967,0,29347.7,2022.61
4.863,0,0,-0.0227509,3911.34,250.383,0,0,0.122868,0,29385.8,2025.34
4.864,0,0,-0.0226275,3917.06,252.206,0,0,0.123763,0,29424.2,2028.11
4.865,0,0,-0.0225033,3922.81,254.019,0,0,0.124654,0,29463,2030.9
4.866,0,0,-0.0223782,3928.58,255.823,0,0,0.12554,0,29502.1,2033.71
4.867,0,0,-0.0222523,3934.38,257.616,0,0,0.126421,0,29541.6,2036.55
4.868,0,0,-0.0221254,3940.22,259.399,0,0,0.127297,0,29581.4,2039.41
4.869,0,0,-0.0219977,3946.08,261.172,0,0,0.128168,0,29621.6,2042.31
4.87,0,0,-0.0218691,3951.97,262.934,0,0,0.129034,0,29662.2,2045.22
4.871,0,0,-0.0217396,3957.89,264.687,0,0,0.129895,0,29703.1,2048.16
4.872,0,0,-0.0216093,3963.83,266.428,0,0,0.130751,0,29744.3,2051.13
4.873,0,0,-0.0214781,3969.81,268.16,0,0,0.131601,0,29785.9,2054.12
4.874,0,0,-0.0213461,3975.81,269.88,0,0,0.132446,0,29827.9,2057.14
4.875,0,0,-0.0212132,3981.84,271.59,0,0,0.133286,0,29870.2,2060.18
4.876,0,0,-0.0210795,3987.91,273.29,0,0,0.134121,0,29912.9,2063.25
4.877,0,0,-0.020945,3993.99,274.978,0,0,0.134951,0,29955.9,2066.35
4.878,0,0,-0.0208096,4000.11,276.656,0,0,0.135775,0,29999.3,2069.47
4.879,0,0,-0.0206734,4006.26,278.323,0,0,0.136594,0,30043,2072.62
4.88,0,0,-0.0205364,4012.43,279.978,0,0,0.137407,0,30087.1,2075.79
4.881,0,0,-0.0203986,4018.63,281.623,0,0,0.138215,0,30131.5,2078.99
4.882,0,0,-0.02026,4024.86,283.257,0,0,0.139018,0,30176.3,2082.21
4.883,0,0,-0.0201206,4031.11,284.879,0,0,0.139815,0,30221.5,2085.46
4.884,0,0,-0.0199804,4037.4,286.491,0,0,0.140607,0,30267,2088.73
4.885,0,0,-0.0198394,4043.71,288.091,0,0,0.141393,0,30312.8,2092.04
4.886,0,0,-0.0196976,4050.05,289.679,0,0,0.142173,0,30359.1,2095.36
4.887,0,0,-0.019555,4056.42,291.256,0,0,0.142948,0,30405.6,2098.71
4.888,0,0,-0.0194117,4062.81,292.822,0,0,0.143717,0,30452.6,2102.09
4.889,0,0,-0.0192676,4069.23,294.376,0,0,0.144481,0,30499.9,2105.5
4.89,0,0,-0.0191227,4075.68,295.919,0,0,0.145238,0,30547.5,2108.93
4.891,0,0,-0.0189771,4082.15,297.45,0,0,0.14599,0,30595.5,2112.38
4.892,0,0,-0.0188307,4088.65,298.969,0,0,0.146737,0,30643.9,2115.87
4.893,0,0,-0.0186836,4095.18,300.476,0,0,0.147477,0,30692.6,2119.37
4.894,0,0,-0.0185358,4101.74,301.971,0,0,0.148212,0,30741.7,2122.91
4.895,0,0,-0.0183872,4108.32,303.455,0,0,0.148941,0,30791.1,2126.47
4.896,0,0,-0.0182379,4114.92,304.927,0,0,0.149664,0,30840.9,2130.05
4.897,0,0,-0.0180879,4121.56,306.386,0,0,0.150381,0,30891,2133.66
4.898,0,0,-0.0179371,4128.22,307.834,0,0,0.151092,0,30941.5,2137.3
4.899,0,0,-0.0177857,4134.9,309.269,0,0,0.151797,0,30992.4,2140.96
4.9,0,0,-0.0176336,4141.62,310.692,0,0,0.152496,0,31043.6,2144.65
4.901,0,0,-0.0174807,4148.35,312.103,0,0,0.153189,0,31095.2,2148.37
4.902,0,0,-0.0173272,4155.12,313.502,0,0,0.153876,0,31147.1,2152.11
4.903,0,0,-0.017173,4161.91,314.888,0,0,0.154557,0,31199.4,2155.88
4.904,0,0,-0.0170181,4168.72,316.262,0,0,0.155232,0,31252.1,2159.67
4.905,0,0,-0.0168625,4175.56,317.623,0,0,0.155901,0,31305.1,2163.49
4.906,0,0,-0.0167063,4182.43,318.972,0,0,0.156564,0,31358.5,2167.33
4.907,0,0,-0.0165494,4189.32,320.308,0,0,0.15722,0,31412.2,2171.2
4.908,0,0,-0.0163918,4196.23,321.631,0,0,0.15787,0,31466.3,2175.1
4.909,0,0,-0.0162336,4203.17,322.942,0,0,0.158514,0,31520.7,2179.02
4.91,0,0,-0.0160748,4210.14,324.241,0,0,0.159152,0,31575.5,2182.97
4.911,0,0,-0.0159153,4217.12,325.526,0,0,0.159784,0,31630.7,2186.95
4.912,0,0,-0.0157552,4224.14,326.798,0,0,0.160409,0,31686.2,2190.95
4.913,0,0,-0.0155945,4231.18,328.058,0,0,0.161028,0,31742.1,2194.98
4.914,0,0,-0.0154332,4238.24,329.305,0,0,0.16164,0,31798.3,2199.03
4.915,0,0,-0.0152712,4245.32,330.538,0,0,0.162246,0,31854.9,2203.11
4.916,0,0,-0.0151087,4252.43,331.759,0,0,0.162846,0,31911.8,2207.21
4.917,0,0,-0.0149456,4259.56,332.967,0,0,0.163439,0,31969.1,2211.35
4.918,0,0,-0.0147818,4266.72,334.161,0,0,0.164026,0,32026.8,2215.5
4.919,0,0,-0.0146175,4273.9,335.342,0,0,0.164606,0,32084.8,2219.68
4.92,0,0,-0.0144526,4281.1,336.51,0,0,0.16518,0,32143.2,2223.89
4.921,0,0,-0.0142871,4288.33,337.665,0,0,0.165747,0,32201.9,2228.13
4.922,0,0,-0.0141211,4295.58,338.807,0,0,0.166308,0,32261,2232.39
4.923,0,0,-0.0139545,4302.85,339.935,0,0,0.166862,0,32320.4,2236.68
4.924,0,0,-0.0137874,4310.14,341.049,0,0,0.16741,0,32380.2,2240.99
4.925,0,0,-0.0136197,4317.46,342.151,0,0,0.167951,0,32440.4,2245.33
4.926,0,0,-0.0134515,4324.8,343.238,0,0,0.168485,0,32500.9,2249.69
4.927,0,0,-0.0132827,4332.16,344.312,0,0,0.169013,0,32561.8,2254.08
4.928,0,0,-0.0131135,4339.54,345.373,0,0,0.169534,0,32623,2258.5
4.929,0,0,-0.0129437,4346.95,346.42,0,0,0.170048,0,32684.5,2262.94
4.93,0,0,-0.0127734,4354.37,347.453,0,0,0.170556,0,32746.5,2267.41
4.931,0,0,-0.0126026,4361.82,348.473,0,0,0.171057,0,32808.8,2271.9
4.932,0,0,-0.0124313,4369.28,349.479,0,0,0.171551,0,32871.4,2276.42
4.933,0,0,-0.0122595,4376.77,350.471,0,0,0.172038,0,32934.4,2280.97
4.934,0,0,-0.0120872,4384.28,351.449,0,0,0.172519,0,32997.7,2285.54
4.935,0,0,-0.0119144,4391.81,352.414,0,0,0.172993,0,33061.4,2290.13
4.936,0,0,-0.0117412,4399.36,353.364,0,0,0.17346,0,33125.5,2294.76
4.937,0,0,-0.0115675,4406.93,354.301,0,0,0.17392,0,33189.9,2299.4
4.938,0,0,-0.0113934,4414.52,355.223,0,0,0.174373,0,33254.6,2304.08
4.939,0,0,-0.0112188,4422.13,356.132,0,0,0.174819,0,33319.7,2308.78
4.94,0,0,-0.0110437,4429.76,357.026,0,0,0.175259,0,33385.2,2313.5
4.941,0,0,-0.0108683,4437.41,357.907,0,0,0.175691,0,33451,2318.25
4.942,0,0,-0.0106924,4445.07,358.773,0,0,0.176117,0,33517.1,2323.03
4.943,0,0,-0.010516,4452.76,359.625,0,0,0.176535,0,33583.6,2327.83
4.944,0,0,-0.0103393,4460.46,360.463,0,0,0.176947,0,33650.5,2332.66
4.945,0,0,-0.0101621,4468.19,361.287,0,0,0.177352,0,33717.7,2337.51
4.946,0,0,-0.00998459,4475.93,362.096,0,0,0.17775,0,33785.2,2342.39
4.947,0,0,-0.00980664,4483.69,362.891,0,0,0.17814,0,33853.1,2347.29
4.948,0,0,-0.00962831,4491.46,363.672,0,0,0.178524,0,33921.3,2352.22
4.949,0,0,-0.0094496,4499.26,364.439,0,0,0.1789,0,33989.9,2357.17
4.95,0,0,-0.00927051,4507.07,365.191,0,0,0.17927,0,34058.8,2362.15
4.951,0,0,-0.00909106,4514.9,365.929,0,0,0.179632,0,34128.1,2367.15
4.952,0,0,-0.00891125,4522.74,366.652,0,0,0.179988,0,34197.7,2372.18
4.953,0,0,-0.00873109,4530.61,367.361,0,0,0.180336,0,34267.7,2377.23
4.954,0,0,-0.00855058,4538.48,368.055,0,0,0.180677,0,34338,2382.31
4.955,0,0,-0.00836973,4546.38,368.735,0,0,0.181011,0,34408.6,2387.42
4.956,0,0,-0.00818856,4554.29,369.401,0,0,0.181338,0,34479.6,2392.55
4.957,0,0,-0.00800706,4562.21,370.051,0,0,0.181658,0,34550.9,2397.7
4.958,0,0,-0.00782525,4570.15,370.687,0,0,0.18197,0,34622.6,2402.88
4.959,0,0,-0.00764312,4578.11,371.309,0,0,0.182275,0,34694.5,2408.08
4.96,0,0,-0.0074607,4586.08,371.916,0,0,0.182574,0,34766.9,2413.31
4.961,0,0,-0.00727798,4594.06,372.508,0,0,0.182865,0,34839.5,2418.56
4.962,0,0,-0.00709497,4602.06,373.086,0,0,0.183148,0,34912.5,2423.84
4.963,0,0,-0.00691168,4610.07,373.648,0,0,0.183425,0,34985.9,2429.14
4.964,0,0,-0.00672812,4618.1,374.196,0,0,0.183694,0,35059.5,2434.46
4.965,0,0,-0.0065443,4626.14,374.73,0,0,0.183956,0,35133.5,2439.81
4.966,0,0,-0.00636021,4634.19,375.248,0,0,0.184211,0,35207.9,2445.19
4.967,0,0,-0.00617588,4642.26,375.752,0,0,0.184458,0,35282.5,2450.59
4.968,0,0,-0.0059913,4650.34,376.241,0,0,0.184698,0,35357.5,2456.01
4.969,0,0,-0.00580648,4658.43,376.715,0,0,0.184931,0,35432.8,2461.46
4.97,0,0,-0.00562144,4666.53,377.174,0,0,0.185157,0,35508.5,2466.93
4.971,0,0,-0.00543617,4674.64,377.618,0,0,0.185375,0,35584.4,2472.42
4.972,0,0,-0.00525069,4682.77,378.048,0,0,0.185586,0,35660.7,2477.94
4.973,0,0,-0.005065,4690.9,378.462,0,0,0.18579,0,35737.3,2483.48
4.974,0,0,-0.00487911,4699.05,378.862,0,0,0.185986,0,35814.3,2489.05
4.975,0,0,-0.00469303,4707.21,379.246,0,0,0.186175,0,35891.5,2494.63
4.976,0,0,-0.00450677,4715.37,379.616,0,0,0.186356,0,35969.1,2500.25
4.977,0,0,-0.00432032,4723.55,379.971,0,0,0.186531,0,36047,2505.88
4.978,0,0,-0.00413371,4731.74,380.31,0,0,0.186698,0,36125.2,2511.54
4.979,0,0,-0.00394693,4739.93,380.635,0,0,0.186857,0,36203.7,2517.22
4.98,0,0,-0.00376,4748.14,380.945,0,0,0.187009,0,36282.5,2522.93
4.981,0,0,-0.00357291,4756.35,381.239,0,0,0.187154,0,36361.7,2528.65
4.982,0,0,-0.00338569,4764.57,381.519,0,0,0.187291,0,36441.1,2534.41
4.983,0,0,-0.00319833,4772.8,381.783,0,0,0.187421,0,36520.9,2540.18
4.984,0,0,-0.00301085,4781.03,382.033,0,0,0.187544,0,36600.9,2545.97
4.985,0,0,-0.00282325,4789.28,382.267,0,0,0.187659,0,36681.3,2551.79
4.986,0,0,-0.00263554,4797.53,382.487,0,0,0.187767,0,36762,2557.63
4.987,0,0,-0.00244772,4805.78,382.691,0,0,0.187867,0,36843,2563.5
4.988,0,0,-0.0022598,4814.04,382.88,0,0,0.18796,0,36924.2,2569.38
4.989,0,0,-0.0020718,4822.31,383.054,0,0,0.188046,0,37005.8,2575.29
4.99,0,0,-0.00188372,4830.59,383.213,0,0,0.188124,0,37087.7,2581.22
4.991,0,0,-0.00169556,4838.86,383.357,0,0,0.188194,0,37169.9,2587.17
4.992,0,0,-0.00150733,4847.15,383.486,0,0,0.188257,0,37252.3,2593.14
4.993,0,0,-0.00131904,4855.44,383.599,0,0,0.188313,0,37335.1,2599.13
4.994,0,0,-0.00113071,4863.73,383.698,0,0,0.188362,0,37418.1,2605.15
4.995,0,0,-0.000942323,4872.02,383.781,0,0,0.188403,0,37501.4,2611.18
4.996,0,0,-0.000753903,4880.32,383.849,0,0,0.188436,0,37585,2617.24
4.997,0,0,-0.000565453,4888.62,383.902,0,0,0.188462,0,37668.9,2623.32
4.998,0,0,-0.000376981,4896.92,383.94,0,0,0.188481,0,37753.1,2629.42
4.999,0,0,-0.000188494,4905.23,383.963,0,0,0.188492,0,37837.6,2635.54
